1108939,7651010,20.426749234331286
1108939,2846462,19.779182408264
1108939,5291621,19.502912155505918
1108939,7575369,19.278680984048098
1108939,5970931,19.23396014609322
1108939,7000936,19.159374427035207
1108939,7880690,19.159374427035207
1108939,3130232,19.04596251663729
1108939,5163856,19.012835747089962
1108939,1957452,18.70450293787461
1108939,5203394,18.697144805850634
1108939,7724054,18.602871197866897
1108939,6238857,18.361885992649526
1108939,8181777,18.333981472514953
1108939,2068541,18.2879501257011
1108939,2764268,18.2614559659687
1108939,5553585,18.2614559659687
1108939,7274049,18.234551161109497
1108939,7423808,18.19921424245197
1108939,4631244,18.100447157038097
1108939,4799672,17.998100528223485
1108939,2453260,17.9683601135656
1108939,1742847,17.941656079307922
1108939,2194177,17.938629235158935
1108939,5696659,17.893812818153222
1108939,4404545,17.83886672068753
1108939,4326783,17.838243846991457
1108939,1835131,17.838243846991457
1108939,6871640,17.781746149965038
1108939,1231448,17.728736622245098
1108939,6707713,17.70042300472747
1108939,1224789,17.615176401833743
1108939,6669588,17.601473596625283
1108939,6551140,17.583745965108502
1108939,6758075,17.550463683986
1108939,2735037,17.49661904364822
1108939,3506104,17.467927508603793
1108939,6788178,17.459278875520376
1108939,1448805,17.39268444315354
1108939,6950182,17.342688923322054
1108939,1667520,17.336611511909247
1108939,8596285,17.248856592264325
1108939,6663340,17.24685977889986
1108939,160716,17.17899287736924
1108939,3283059,17.176147743918413
1108939,8629183,17.09651874241609
1108939,6849948,17.070035062775624
1108939,6273537,16.979017611769507
1108939,7889053,16.979017611769507
1108939,119359,16.96531988710579
1108939,4228762,16.96531988710579
1108939,4537644,16.86316467252437
1108939,7352917,16.748924759571825
1108939,2441913,16.748924759571825
1108939,7634011,16.748924759571825
1108939,6679352,16.748924759571825
1108939,5696660,16.733399084440624
1108939,7865321,16.68612382354387
1108939,2152036,16.636263716598663
1108939,6088457,16.636263716598663
1108939,1231450,16.636263716598663
1108939,7628746,16.636263716598663
1108939,4261388,16.636263716598663
1108939,5553584,16.559917209057787
1108939,2464262,16.55987279400378
1108939,140444,16.52514835976818
1108939,2044726,16.461730760961512
1108939,226281,16.415546442971188
1108939,140445,16.415546442971188
1108939,7102724,16.415546442971188
1108939,3259017,16.36625148147224
1108939,6327128,16.336124955118397
1108939,4036410,16.3074266245681
1108939,652415,16.3074266245681
1108939,8269661,16.269133316989816
1108939,8027461,16.269133316989816
1108939,6270008,16.20785926039694
1108939,4036414,16.200758435547574
1108939,5696656,16.095512249031398
1108939,832229,16.0815920712737
1108939,2174238,16.081292789544683
1108939,8451903,15.99165925105942
1108939,7340851,15.95827474806535
1108939,362422,15.957277040791846
1108939,269909,15.834869244099096
1108939,6384444,15.834869244099096
1108939,4310249,15.834869244099096
1108939,1821213,15.808056552617142
1108939,1622855,15.788021462669548
1108939,2695509,15.752066810151037
1108939,7577156,15.714325124318247
1108939,5535163,15.714325124318247
1108939,241978,15.714325124318247
1108939,1979870,15.706819667243106
1108939,7152561,15.682057850840781
1108939,7654081,15.595602440871563
1108939,7911117,15.595602440871563
1108939,6707716,15.584805716743077
1108939,3357548,15.569764451791094
1108939,3445023,15.47866022012996
1112389,4337251,31.7945374894348
1112389,8138765,30.44044044024055
1112389,4931198,29.452852461728753
1112389,8138768,29.2372346334599
1112389,5892677,28.804487343860444
1112389,4337253,27.64104387787339
1112389,8138763,27.015578802864784
1112389,8138769,26.99632642054904
1112389,7817890,26.806567552945058
1112389,7119576,25.87582143362805
1112389,5892681,25.573720935761543
1112389,8138767,24.969335441874456
1112389,952750,24.39052167409582
1112389,5892684,24.282279819484575
1112389,3394196,23.838691659887616
1112389,8138766,23.535457616560553
1112389,7651152,23.423439075756576
1112389,6780773,23.345257568520676
1112389,6780774,23.260150345743888
1112389,5892680,23.0129530214379
1112389,6064417,22.5953629542864
1112389,7651153,22.562968158586656
1112389,8138762,22.472897074058373
1112389,5892682,22.408811376846355
1112389,6746142,22.197515769452103
1112389,4931197,22.1474353885378
1112389,8060371,21.97728625169667
1112389,4337245,21.939986043920793
1112389,8060368,21.907236207448438
1112389,4790816,21.885394529539354
1112389,2472193,21.821545547967233
1112389,6064419,21.740333173760156
1112389,6064420,21.740333173760156
1112389,6064418,21.740333173760156
1112389,2086170,21.642533063616998
1112389,8060375,21.64175716795736
1112389,2086171,21.632352333181803
1112389,4855805,21.585209148320537
1112389,6780771,21.391126346999503
1112389,4790809,21.171017130547423
1112389,1904447,21.042145818269887
1112389,3904149,20.966089430991772
1112389,190722,20.899401427809916
1112389,1357130,20.71275246814009
1112389,6780768,20.509123234501764
1112389,4076,20.31205881284458
1112389,7523035,20.286548059676793
1112389,6667097,20.247870213400674
1112389,7558109,20.213432063793476
1112389,4284832,20.183450973508528
1112389,6199112,20.14601451406237
1112389,3394193,20.140018285478106
1112389,3394197,19.789627090913847
1112389,5222233,19.78647160083382
1112389,452838,19.75850928698911
1112389,452842,19.75850928698911
1112389,452836,19.75850928698911
1112389,452837,19.75850928698911
1112389,452841,19.75850928698911
1112389,8060373,19.63675246542852
1112389,6766060,19.566905754318856
1112389,6766797,19.56383046985733
1112389,7120135,19.562591075538446
1112389,4284833,19.54758859730271
1112389,5290393,19.441493849040256
1112389,6064416,19.43098436347524
1112389,7523036,19.37938883082927
1112389,7523033,19.33288871291529
1112389,5974814,19.3110509336964
1112389,8097868,19.304695147676597
1112389,4337249,19.239403633785923
1112389,164786,19.195431879419715
1112389,4284834,19.179291357373327
1112389,7523038,19.134886533656974
1112389,6832274,19.104372576340637
1112389,7181880,19.09382446017096
1112389,7523034,19.074721925662118
1112389,8634010,19.02921543628648
1112389,6780772,19.02921543628648
1112389,8097877,19.02333113047306
1112389,6199120,18.965512252360906
1112389,4284840,18.933582472413605
1112389,4355897,18.886046146536362
1112389,2107820,18.78154529610981
1112389,7936677,18.77948619914524
1112389,8837646,18.758752016545372
1112389,3394194,18.635878644697613
1112389,4284835,18.606691229199054
1112389,3835495,18.586324052134678
1112389,7558106,18.57918048577475
1112389,1394174,18.56929862291971
1112389,6832269,18.54105138698991
1112389,2622738,18.493250402909794
1112389,1250266,18.492761456816584
1112389,3452268,18.48445896124749
1112389,2639251,18.464865643828734
1112389,5054162,18.437047130788837
1112389,4553542,18.437047130788837
1112389,7651158,18.399292717586818
1112389,4284837,18.381184440967758
792752,6571521,17.08371485701851
792752,8803596,15.511572807873844
792752,8803599,15.15443338996684
792752,8803603,14.081606375386995
792752,8803595,13.430358599707146
792752,8803604,12.235078556761202
792752,8803602,11.814490395040018
792752,8666254,10.794093449797838
792752,8803598,10.156152236267378
792752,5080327,8.736267462692599
792752,6348951,8.46723010700015
792752,5080330,8.415398894748265
1119729,3451057,19.37811430032867
1119729,4037446,18.86821502156747
1119729,4469209,18.528872788437766
1119729,982588,18.403013860195443
1119729,3451055,18.384655176928554
1119729,6098307,18.333607469389317
1119729,5183625,18.224721831425654
1119729,2109505,18.105883618111566
1119729,6083373,18.075374084861842
1119729,5183620,18.03787485532728
1119729,6133909,17.994283091861384
1119729,4469208,17.967967745713146
1119729,4103693,17.929612012772793
1119729,4103696,17.524496091118465
1119729,982580,17.36762916401924
1119729,8068924,17.15902014700886
1119729,330794,16.966987003895056
1119729,8537212,16.92113505589988
1119729,1329432,16.682979636129694
1119729,2159307,16.559155246867732
1119729,1329428,16.512966470921167
1119729,2218822,16.481142955330565
1119729,1765594,16.45362445462766
1119729,3451056,16.408637071950505
1119729,3815397,16.290123075961134
1119729,2159309,16.24988567156436
1119729,5823071,16.20864937054315
1119729,8537204,16.10128527370358
1119729,1303633,16.02310107697444
1119729,2203470,16.02310107697444
1119729,2159303,16.007329892550818
1119729,5875857,15.961804791870108
1119729,2787568,15.817835875765642
1119729,2868515,15.817835875765642
1119729,6178092,15.78795552583587
1119729,6840056,15.76348681159628
1119729,4598093,15.73597831565451
1119729,5183623,15.644901442827006
1119729,8721935,15.641396789175946
1119729,2218829,15.531282733345613
1119729,6523930,15.527040293788723
1119729,3109345,15.509428354746493
1119729,1303638,15.502766565842217
1119729,5875858,15.420791262123023
1119729,528943,15.37668634630317
1119729,5963106,15.374056153663972
1119729,2218823,15.224057625379583
1119729,8537208,15.21598554218619
1119729,524482,15.210589973557171
1119729,7653916,15.206656404141409
1119729,3178016,15.206656404141409
1119729,4836888,15.206656404141409
1119729,2218828,15.183982215564125
1119729,2218824,15.1740715052313
1119729,7030122,15.14831666564449
1119729,6188698,15.122272920813465
1119729,5875854,15.121508810743116
1119729,4594468,15.081349455480051
1119729,2159304,15.021259787891722
1119729,385216,15.015789244446971
1119729,2787567,14.980419983373292
1119729,2787566,14.942523928208205
1119729,4594473,14.935170426991895
1119729,5875859,14.904792106377649
1119729,6244008,14.846770842405725
1119729,3675989,14.78074613994036
1119729,2140466,14.77333945195046
1119729,7808116,14.74901866995502
1119729,2190622,14.713638759580824
1119729,7808120,14.682437189065283
1119729,6178095,14.675046400348378
1119729,5103405,14.658673258146667
1119729,3451053,14.637055622597686
1119729,8537209,14.627175354345926
1119729,4499246,14.525478954880844
1119729,2868518,14.483920534645796
1119729,1329427,14.482888907283144
1119729,2190624,14.46452633705227
1119729,892710,14.463646545163481
1119729,6243999,14.40714495159864
1119729,8557133,14.398158251621172
1119729,5876399,14.371059729989849
1119729,892708,14.371059729989849
1119729,2159310,14.365369694923086
1119729,4469207,14.330973406578718
1119729,1295604,14.279698005009784
1119729,5823068,14.258252922697384
1119729,385220,14.237390025492866
1119729,7775044,14.229759967158467
1119729,5876400,14.189536355705641
1119729,3270998,14.185072971669525
1119729,8557131,14.147084801094044
1119729,8557136,14.112716494749787
1119729,6083378,14.100550463858772
1119729,2079702,14.100550463858772
1119729,4882027,14.080118161366403
1119729,385212,14.046071346992946
1119729,4979934,14.012716682936826
1119729,6284327,14.012716682936826
1119729,5875856,14.010428064186407
1105095,8208165,29.310465213240875
1105095,8208159,27.204654188510794
1105095,8208163,24.349694842107247
1105095,8208160,21.93440822478032
1105095,6847368,21.60566738266001
1105095,3598032,21.109208365994785
1105095,4806819,21.02904540095551
1105095,3598029,20.92610774923009
1105095,2938192,20.84710153552583
1105095,6620151,20.74894741564369
1105095,8208161,20.74269902282897
1105095,7576781,20.690120297685816
1105095,7576784,20.3471157809697
1105095,4404524,20.273111796752488
1105095,6920718,19.97729287709351
1105095,5647522,19.87393820683843
1105095,8013005,19.729286485575237
1105095,2475407,19.351278621936128
1105095,4285557,19.322650102321855
1105095,8208162,19.231104649846294
1105095,7576785,19.13313313694384
1105095,4885304,19.04581588019831
1105095,8454268,18.93579422389391
1105095,5382334,18.93579422389391
1105095,6990777,18.896830643977594
1105095,4285554,18.83477707710007
1105095,3563994,18.834180433839954
1105095,4702616,18.78394556909756
1105095,5977790,18.738846533010033
1105095,3356378,18.62509432209909
1105095,2470961,18.471358125510513
1105095,520921,18.44155414065345
1105095,6391424,18.415801797630834
1105095,3598870,18.310020727317394
1105095,3266631,18.223595100828312
1105095,1395150,18.22256996303835
1105095,3563995,18.190506499414646
1105095,7465882,18.112351524682904
1105095,5927230,18.054307506690826
1105095,3607586,18.007721556556074
1105095,1585143,17.968413393455986
1105095,7336486,17.873996570953018
1105095,8178605,17.770492659125736
1105095,1267260,17.58463485284603
1105095,8133813,17.541965163554064
1105095,4922234,17.43018933063829
1105095,3159703,17.43018933063829
1105095,43779,17.3923087787605
1105095,8520703,17.35764927384614
1105095,6497976,17.31153311418103
1105095,5179488,17.27991133029932
1105095,4817694,17.27991133029932
1105095,4285556,17.2705348489703
1105095,5977793,17.27007653925618
1105095,6243243,17.250578206663974
1105095,8208164,17.137607027146547
1105095,7465881,17.127162435380605
1105095,2582314,17.12169560261072
1105095,4302854,17.1120282353114
1105095,5077534,17.02369730951482
1105095,3787902,17.008628855554527
1105095,7962997,16.98824802183956
1105095,6243244,16.8941590207877
1105095,2562335,16.713037325750324
1105095,4922239,16.706041190369145
1105095,5382330,16.703382627596387
1105095,7473373,16.647925298611895
1105095,5432154,16.635819980709442
1105095,8208167,16.630147189778704
1105095,5382329,16.58884478124311
1105095,8208166,16.504505414846317
1105095,3992342,16.489236524676734
1105095,5977788,16.471042597632113
1105095,1234935,16.450481892552904
1105095,8788762,16.396140190593666
1105095,5284467,16.321318306069077
1105095,4062107,16.271463956315085
1105095,2536853,16.20885205480493
1105095,4285555,16.156609384358614
1105095,3539079,16.152881687348263
1105095,5727545,16.152881687348263
1105095,6916673,16.133030658608284
1105095,8178600,16.009308844958404
1105095,773275,15.979386624322881
1105095,2934880,15.9131056885195
1105095,773272,15.858513667297096
1105095,2372153,15.853038643420241
1105095,160997,15.824329308297273
1105095,5692067,15.824329308297273
1105095,8770669,15.679713919966709
1105095,7711396,15.677398894503442
1105095,4540743,15.659048582686736
1105095,3598038,15.59926002620841
1105095,584018,15.599141345386132
1105095,4922715,15.587014691170461
1105095,6968552,15.55515263678262
1105095,7116361,15.547426855612
1105095,5981942,15.540627875704631
1105095,2502685,15.539752539315984
1105095,2582313,15.501079939070792
1105103,8208072,19.178712935431047
1105103,1889605,18.259676779258903
1105103,6160855,16.186019609151984
1105103,1889607,16.054639791228425
1105103,7868573,14.97014059764183
1105103,2418846,14.718072055770815
1105103,7267548,14.584516648676077
1105103,1529274,14.529093547611813
1105103,1223224,14.33090718213251
1105103,8208070,14.317201163681036
1105103,5545111,14.189488693244282
1105103,2542397,14.176588653070265
1105103,8570826,14.176588653070265
1105103,3145742,14.154595170099022
1105103,4861906,14.106172337881368
1105103,3089693,14.058803024439007
1105103,3089690,14.058803024439007
1105103,1889599,14.038903347214196
1105103,7119919,13.979164654477222
1105103,3314174,13.912628149670706
1105103,8602528,13.908884177695072
1105103,2301013,13.894555975248984
1105103,6526458,13.861922226460205
1105103,4861913,13.776931730580225
1105103,193847,13.758724960383834
1105103,1736802,13.6277496634466
1105103,4184557,13.539468409689121
1105103,8487374,13.474964697034268
1105103,8020700,13.393330939541336
1105103,3557805,13.391996163752221
1105103,1311188,13.36426025660277
1105103,3206054,13.300653890033939
1105103,1713005,13.300653890033939
1105103,8061668,13.263901728244036
1105103,1387070,13.186009623209756
1105103,3145741,13.13843288301891
1105103,4184559,13.121271978970444
1105103,7218588,13.119355611867421
1105103,1144436,13.08973191387486
1105103,497807,13.089305183357492
1105103,5545114,13.084861446242192
1105103,709105,13.05365475302496
1105103,5983567,13.030642928109899
1105103,8208073,13.026736255682883
1105103,2540676,12.943182880495097
1105103,2144493,12.943182880495097
1105103,791536,12.913243996402105
1105103,7251764,12.856947823922876
1105103,1539595,12.826255258092909
1105103,6717786,12.826255258092909
1105103,7228998,12.80386555766573
1105103,7084093,12.771910955749478
1105103,7279380,12.719486339592189
1105103,6057316,12.698454840294715
1105103,2469314,12.698454840294715
1105103,8656733,12.698454840294715
1105103,8037206,12.698454840294715
1105103,7766175,12.605328590135663
1105103,1737589,12.57317609558456
1105103,1737591,12.57317609558456
1105103,4602335,12.57317609558456
1105103,7886400,12.57317609558456
1105103,7728267,12.532018557735558
1105103,8020698,12.523733410859329
1105103,2791912,12.486748337791282
1105103,4586191,12.452237236065905
1105103,7534132,12.419998362306714
1105103,5763211,12.419998362306714
1105103,1215164,12.418078945153063
1105103,7561323,12.404637797161257
1105103,4656672,12.384560166392877
1105103,7370466,12.339564694779611
1105103,8227282,12.329890866075596
1105103,3973159,12.329890866075596
1105103,4847459,12.316713761431659
1105103,1144156,12.285448919655032
1105103,7738277,12.26403161946229
1105103,3145748,12.250936005951488
1105103,2167509,12.239191475616348
1105103,395559,12.21174501470039
1105103,6080582,12.208113120515014
1105103,5864892,12.208113120515014
1105103,3145743,12.195845851166577
1105103,5957769,12.183933495655054
1105103,853826,12.163876002143654
1105103,5481101,12.13178777176026
1105103,8799671,12.13178777176026
1105103,605291,12.095841837011651
1105103,2850965,12.056452341529937
1105103,8183752,12.056452341529937
1105103,1021887,12.039900461112746
1105103,8061672,12.036852039539705
1105103,2655093,11.99224669373464
1105103,10513,11.99224669373464
1105103,7471361,11.99224669373464
1105103,103519,11.99224669373464
1105103,2995055,11.99224669373464
1105103,7832416,11.99224669373464
1105103,3369920,11.99224669373464
1105103,722248,11.982086872190173
1128373,8656493,22.871629860373503
1128373,7630511,15.02009398312806
1128373,5814751,14.881742832649724
1128373,6702197,11.735619229531773
1128373,8656497,11.263784732228471
1128373,8656499,11.173934378239656
1128373,5281148,11.173934378239656
1128373,7175865,9.636536073781874
1128373,3980915,9.378463432725903
1128373,1782963,8.080118737138173
1128373,4254836,6.307045688890693
1128373,3884881,6.1186368190304306
1128373,1941266,6.115477379886749
1128373,97739,6.107681655512375
1128373,5125375,6.004795923869723
1128373,8085708,5.9779124499496925
1128373,7678189,5.940731605714097
1128373,6820615,5.940731605714097
1128373,491120,5.940731605714097
1128373,542347,5.940731605714097
1128373,6782345,5.940731605714097
1128373,3884882,5.922972397289762
1128373,7208948,5.911318287094973
1128373,4682759,5.911318287094973
1128373,2034187,5.890863977860859
1128373,8074471,5.877064527105585
1128373,617668,5.877064527105585
1128373,3152904,5.877064527105585
1128373,3219547,5.877064527105585
1128373,3363729,5.877064527105585
1128373,1114080,5.877064527105585
1128373,1331326,5.877064527105585
1128373,2213812,5.877064527105585
1128373,2476773,5.877064527105585
1128373,2942442,5.877064527105585
1128373,1857666,5.877064527105585
1128373,7792356,5.877064527105585
1128373,2178330,5.877064527105585
1128373,1618969,5.877064527105585
1128373,1725357,5.877064527105585
1128373,6767150,5.877064527105585
1128373,3983276,5.877064527105585
1128373,7272856,5.877064527105585
1128373,8609679,5.877064527105585
1128373,7370319,5.877064527105585
1128373,7466871,5.877064527105585
1128373,5227680,5.877064527105585
1128373,5371380,5.877064527105585
1128373,5430008,5.877064527105585
1128373,6546266,5.877064527105585
1128373,37595,5.877064527105585
1128373,385859,5.877064527105585
1128373,4659772,5.877064527105585
1128373,4335375,5.877064527105585
1128373,526577,5.877064527105585
1128373,5484838,5.877064527105585
1128373,4840263,5.877064527105585
1128373,4843649,5.877064527105585
1128373,499216,5.877064527105585
1128373,6694981,5.877064527105585
1128373,1935431,5.877064527105585
1128373,317313,5.877064527105585
1128373,332773,5.877064527105585
1128373,5630800,5.877064527105585
1128373,8146836,5.877064527105585
1128373,8386260,5.877064527105585
1128373,8050441,5.877064527105585
1128373,8339485,5.877064527105585
1128373,836259,5.877064527105585
1128373,1721919,5.877064527105585
1128373,1762465,5.877064527105585
1128373,6087979,5.877064527105585
1128373,2135122,5.877064527105585
1128373,55905,5.877064527105585
1128373,5680352,5.877064527105585
1128373,996938,5.877064527105585
1128373,6958665,5.877064527105585
1128373,4262451,5.877064527105585
1128373,6349699,5.877064527105585
1128373,947067,5.877064527105585
1128373,186957,5.877064527105585
1128373,20073,5.877064527105585
1128373,2009826,5.877064527105585
1128373,4165838,5.877064527105585
1128373,418065,5.877064527105585
1128373,8072547,5.877064527105585
1128373,949720,5.877064527105585
1128373,8083366,5.877064527105585
1128373,452117,5.877064527105585
1128373,7781503,5.877064527105585
1128373,3159911,5.854448379581466
1128373,571001,5.854448379581466
1128373,606492,5.853310347660886
1128373,8146334,5.851866338110322
1128373,3408009,5.836726596514906
1128373,5318402,5.836726596514906
1128373,3864507,5.836726596514906
1128373,567743,5.836726596514906
1128373,8530759,5.8320056279263905
1128373,3960620,5.827680295521975
1127622,2953604,18.670920310140044
1127622,955245,18.184132639662483
1127622,3627605,17.849171174092078
1127622,8719474,17.64877783671944
1127622,8719473,17.642315818782237
1127622,955246,17.60422066225081
1127622,8089368,17.60422066225081
1127622,1345491,17.44265663904025
1127622,6696954,17.427872676230724
1127622,244617,17.393511140543332
1127622,7208023,17.3520248216362
1127622,2382782,17.250493468879448
1127622,1682047,17.23950153013194
1127622,1419316,17.176934205172252
1127622,8623600,17.130077655290584
1127622,717667,17.10278917966062
1127622,955244,17.10042870253004
1127622,7208030,16.966519921487055
1127622,5899880,16.923971011412416
1127622,4537354,16.914378900692206
1127622,8189477,16.699356259670264
1127622,6438649,16.693288305610565
1127622,2382778,16.62522917688966
1127622,8623605,16.510996981916442
1127622,2953606,16.50324238787178
1127622,8623597,16.50324238787178
1127622,5680798,16.45911162382569
1127622,1345494,16.453560833904138
1127622,4039127,16.406250478247657
1127622,4657093,16.314492749622744
1127622,2711483,16.306891074576612
1127622,8802879,16.20325302937104
1127622,8623606,16.202274418120854
1127622,8189473,16.170104414105744
1127622,3768873,16.028468754298345
1127622,7489808,16.000471749299898
1127622,1220769,15.990745628995427
1127622,6438651,15.964082335205479
1127622,910236,15.960130933073035
1127622,8719476,15.958128691163132
1127622,6419041,15.958128691163132
1127622,1345497,15.927879486232335
1127622,8189471,15.91441171498434
1127622,3768871,15.86241574101027
1127622,4366747,15.854125688735284
1127622,4082033,15.827524499343845
1127622,1379440,15.827524499343845
1127622,1220767,15.823819922000038
1127622,1345499,15.794347481428451
1127622,6438647,15.788009701224414
1127622,8143744,15.779173700748583
1127622,7354240,15.744904653877597
1127622,7950371,15.744904653877597
1127622,6735157,15.72905394153032
1127622,3768864,15.71938771159316
1127622,3631830,15.713808142402602
1127622,3768865,15.690000107340328
1127622,8454906,15.61799104839979
1127622,1379447,15.615316409820096
1127622,3768868,15.615316409820096
1127622,3382811,15.584793020609752
1127622,1050134,15.56044650158185
1127622,2463910,15.56017604230988
1127622,2205371,15.559018395757885
1127622,3768872,15.516566201513545
1127622,2711475,15.50927401725073
1127622,955250,15.507378993371345
1127622,6696951,15.507378993371345
1127622,8809727,15.458013597087636
1127622,2684201,15.433689907978431
1127622,3631836,15.395443218766204
1127622,1345490,15.38240160417369
1127622,3382813,15.377812007898026
1127622,244613,15.333885189133898
1127622,1682054,15.307942111892169
1127622,8623603,15.296944782058564
1127622,7420002,15.296944782058564
1127622,8164936,15.296944782058564
1127622,7208022,15.292024726519458
1127622,8623601,15.29075692522298
1127622,2711480,15.276913390476995
1127622,5899884,15.271904272118721
1127622,1231622,15.220401901664655
1127622,2711484,15.22036337286124
1127622,8534913,15.21092137314859
1127622,1231618,15.186049196648291
1127622,955252,15.156355241211608
1127622,6735155,15.153747133831185
1127622,5680799,15.152999432459398
1127622,5899881,15.135502941680013
1127622,4107694,15.123301412317833
1127622,7208021,15.088810462667617
1127622,8742652,15.078555277919705
1127622,3936323,15.059649173147843
1127622,5899886,15.052120263617269
1127622,7216126,15.027056382344583
1127622,1674306,15.020711304290614
1127622,3790073,15.020711304290614
1127622,5899878,15.015504401001545
1127622,8623604,15.00711594318609
1124979,8011232,15.046334313250494
1124979,1612110,14.51825139013047
1124979,4778057,12.832386040340385
1124979,6547158,12.648629525671517
1124979,5149912,12.24338590111873
1124979,2370472,11.857827138569156
1124979,4431292,11.782061998890253
1124979,6442770,11.601034699766874
1124979,2174891,11.41784830119003
1124979,1564609,11.304488792643276
1124979,3077630,11.278623831294322
1124979,2112101,11.115072964356496
1124979,8015184,11.022725634708342
1124979,7878582,10.931900159165668
1124979,4310279,10.842559225679032
1124979,8001800,10.842559225679032
1124979,8187569,10.754666732042166
1124979,800181,10.668187737249827
1124979,1661393,10.668187737249827
1124979,8222403,10.583088415183738
1124979,7744314,10.49933601049764
1124979,1129104,10.49933601049764
1124979,3511647,10.49933601049764
1124979,367261,10.416898796580604
1124979,3390977,10.335746035485286
1124979,5927094,10.177175635767915
1124979,5927093,10.099701129350636
1124979,959990,10.099701129350636
1124979,6483487,10.023397272163
1124979,1628653,9.948237730181463
1124979,5757748,9.864327297242136
1124979,8815859,9.801250146657246
1124979,953791,9.801250146657246
1124979,5447206,9.781212624755781
1124979,3528060,9.72937324238082
1124979,6142292,9.713407226708227
1124979,4423307,9.68162352963032
1124979,8613731,9.675087311785477
1124979,8016251,9.533625030410262
1124979,6764071,9.494478266140542
1124979,6595041,9.405660931585553
1124979,6019977,9.35314978780138
1124979,5447207,9.321120573098465
1124979,1430040,9.31931718276928
1124979,1567396,9.31323301530167
1124979,5447205,9.312035520561668
1124979,835872,9.291533681345024
1124979,2796241,9.288397059744678
1124979,3894494,9.266708732711288
1124979,4691773,9.262134023374037
1124979,1567399,9.232919827493024
1124979,835868,9.217984400727477
1124979,5447202,9.184928612881151
1124979,1165667,9.09397610365586
1124979,1567392,9.08957031060091
1124979,3894501,9.08957031060091
1124979,2974712,9.061432905454613
1124979,7582347,9.039064801511529
1124979,1830484,9.039064801511529
1124979,2237809,9.005677487448617
1124979,7114870,9.005677487448617
1124979,1567394,8.978056288545963
1124979,891818,8.978056288545963
1124979,891817,8.95060400482154
1124979,4263160,8.95060400482154
1124979,658986,8.95060400482154
1124979,1567400,8.923319091518378
1124979,1891128,8.91060510322609
1124979,8706384,8.904145414194488
1124979,2237805,8.896200022658322
1124979,582184,8.882530041537764
1124979,6240386,8.837719761306442
1124979,6551433,8.83636822197818
1124979,1002713,8.823482247684598
1124979,1567391,8.81582289869944
1124979,2237804,8.81582289869944
1124979,7589633,8.797107911968553
1124979,3901806,8.789352313557254
1124979,6356340,8.789352313557254
1124979,8638791,8.776456660044262
1124979,1272203,8.763040214870882
1124979,6660171,8.750778543151089
1124979,2239597,8.741511399015927
1124979,8638788,8.741511399015927
1124979,2239594,8.710885817346462
1124979,3901804,8.710885817346462
1124979,4165575,8.706843317777885
1124979,6660167,8.698769564327709
1124979,1360646,8.676824211720875
1124979,891823,8.672449131543798
1124979,6356344,8.647375148532571
1124979,3948495,8.63380793566641
1124979,6142291,8.63380793566641
1124979,3810789,8.631099600164985
1124979,3948494,8.608417537097315
1124979,3392144,8.583176037378813
1124979,8601841,8.546386943051523
1124979,7857537,8.539516265382716
1124979,4597308,8.539516265382716
1124979,1434376,8.510647663143342
885490,4407503,23.046755564267055
885490,3401433,20.370374624606104
885490,3878625,20.139113445507025
885490,773341,19.981501129604432
885490,7884561,19.853905615260818
885490,5383142,19.544384592683016
885490,2157777,19.310065346080506
885490,8821100,18.959384378715598
885490,1242699,18.80712435367259
885490,6728726,18.494613996252188
885490,3913497,18.44488467694452
885490,2927840,18.270732343213886
885490,7281792,18.03451774630353
885490,2205266,17.9993011573031
885490,4147584,17.899748281742227
885490,1296972,17.680489182294423
885490,2927843,17.415825922065068
885490,4485270,17.276526969813624
885490,7732091,17.207898947609124
885490,2610098,17.00059030376006
885490,2551933,16.91170744467194
885490,3116348,16.817878773651152
885490,6715491,16.817878773651152
885490,1888456,16.793883403617237
885490,3963549,16.748335087363493
885490,4662043,16.703042992184727
885490,4485265,16.668024854925633
885490,3003040,16.642682245208853
885490,7711419,16.323268603613762
885490,8148615,16.3036965430651
885490,2551937,16.28717411144951
885490,3913494,16.1624722754022
885490,2642410,16.115055423053366
885490,2551936,16.0419780901901
885490,5216286,15.97313283348057
885490,8750534,15.965678030666256
885490,2642406,15.946536505711244
885490,8821099,15.946536505711244
885490,2551932,15.905809279198223
885490,5091444,15.896744000099357
885490,8821101,15.781505597194272
885490,3955886,15.70727808810135
885490,4713675,15.705914849644444
885490,489622,15.700264479098987
885490,6779398,15.687230854059017
885490,7307418,15.636529449779665
885490,7252658,15.619855514399056
885490,7330373,15.619855514399056
885490,2551930,15.540265982612066
885490,8145144,15.527458898622712
885490,5091442,15.479966131459788
885490,8821105,15.447212769369612
885490,3825895,15.419899421686992
885490,1888454,15.383495619090846
885490,3878629,15.383495619090846
885490,6828044,15.383495619090846
885490,2927849,15.19703978095981
885490,5510688,15.093253192560217
885490,4458705,15.04444007862505
885490,5994936,15.005067431546316
885490,5491912,15.0041611516037
885490,2551928,14.931605061478304
885490,8604619,14.880320985183362
885490,7884261,14.880320985183362
885490,7941299,14.778507604515319
885490,3929151,14.738880495596254
885490,8821103,14.644810616339964
885490,7624824,14.462214779407528
885490,262599,14.391811113260411
885490,942453,14.35425803393374
885490,4296943,14.35425803393374
885490,1500302,14.318735141782366
885490,6766318,14.298105326586645
885490,3878624,14.298105326586645
885490,2161519,14.234697423634156
885490,562095,14.170910951532818
885490,475415,14.168568007399161
885490,5925566,14.132755199432905
885490,4962156,14.114466195793081
885490,3283564,14.09275403124937
885490,4861828,14.088989040229988
885490,8821102,14.072591433829093
885490,3429785,14.058080183677522
885490,1278123,14.024480534401928
885490,3615541,13.996634337963684
885490,2363951,13.983444261166131
885490,8821097,13.943911983447938
885490,7457039,13.941352564457677
885490,1888452,13.935683839611729
885490,2265629,13.92626331600989
885490,6852183,13.92626331600989
885490,4706921,13.92371713291466
885490,3331428,13.85454751700792
885490,3140319,13.848051775346594
885490,2555494,13.82406282320951
885490,5484507,13.813397188487194
885490,562096,13.801097158259559
885490,864485,13.726812001918583
885490,918168,13.6790929850146
885490,7414067,13.676187579567777
1119827,8067976,32.86128954503511
1119827,8067974,31.97436981537171
1119827,8067978,29.17157469941648
1119827,5604317,28.039158700033752
1119827,5604318,27.439663685142694
1119827,5604315,26.243600914786143
1119827,5604324,25.182673104187014
1119827,8067975,24.606753134446958
1119827,5604321,23.254326162928113
1119827,5604322,23.07316353359046
1119827,5604323,23.05019167505846
1119827,5604316,22.719176433703876
1119827,8067980,22.719176433703876
1119827,5604320,22.291408789619965
1119827,5604319,21.561398514977427
1119827,8067981,20.659006346448038
1119827,3586227,18.468936570569724
1119827,6600080,17.72102346406959
1119827,5101640,17.641750657854725
1119827,8723726,17.3572873176774
1119827,556275,17.307299446477423
1119827,8723724,16.961474607513622
1119827,3736216,16.536650830835534
1119827,7289871,16.336386563585567
1119827,8735884,16.222724033807207
1119827,7028204,16.162548495942648
1119827,8735882,16.064838310495965
1119827,8249599,16.042681383083483
1119827,1526425,15.95700132114348
1119827,8735883,15.706695743083497
1119827,6097218,15.472897075532277
1119827,5101637,15.27334691930038
1119827,2255093,14.96989672377974
1119827,4016964,14.908824471562966
1119827,2185540,14.902677438840081
1119827,8735885,14.878657811849335
1119827,2282705,14.659946651490046
1119827,4690115,14.451366048848026
1119827,1572341,14.3893420022466
1119827,7028202,14.291506194716934
1119827,7289867,14.270236639983587
1119827,4241754,14.13383987937589
1119827,7090048,14.115212482664884
1119827,6097216,14.110946684699961
1119827,5101642,14.10241605667718
1119827,8723723,14.071732787957318
1119827,4844319,14.071732787957318
1119827,6796901,14.056416406474325
1119827,8595809,14.008200566187522
1119827,4844313,13.997955056751795
1119827,2428489,13.967314458402459
1119827,8723722,13.944634430946255
1119827,7289868,13.905453973985828
1119827,7551210,13.879460614211363
1119827,8320017,13.875949459018477
1119827,4892596,13.856288437028383
1119827,4339831,13.839030226778988
1119827,3547615,13.759232867979646
1119827,8249591,13.662286697502282
1119827,4754570,13.589058128831695
1119827,6693275,13.572324847442761
1119827,6314926,13.513206099828906
1119827,820192,13.507399609721613
1119827,8417343,13.467529040878881
1119827,3736214,13.452917672205622
1119827,3510841,13.44237170481292
1119827,3857628,13.414575244169312
1119827,5239235,13.403556236590617
1119827,8456597,13.292809185228306
1119827,5753785,13.28117625115826
1119827,6963870,13.278172295808641
1119827,448116,13.27234301862914
1119827,6314919,13.253671544257177
1119827,8232264,13.246047066237821
1119827,8795764,13.244711536336196
1119827,345720,13.225992436879194
1119827,430684,13.215544099640951
1119827,8249597,13.213417910486537
1119827,3533187,13.204890274768353
1119827,5830201,13.188131844378983
1119827,8456600,13.182108611855655
1119827,1430237,13.181903144329258
1119827,8775105,13.171862005888404
1119827,3486757,13.161990493901577
1119827,3533192,13.161452554656382
1119827,4023277,13.149136761193152
1119827,6556715,13.146116189485909
1119827,4844312,13.127585439030787
1119827,3374238,13.126456086150759
1119827,1746899,13.075712410623694
1119827,4788398,13.07134600082674
1119827,5004506,13.055302804849624
1119827,4394813,13.041256055807358
1119827,8232262,13.041256055807358
1119827,6814105,13.000222276463264
1119827,7051868,12.9632977817185
1119827,2255087,12.958649111419584
1119827,4162518,12.95433579283112
1119827,6851183,12.91067214839848
1119827,8776368,12.902830300108512
190044,7575350,26.695729143036367
190044,411230,26.010648067501737
190044,1353074,25.951118294996007
190044,7354421,25.813654121585262
190044,4060155,25.261327584470315
190044,2600274,25.19883800111429
190044,2234954,24.79008504164395
190044,2600279,24.19888650434705
190044,2313132,24.19888650434705
190044,7354422,24.06551349467302
190044,1970763,23.317522271967157
190044,6779598,22.81404268938756
190044,411238,22.59238358321993
190044,1970765,22.482247288061973
190044,2074834,22.390835986333418
190044,2417583,21.899675270240046
190044,670944,21.23884989401666
190044,6898047,21.23884989401666
190044,2417581,21.148870850780884
190044,8339434,20.899054055901814
190044,6481728,20.82483009677734
190044,3334965,20.820127279926428
190044,1353072,20.693537494043426
190044,1449018,20.35821386888662
190044,1170659,20.33064209060815
190044,411235,20.22137798536325
190044,671308,20.182503963994073
190044,1689451,20.182503963994073
190044,4214517,20.12639577699774
190044,6362865,20.070426888468354
190044,1279585,19.895658196876333
190044,4281058,19.895658196876333
190044,683122,19.88413824118556
190044,2084943,19.88063968768492
190044,7724160,19.82658725298625
190044,4412767,19.825502106631752
190044,671302,19.81630388785616
190044,683121,19.791044518011123
190044,8305789,19.745492286075105
190044,2216218,19.6499176602849
190044,774301,19.625877571981277
190044,1516351,19.549216898508963
190044,758836,19.507841926236274
190044,737316,19.472713243133608
190044,8305788,19.454916499741906
190044,7148455,19.453986247505576
190044,2073150,19.442661493622435
190044,1197426,19.16288370788181
190044,3736743,19.10373503438554
190044,6676475,19.064228832054514
190044,165817,19.052886363435327
190044,4049059,19.020599601026504
190044,6007251,18.998039284006243
190044,3093331,18.901303495214734
190044,1921722,18.868440762018437
190044,8339439,18.850027593882132
190044,6354331,18.77604948430578
190044,165820,18.70283892404666
190044,8318753,18.699229729807353
190044,668248,18.698542219882228
190044,5609566,18.634372407875084
190044,1353076,18.616629370371985
190044,211933,18.616629370371985
190044,351534,18.614136817930284
190044,1505614,18.54645796559988
190044,2074835,18.511425572564303
190044,3002616,18.500315676418946
190044,265156,18.485035053747232
190044,3428532,18.453290257053766
190044,3039552,18.435163602643215
190044,7754990,18.357772701288233
190044,2393446,18.26967258365122
190044,165818,18.26967258365122
190044,4776322,18.17199085359022
190044,4981751,18.17199085359022
190044,6387832,18.141285207390215
190044,1914105,18.075495473287873
190044,5470479,17.847793221338645
190044,5445966,17.83234842850727
190044,4205145,17.829847290700023
190044,1151900,17.806151075837757
190044,4782431,17.76784348401476
190044,6779603,17.75896695029427
190044,5605333,17.753996959719196
190044,1193225,17.74768919310361
190044,670023,17.726675766580826
190044,737318,17.722528318234183
190044,737319,17.722528318234183
190044,8829629,17.707124844940942
190044,2074830,17.631559165767083
190044,3628967,17.631559165767083
190044,5087529,17.630661138585353
190044,6782283,17.623086222598225
190044,8497114,17.61002365227634
190044,1318080,17.61002365227634
190044,2234959,17.605475262056917
190044,4782425,17.554846746838336
190044,4281056,17.547582118010183
190044,5445965,17.53847709763391
190044,6724683,17.53576026469656
500575,8322763,17.47798937836675
500575,3798754,17.463189608723404
500575,5680505,14.828451860913557
500575,513001,13.656019385899345
500575,813770,12.929410613205365
500575,6016728,12.732042231764709
500575,4961654,12.732042231764709
500575,8553400,12.159878184147214
500575,3021817,11.951027580218279
500575,1256624,11.940153569622328
500575,7194499,11.897221618265718
500575,1702111,11.825660500941632
500575,1256627,11.3574998840932
500575,4057954,11.326576929287217
500575,1312335,10.939755177176261
500575,2791237,10.936633325907314
500575,1256620,10.913133608341463
500575,7104046,10.771451569012749
500575,2453663,10.75663521691777
500575,8824433,10.740191700789579
500575,708893,10.603494156626171
500575,1256625,10.598429828756872
500575,8553395,10.536179554289781
500575,1632967,10.50467292752848
500575,8558051,10.50467292752848
500575,927012,10.504149059478685
500575,708898,10.46382234892235
500575,7870173,10.383066994168464
500575,8460312,10.34315494677561
500575,1156707,10.225238857594029
500575,5139618,10.162176889108771
500575,927008,10.148110520939218
500575,1256621,10.148110520939218
500575,708900,10.072137021848043
500575,7668976,10.072137021848043
500575,1646727,9.923552319004402
500575,8115516,9.911612429264924
500575,7194494,9.89676061929254
500575,624063,9.89676061929254
500575,708896,9.88708860432608
500575,708895,9.88708860432608
500575,8503144,9.842458940525267
500575,8632003,9.842458940525267
500575,4955411,9.842458940525267
500575,3775856,9.823466668647388
500575,391707,9.815301978937015
500575,3775854,9.77849044512396
500575,1193409,9.746967219397808
500575,1268092,9.743874621018216
500575,708899,9.743874621018216
500575,7194501,9.735623837893058
500575,7870174,9.735623837893058
500575,8294015,9.735623837893058
500575,8362334,9.705923794325964
500575,3775858,9.700905893679387
500575,145438,9.644344347134552
500575,1512973,9.644344347134552
500575,4069258,9.622236245632882
500575,4840638,9.606940675144395
500575,4050842,9.606940675144395
500575,123118,9.594369454693563
500575,4840636,9.591637807198788
500575,138326,9.58867422980245
500575,274662,9.584445248195749
500575,8630063,9.579650175838582
500575,6740716,9.579650175838582
500575,1512976,9.559648710474425
500575,945792,9.551916499528252
500575,407370,9.538302076413393
500575,3145112,9.52876365206393
500575,1702107,9.52876365206393
500575,4840633,9.52876365206393
500575,8824429,9.52876365206393
500575,1640405,9.519306954157381
500575,836450,9.497305291886143
500575,234710,9.497305291886143
500575,6468757,9.495893538070847
500575,411060,9.495893538070847
500575,626629,9.479240060430405
500575,4517437,9.46866369305535
500575,7649408,9.461243423799585
500575,4766891,9.444077045672367
500575,6526206,9.443314992045694
500575,7924485,9.432983123313871
500575,2289599,9.432983123313871
500575,5741577,9.418556430540013
500575,2627681,9.407661198099412
500575,755997,9.399506301427914
500575,8129116,9.389935070650528
500575,7194498,9.379296874684034
500575,2453662,9.379296874684034
500575,258125,9.370900787112422
500575,4238936,9.370900787112422
500575,4134254,9.368976702045297
500575,50479,9.36128825656809
500575,5187787,9.357905995792184
500575,4149213,9.350387872800846
500575,5765629,9.33715523508188
500575,748063,9.335387808950863
500575,4122715,9.330511201762295
883785,4645,25.607098759850853
883785,4644,24.94152729684358
883785,4650,22.800937907267524
883785,4643,21.57000903278166
883785,4648,20.64245343262028
883785,901342,20.16751884753778
883785,8203025,20.047581450498047
883785,5156463,19.756756287015094
883785,8640913,19.130037289748806
883785,8640910,19.09395379717923
883785,7551963,19.069706556811482
883785,7551962,18.612100234491063
883785,4944076,18.604242417851623
883785,8521316,18.53857944765567
883785,2648505,18.464557541238147
883785,5091825,18.433346853308752
883785,3477233,18.414159045088805
883785,709868,18.4109305932617
883785,1956297,18.402882896324666
883785,2641835,18.34427855519755
883785,4642,18.268809404782505
883785,5413024,18.26873005972876
883785,2421649,18.073366361758826
883785,3195327,18.0188354513519
883785,1765851,17.968687514458118
883785,2385475,17.966165030033554
883785,1765844,17.902318355574014
883785,6901982,17.838590504029412
883785,8697809,17.817852553933463
883785,8734130,17.777968079909876
883785,2294140,17.74909446772734
883785,6901981,17.74909446772734
883785,6105389,17.69775744591766
883785,1765852,17.680237021337074
883785,2421654,17.633924139027542
883785,1956291,17.585077697450878
883785,2385476,17.45434671939947
883785,3852180,17.33903834448779
883785,4175276,17.33903834448779
883785,4175278,17.33903834448779
883785,5251278,17.33903834448779
883785,3554476,17.33903834448779
883785,3554469,17.33903834448779
883785,4538965,17.33903834448779
883785,4538967,17.33903834448779
883785,4538968,17.33903834448779
883785,3852182,17.33903834448779
883785,3554471,17.33903834448779
883785,3554472,17.33903834448779
883785,4131573,17.33903834448779
883785,4131574,17.33903834448779
883785,4175274,17.33903834448779
883785,4175275,17.33903834448779
883785,4175277,17.33903834448779
883785,4538966,17.33903834448779
883785,6901980,17.268893703257003
883785,5018419,17.161174677054678
883785,8084743,17.161174677054678
883785,5413026,17.102078116301705
883785,6821155,16.89166892439165
883785,3833374,16.73630080942433
883785,558092,16.320930815758942
883785,2641832,16.238997748398372
883785,7996627,15.580772393202782
883785,1120105,15.578181291762245
883785,2399766,15.552091359344653
883785,6133843,15.486407148468302
883785,6083764,15.44536321421048
883785,1655283,15.250619505897244
883785,52859,15.227994489265944
883785,2394158,15.223313092468757
883785,7881501,15.20555976995692
883785,3378721,15.18703525316499
883785,5148471,14.80475752496383
883785,6111025,14.643691087556368
883785,8696214,14.643691087556368
883785,3906321,14.643691087556368
883785,8615915,14.643691087556368
883785,7079556,14.643691087556368
883785,4012025,14.643691087556368
883785,3199576,14.404679688590084
883785,8048289,14.353672748654029
883785,6262638,14.315527252178168
883785,6262643,14.307523080043804
883785,8084741,14.29783297011667
883785,6262642,14.242283229951472
883785,7227485,14.231934320398153
883785,3472831,14.122962269517185
883785,7220767,13.886968281559025
883785,6995391,13.739637875377507
883785,2796674,13.672973299428756
883785,4646,13.586621300099967
883785,4663943,13.555107900375212
883785,1106580,13.4046886029914
883785,1254982,13.4046886029914
883785,8245022,13.4046886029914
883785,358901,13.402066818756442
883785,3972453,13.34718925056114
883785,7592934,13.34718925056114
883785,2117561,13.34718925056114
264403,6073642,62.17490054879496
264403,3706620,61.67548713596036
264403,1908222,59.54164380911217
264403,6073638,55.78041470158003
264403,3706613,55.42056632503261
264403,3300080,54.28644913440992
264403,3706614,54.06871335094077
264403,7071191,53.59195164356251
264403,4845723,52.06790416348724
264403,8654296,52.01667009156509
264403,6021493,51.57973263548671
264403,3738083,50.826195465522616
264403,1168347,50.80346990488052
264403,8121445,49.62544474571911
264403,8313915,49.555788478358735
264403,3837446,48.849534065700965
264403,1168345,48.272514990396104
264403,832200,47.46223705346532
264403,490401,47.2500408784167
264403,8313913,47.1472838453024
264403,6300135,47.100971987881486
264403,3147479,47.051797753902946
264403,733014,47.04350328567051
264403,6499956,46.99355863244542
264403,5818638,46.92904015878583
264403,667552,46.75538877471729
264403,1718251,46.738893042224916
264403,1317554,46.68759810972959
264403,1908228,46.63513096167336
264403,7630835,46.3075480244131
264403,1815123,45.645002664697074
264403,1317553,45.573291151871615
264403,7071190,45.499103938299655
264403,1079451,45.27239451016112
264403,7587608,45.048441042573515
264403,5771737,45.02802789050136
264403,1322478,44.85174246146825
264403,7071184,44.75978859944878
264403,6073645,44.696155513555524
264403,6073644,44.48227832812932
264403,4987257,44.4564628747369
264403,4790421,44.41170285936231
264403,7322054,44.21375970753503
264403,5846801,44.06994005904784
264403,2123061,43.40027010392105
264403,3681175,43.35158025142313
264403,2472494,43.279944605539725
264403,3251694,43.233009734509935
264403,7135867,43.22605217232858
264403,1815128,43.08172652990509
264403,733016,42.810176172856934
264403,8654297,42.61298844922874
264403,6073643,42.57957262611909
264403,3837445,42.48625686416535
264403,3837442,42.43361022173993
264403,6799206,42.400365468241745
264403,3706617,42.334493111040516
264403,832198,42.0583073729386
264403,606265,42.03027582441486
264403,3706615,41.907011254660084
264403,733011,41.89961071030668
264403,3191753,41.874892192290524
264403,1168342,41.85177505647735
264403,852189,41.765731250104984
264403,3038496,41.70799724503909
264403,3837439,41.56706508951608
264403,68744,41.56706508951608
264403,68738,41.348094959626096
264403,4009896,41.344807438816275
264403,3300075,41.30067775770374
264403,7096509,41.28788778928187
264403,7364045,41.2647588149545
264403,667554,41.1804461837806
264403,3706611,41.1804461837806
264403,8121447,41.084325380701856
264403,329141,41.06924961715775
264403,5462064,41.06276220730585
264403,1168343,41.04589725572619
264403,3706619,41.0184692407617
264403,7364041,40.97589643507585
264403,6154308,40.96034772864546
264403,3147475,40.82696511986245
264403,1859694,40.81984902197172
264403,1929844,40.81395447425044
264403,7747554,40.80185036875409
264403,8654299,40.77534144419572
264403,1929845,40.660034045848576
264403,3370945,40.61631881944935
264403,6154306,40.563911638299736
264403,7747551,40.563911638299736
264403,3617498,40.328836551371474
264403,3959394,40.328836551371474
264403,4859815,40.320673876804904
264403,6073639,40.04366779305511
264403,6591520,39.854587925894414
264403,6521419,39.78415831298414
264403,6300133,39.76314792107049
264403,6173497,39.73364804964285
264403,4202507,39.72139028902795
264403,8632311,39.69712547181982
1108100,2055732,22.808186659117183
1108100,3652404,21.629039713457445
1108100,8831416,18.229868052645333
1108100,7252840,17.66719544066602
1108100,8726006,17.646978589868212
1108100,2950390,17.646440850769444
1108100,1555815,17.266267326957
1108100,624917,16.30970186525223
1108100,1202900,16.159864910198657
1108100,781258,16.106541301437947
1108100,527814,15.93744419646725
1108100,8180320,15.912776584192471
1108100,8180319,15.821673767254449
1108100,2950383,15.77528926854178
1108100,7050731,15.405264854564043
1108100,3803682,15.400386386208137
1108100,2055724,15.333991352887141
1108100,1646424,15.165026497580858
1108100,8632507,15.163002924312874
1108100,8716414,15.139440940772072
1108100,4584072,14.862851731631029
1108100,4584070,14.85615282752493
1108100,7859312,14.747802036331365
1108100,4584069,14.731008176191697
1108100,7276880,14.361133581561067
1108100,8825444,14.361133581561067
1108100,7642137,14.355180726370424
1108100,2541285,14.34062748788267
1108100,45100,14.269901061536093
1108100,5900199,14.269205731276475
1108100,83926,14.243060690929271
1108100,8366906,14.172206617564484
1108100,2658253,14.084708150148824
1108100,8726005,14.06595955722772
1108100,4084206,14.053552388524004
1108100,1493400,13.97740835002123
1108100,3136610,13.911303099911063
1108100,1840140,13.911303099911063
1108100,4470165,13.906491847349557
1108100,8180318,13.889286698962682
1108100,1991791,13.797576435608182
1108100,6918971,13.761679899380113
1108100,7039029,13.732900975211104
1108100,2140090,13.725566656231553
1108100,3352032,13.692480518907935
1108100,5436562,13.663192887358749
1108100,1707267,13.585536696056447
1108100,8299381,13.544384443471928
1108100,3352031,13.517872475158132
1108100,1938057,13.494052484789018
1108100,5057241,13.434040015008081
1108100,970905,13.42003798083812
1108100,781254,13.389343308250774
1108100,4740920,13.329783678904894
1108100,6433963,13.329783678904894
1108100,8148109,13.321490926616903
1108100,7626244,13.316241003300702
1108100,2349642,13.2856107648997
1108100,3652399,13.232512369523466
1108100,3033164,13.22840811189486
1108100,338301,13.218106317832813
1108100,3081971,13.210812020778842
1108100,430601,13.197178911243597
1108100,7188046,13.174963591433638
1108100,236475,13.118268196956361
1108100,787081,13.1068516592223
1108100,4954358,13.105569585555793
1108100,799979,13.101957067489073
1108100,1938059,13.10110272783901
1108100,8744774,13.089314304088285
1108100,2677228,13.077077403575764
1108100,3513681,13.022358496870488
1108100,283567,13.003146670185156
1108100,2055956,12.970562369009954
1108100,4223144,12.944231393457006
1108100,1604724,12.913086773592601
1108100,5028527,12.889541593574492
1108100,7251681,12.876773196325313
1108100,1004095,12.85981755082705
1108100,6202764,12.84649784439777
1108100,5516305,12.833447082756246
1108100,5933878,12.823067493051706
1108100,1833313,12.77231300686123
1108100,6228409,12.75860946892523
1108100,6202765,12.748505046638432
1108100,1857628,12.704724368152219
1108100,1490164,12.689188491286906
1108100,1644357,12.684884088238285
1108100,3608812,12.663128646650279
1108100,3155859,12.659449531403942
1108100,6417368,12.64487004425398
1108100,4950805,12.640495476406548
1108100,2119468,12.609061438614138
1108100,1611048,12.600800049191854
1108100,799985,12.583525978449929
1108100,5639435,12.583525978449929
1108100,991656,12.577786702799651
1108100,7124762,12.5723403124523
1108100,1490165,12.560488269696318
1108100,3507754,12.557908030476238
421756,5792667,18.799915837515147
421756,5792671,18.606520900037676
421756,7333485,18.605173785283867
421756,6361845,18.485545929094236
421756,994811,17.545667328374574
421756,994810,17.420527039039527
421756,6329795,16.031686836525513
421756,8521640,15.78036903136334
421756,8521639,15.692167023962082
421756,6361848,15.339429924262372
421756,6361847,15.118412690189064
421756,1853123,14.622939117455132
421756,5357521,14.296925183031663
421756,6436365,14.296757345510144
421756,3036363,14.066484762196225
421756,5854401,14.057506030065191
421756,8492519,13.885332445466254
421756,3139721,13.883397028390462
421756,6436363,13.859961277550035
421756,6652784,13.669743109648895
421756,5556420,13.622739563322906
421756,3139719,13.60047518839789
421756,7180453,13.440821130214019
421756,3139713,13.396098165777186
421756,6661567,13.246511579184357
421756,2097305,13.245013622746768
421756,8562273,13.229585803589288
421756,4624300,13.217855530913926
421756,7375640,13.139801796502553
421756,2314550,13.103082594279336
421756,6361846,13.079812582752051
421756,8425928,13.06745505328371
421756,7359740,13.059382714175724
421756,8579796,13.024018030318837
421756,5556416,13.000251929769032
421756,3496200,12.991229365522202
421756,5051597,12.936143861560366
421756,6056012,12.933968828698587
421756,4782808,12.885743887297988
421756,2181879,12.878183634643985
421756,7359739,12.850093707331954
421756,6154853,12.835046423790313
421756,2963690,12.821533589834399
421756,3110956,12.762298558207046
421756,5785263,12.762298558207046
421756,8454100,12.713368984323843
421756,1292676,12.668163503513107
421756,8157855,12.653968126928985
421756,3784457,12.612655289327506
421756,2481513,12.57540696618861
421756,408072,12.5609481243749
421756,6242186,12.526758008176596
421756,1975119,12.52179124151207
421756,1215163,12.510998534302118
421756,8543350,12.484785027955215
421756,1722680,12.484785027955215
421756,6981602,12.461468170365848
421756,75204,12.460730378511741
421756,6242191,12.449001560801355
421756,6652785,12.428258613695965
421756,7634602,12.414320343821508
421756,2169764,12.408474985109692
421756,4551542,12.408474985109692
421756,7697113,12.363643148577266
421756,4867259,12.349351492107203
421756,3255938,12.315337752453289
421756,7173028,12.30712697426598
421756,3231143,12.307076242866229
421756,818425,12.297942823238216
421756,6981599,12.229146462156866
421756,5583378,12.21787445839324
421756,1138866,12.201804985585706
421756,7508502,12.190695537120288
421756,6999578,12.189400517201834
421756,6100779,12.184717806064114
421756,793121,12.164185973958684
421756,7947760,12.15885167806657
421756,4330079,12.149830220126972
421756,6100780,12.149708498285305
421756,8562277,12.126042757795588
421756,8521642,12.105124617921627
421756,5556415,12.082793855990584
421756,6111439,12.075668237111387
421756,2056909,12.056142681202683
421756,2778290,12.047223040937041
421756,5051593,12.036313630299999
421756,8007238,12.036313630299999
421756,7984122,12.00677473048837
421756,6056013,11.995150276658675
421756,7810871,11.974328006104383
421756,8521643,11.958910511488316
421756,6158907,11.956752725433184
421756,4803475,11.94279359832356
421756,1851582,11.94279359832356
421756,5882715,11.926399468398937
421756,5088124,11.911101758280846
421756,2521398,11.875180446393681
421756,1615984,11.875180446393681
421756,7670998,11.871511523388001
421756,8398936,11.849467686709783
1108307,8178550,31.900080852549948
1108307,5323570,26.201207344438494
1108307,2469721,26.121438312715174
1108307,2855256,24.98822257974465
1108307,3647650,24.069960626724974
1108307,8837854,23.777275232070913
1108307,7393052,23.05621449354141
1108307,81378,22.36526314818755
1108307,5061117,22.35532634057262
1108307,8837860,22.2997102772256
1108307,7393057,22.20187334098332
1108307,2895836,22.08536049515137
1108307,5830943,21.946005630643757
1108307,3416124,21.920785873216555
1108307,6184540,21.894721742689093
1108307,3307480,21.806717612500357
1108307,81374,21.795743369328193
1108307,4467946,21.70765727833152
1108307,6494895,21.62537504513197
1108307,1024312,21.203090900408437
1108307,6184537,21.14430637602328
1108307,4467942,21.131559516011123
1108307,4105442,21.019471341593878
1108307,5170917,20.896159007634317
1108307,5582448,20.808183327970042
1108307,7034461,20.792031925744997
1108307,81370,20.775970222105578
1108307,3950422,20.38891023896713
1108307,2333447,20.09217304918783
1108307,81375,20.091438545245154
1108307,2766060,20.024241650267545
1108307,3376163,19.904804940981876
1108307,7742033,19.725674572095212
1108307,1650948,19.558829752500422
1108307,315199,19.540512527006122
1108307,8178548,19.515033823777532
1108307,7970848,19.509207949444363
1108307,1681472,19.485662118027932
1108307,6229921,19.2781891954157
1108307,8609706,19.274996560017225
1108307,5402887,19.274996560017225
1108307,81373,19.206810290511957
1108307,5402884,19.161772936946605
1108307,6655456,19.161772936946605
1108307,4405562,19.161772936946605
1108307,536601,19.07442496558842
1108307,8837858,19.048009920822974
1108307,5170918,18.97219606956923
1108307,3931241,18.798956811598988
1108307,6494893,18.616681264785992
1108307,2855255,18.602829845073387
1108307,3856658,18.602829845073387
1108307,6494897,18.593532097764374
1108307,8187314,18.584135686732864
1108307,3604627,18.571180115788422
1108307,5418833,18.512961418888963
1108307,8655841,18.4721467542576
1108307,5404931,18.463049463306273
1108307,676432,18.459024968728464
1108307,7915190,18.453773709028628
1108307,5612917,18.421150939619224
1108307,7576206,18.242090597325404
1108307,676436,18.17798356793544
1108307,2501275,18.144932172035247
1108307,3416127,18.135486657326776
1108307,4626056,18.106321972232333
1108307,1705372,18.07054995184786
1108307,3154394,18.019451578415563
1108307,3430077,18.008609621592786
1108307,1701830,17.97646907218913
1108307,7998387,17.90537162170274
1108307,5824354,17.873437451546113
1108307,5843269,17.771146905554623
1108307,1177929,17.754695579556188
1108307,4105440,17.754405768023243
1108307,5855275,17.74187038917492
1108307,5610836,17.732957845004208
1108307,4555845,17.729912975734266
1108307,8248768,17.700265654756727
1108307,2988983,17.67297698860426
1108307,6710409,17.64081548842976
1108307,8178546,17.637054693596987
1108307,1211081,17.55085330930897
1108307,7256330,17.48153018114442
1108307,2501277,17.469457794056947
1108307,1876737,17.4358557677291
1108307,7856201,17.4135300289749
1108307,8050877,17.406563569694857
1108307,8837857,17.398388361720237
1108307,7949442,17.381514180248708
1108307,8652780,17.312552650329653
1108307,2290456,17.311721778065156
1108307,8118751,17.2010535004921
1108307,6133085,17.179748574819982
1108307,81372,17.17202862370489
1108307,8178551,17.134483338130057
1108307,1820258,17.0241482615357
1108307,4152452,17.004987937229316
1108307,5977820,16.99009488792239
1108307,175203,16.944482021329137
966413,7051671,19.511652492438966
966413,320945,17.494688164702968
966413,363249,17.212535365995656
966413,757122,16.705320648264
966413,757115,16.39855604764024
966413,5634829,16.24945491507014
966413,8755854,16.198686220447776
966413,4297951,15.998886628337894
966413,7506830,15.818326343960427
966413,5030633,15.704122689890603
966413,7196941,15.611404791677657
966413,240971,15.577958386358342
966413,8096229,15.415637958756209
966413,6239890,15.40237559159665
966413,7681662,15.391751098992163
966413,6424656,15.359829153733738
966413,320949,15.343952004288536
966413,8474377,15.343952004288536
966413,7107701,15.343952004288536
966413,2104908,15.228020989051977
966413,2758355,15.150320873643679
966413,2758356,15.091802323761463
966413,6239882,15.091784259164603
966413,320952,15.085683064619985
966413,320947,15.022494545824664
966413,5634828,14.972559700443787
966413,297451,14.871546071275283
966413,757121,14.860784827063075
966413,6570028,14.860784827063075
966413,569147,14.835112778009858
966413,2963158,14.801798680557862
966413,4650631,14.790983355484844
966413,1812385,14.785272460311045
966413,757116,14.783083469414363
966413,3379677,14.775043046262192
966413,2518496,14.693572439821477
966413,6944981,14.67047379199479
966413,3997223,14.66858795586965
966413,5629914,14.654404477162451
966413,1001304,14.649708174568456
966413,3446198,14.646312159449515
966413,1778093,14.622155534590192
966413,1001954,14.618892561875823
966413,3301059,14.5490855357612
966413,7196939,14.48023699483918
966413,5824787,14.47416535055682
966413,7184873,14.403162092216887
966413,2588722,14.399538376475368
966413,5528529,14.3963216790353
966413,3379679,14.3963216790353
966413,1022482,14.365074808861745
966413,757120,14.352406430983084
966413,3379682,14.34763420210012
966413,526694,14.330540301047176
966413,6570026,14.321292169283133
966413,7681665,14.295814684847553
966413,297448,14.276551160889872
966413,5323852,14.261121824600686
966413,8073046,14.241875590980161
966413,8029905,14.21922162782614
966413,867908,14.184332617136391
966413,632089,14.16418438359521
966413,5528534,14.163632716769714
966413,5824782,14.163632716769714
966413,3379683,14.151799858781864
966413,3203587,14.141279040146308
966413,3896994,14.118692310941961
966413,7196938,14.118692310941961
966413,8798752,14.101404108074366
966413,5693620,14.101404108074366
966413,7184871,14.095819176934864
966413,8348663,14.095244980908225
966413,7900890,14.095244980908225
966413,4592780,14.069316243961051
966413,743418,14.048539113383438
966413,1812389,14.043863534809896
966413,5909945,14.020145900559228
966413,8643075,13.996726359043237
966413,7196942,13.98423466136877
966413,2406508,13.977537370165598
966413,7051667,13.970660913258254
966413,3471314,13.951602941784461
966413,1360433,13.951602941784461
966413,3379676,13.88897308292976
966413,6570030,13.88897308292976
966413,1879445,13.880874228600785
966413,5501021,13.84220102447372
966413,3320174,13.810859027405229
966413,8122747,13.810859027405229
966413,6570027,13.77476202958532
966413,3619612,13.761496987308782
966413,1216350,13.737002839250952
966413,8727670,13.715854188118826
966413,436644,13.698658262645989
966413,3379684,13.683586614346972
966413,2406509,13.683586614346972
966413,2518493,13.673990531632619
966413,5996990,13.672926404805422
966413,3615881,13.642869798701968
966413,6239884,13.62870853759119
1111546,8147315,16.7073267184572
1111546,8147311,16.460445352809387
1111546,8147312,15.423652439524414
1111546,8147310,14.05317682266541
1111546,5656520,12.16782022459639
1111546,3124893,11.66349811527016
1111546,7091503,11.410606469977148
1111546,8779205,11.410606469977148
1111546,604825,11.410606469977148
1111546,1141026,11.109942656527076
1111546,4700239,10.771315223099457
1111546,947307,10.740052521191167
1111546,1141032,10.736212960082733
1111546,4118433,10.614843889801378
1111546,8087625,10.604939297857003
1111546,8087630,10.575374515088527
1111546,8087629,10.448394176392167
1111546,1141031,10.4458404464959
1111546,8339597,10.418931163040195
1111546,4700233,10.409168396535625
1111546,7587288,10.409168396535625
1111546,8087628,10.39853080148215
1111546,8087623,10.357968808052187
1111546,8087624,10.346537229437093
1111546,6481152,10.24178275054282
1111546,5772440,10.162033452495788
1111546,3613456,10.119585715980326
1111546,7410556,10.092334865615584
1111546,5034459,10.030392839529522
1111546,5600889,10.029989507171331
1111546,445253,10.027354103800095
1111546,5965875,10.013492170438923
1111546,7440164,10.000038809946105
1111546,899976,9.984332956899532
1111546,7314933,9.981258846171016
1111546,926120,9.972535124455892
1111546,4185288,9.969524036820973
1111546,926122,9.956176419316996
1111546,4304359,9.954842532140946
1111546,7314932,9.854644662734303
1111546,4769406,9.767416061513758
1111546,1336797,9.756630793958236
1111546,4710777,9.756630793958236
1111546,2771806,9.751072111183664
1111546,1205561,9.728282257100645
1111546,3070231,9.725363774217518
1111546,4835174,9.725363774217518
1111546,1301104,9.663427113356388
1111546,3459932,9.663427113356388
1111546,947308,9.663427113356388
1111546,7003169,9.642715751923388
1111546,6963368,9.610181476110716
1111546,1936073,9.6070170659204
1111546,8147313,9.60507075904551
1111546,4185293,9.58214775161375
1111546,5512786,9.57198730525416
1111546,8035015,9.57198730525416
1111546,4613885,9.567718553911012
1111546,3632662,9.563964043540112
1111546,3606158,9.563964043540112
1111546,1697051,9.563964043540112
1111546,4613888,9.562773173723693
1111546,6963364,9.548917289130255
1111546,1981520,9.541890713725412
1111546,2557097,9.532707338237627
1111546,1141029,9.522023291613078
1111546,2652025,9.508811995189198
1111546,7491448,9.49387894920041
1111546,1141028,9.49387894920041
1111546,2994879,9.48226176728459
1111546,7077438,9.48226176728459
1111546,90112,9.48226176728459
1111546,6920081,9.48226176728459
1111546,7018418,9.48226176728459
1111546,2320858,9.469556057338163
1111546,1388990,9.467156379302093
1111546,5183549,9.461378902665006
1111546,1199599,9.461378902665006
1111546,1561269,9.459621718282962
1111546,7695954,9.447508018566808
1111546,6263223,9.447508018566808
1111546,6537154,9.444901238774206
1111546,3573961,9.438339340267783
1111546,8571679,9.437839373832489
1111546,6493083,9.437839373832489
1111546,2578337,9.42337345594727
1111546,152844,9.42337345594727
1111546,4986414,9.42337345594727
1111546,5965874,9.401013408153414
1111546,5418070,9.394202739652178
1111546,2057765,9.394202739652178
1111546,911432,9.389049252507567
1111546,1671471,9.387577865975981
1111546,4880774,9.387577865975981
1111546,4540076,9.386474628685153
1111546,3622762,9.384774742719074
1111546,8698582,9.367918365467903
1111546,8340296,9.367918365467903
1111546,7245429,9.365212066036316
1111546,6557738,9.365212066036316
156493,2411918,17.343946882934762
156493,6139386,17.253418041064286
156493,8182166,16.919440756296943
156493,2949801,16.718902818139806
156493,1277725,16.574206083422794
156493,2317807,16.508278443247274
156493,2949802,16.495426239309804
156493,3288597,16.457699805045564
156493,8182161,16.457699805045564
156493,95514,16.27533429250599
156493,8273017,16.20749134795279
156493,2259183,16.143120879061552
156493,3288596,16.081727498997093
156493,885944,16.029882368627604
156493,1960255,16.028037698707134
156493,3288600,16.020826583876556
156493,7371077,15.85264672906319
156493,8182165,15.78202508113969
156493,3288601,15.472439784716661
156493,8029433,15.382439878207105
156493,349638,15.200288289066487
156493,8273019,15.200288289066487
156493,2598786,15.158684939384177
156493,95515,15.158684939384177
156493,1277727,15.13311812684246
156493,1277722,15.083592335619219
156493,1960261,15.082224454373497
156493,2612492,14.94827486457552
156493,1277720,14.828824335258389
156493,3288598,14.711207423801763
156493,4131138,14.66473146643864
156493,4940228,14.605742002450203
156493,1277723,14.504674976791357
156493,1960260,14.455050521829085
156493,3288599,14.426109602510307
156493,4940229,14.348493548955673
156493,5530082,14.271808054549428
156493,2928704,14.271808054549428
156493,8182160,14.221428924328116
156493,1960259,14.190553662241634
156493,8273018,14.178348036368462
156493,1277724,14.114778874422692
156493,1277726,13.974014345749492
156493,1277721,13.974014345749492
156493,349637,13.974014345749492
156493,1347266,13.95592438151132
156493,7371079,13.928074131439232
156493,5022725,13.916706898893725
156493,349639,13.90659822621199
156493,5406908,13.846142615687022
156493,6357270,13.846142615687022
156493,2317800,13.817113619861512
156493,8393766,13.759594499093938
156493,8245444,13.70553810075052
156493,349643,13.641701196378893
156493,2928700,13.620662744251714
156493,2259179,13.620662744251714
156493,6139382,13.484806764337602
156493,1960257,13.470870119734046
156493,2928702,13.387114721857287
156493,4583221,13.299566980175086
156493,1101607,13.28655082928513
156493,8803136,13.221887753926788
156493,7371078,13.164911396269526
156493,2259180,13.09462093377963
156493,349644,13.062653555164225
156493,3288595,12.906473168923215
156493,4542584,12.829827790778786
156493,2259182,12.717423731621741
156493,95518,12.68779809791545
156493,8273011,12.68779809791545
156493,2612490,12.679335570306026
156493,6139383,12.679335570306026
156493,95519,12.679335570306026
156493,2123395,12.631328517574858
156493,2612493,12.613927283372025
156493,2928705,12.605453701870626
156493,2928707,12.605453701870626
156493,8266017,12.605453701870626
156493,4527706,12.496562210079327
156493,8182162,12.468827414796356
156493,2598787,12.460334227793108
156493,5346660,12.343426119982798
156493,349641,12.319088208590287
156493,3603922,12.249025618820845
156493,6775071,12.249025618820845
156493,3288603,12.249025618820845
156493,911794,12.249025618820845
156493,7663269,12.218410483379191
156493,750111,12.044998773808784
156493,8266015,12.044998773808784
156493,8182159,12.044998773808784
156493,6267258,11.996256334609322
156493,1237364,11.900765704263694
156493,2717163,11.657291592438337
156493,6524746,11.647285948360542
156493,95512,11.595161617689506
156493,349645,11.557249296436774
156493,3603924,11.295302129336621
156493,1277728,11.210605323300435
1124145,6816623,13.532430020667054
1124145,2802373,12.305664864632904
1124145,606138,12.24198912376628
1124145,8027395,11.993742340612965
1124145,4647826,11.814065428495002
1124145,2802374,11.198910154899874
1124145,1092135,10.889626527466106
1124145,4644798,10.230377333407779
1124145,4644797,9.97165897070283
1124145,2924861,9.847145606937415
1124145,483412,9.747017662543866
1124145,2365010,9.51188839893723
1124145,8698769,9.436012788734805
1124145,5613239,9.436012788734805
1124145,8589237,9.28783606517609
1124145,5290523,9.074095924071429
1124145,496135,9.074095924071429
1124145,2991988,9.005018693996934
1124145,554538,9.005018693996934
1124145,554540,8.936985229283618
1124145,5626302,8.936985229283618
1124145,8462502,8.869972050189721
1124145,1362252,8.869972050189721
1124145,5865767,8.869972050189721
1124145,7980832,8.738916099080987
1124145,4240669,8.738916099080987
1124145,2802380,8.674829760447176
1124145,1461174,8.674829760447176
1124145,8207763,8.549436163599127
1124145,122794,8.549436163599127
1124145,7980833,8.488089022371382
1124145,2802381,8.488089022371382
1124145,7165262,8.427616011081316
1124145,8601501,8.367998578795085
1124145,5290527,8.309218695813023
1124145,3518339,8.194101956815196
1124145,4029024,8.194101956815196
1124145,3541485,8.137731487701403
1124145,8255879,7.984648082246177
1124145,8666691,7.971005152206582
1124145,963808,7.8757046001244495
1124145,7702580,7.850905762018443
1124145,8730384,7.849895072342727
1124145,7997599,7.844059691446737
1124145,7997603,7.844059691446737
1124145,8730388,7.844059691446737
1124145,187285,7.762716682020965
1124145,2553344,7.751585799114937
1124145,8489496,7.751585799114937
1124145,7571421,7.7132324665150245
1124145,8694942,7.701772503569964
1124145,8062888,7.691613831819356
1124145,1530862,7.683804909806922
1124145,6759154,7.679925537004994
1124145,6759157,7.679925537004994
1124145,6759156,7.679925537004994
1124145,6759159,7.679925537004994
1124145,7051451,7.635806829154546
1124145,276612,7.613366701962835
1124145,1906564,7.613366701962835
1124145,828107,7.5652441086412265
1124145,7225307,7.5591363681521475
1124145,525953,7.5591363681521475
1124145,1102965,7.5591363681521475
1124145,3494977,7.5591363681521475
1124145,6472720,7.5591363681521475
1124145,1731607,7.5354846562179345
1124145,4789612,7.526388662608264
1124145,521003,7.514979893567854
1124145,3728357,7.514979893567854
1124145,8438838,7.513992198104918
1124145,5393943,7.482730916689327
1124145,1906567,7.47298439457968
1124145,7296960,7.469700191530545
1124145,1519397,7.467859412939595
1124145,1418468,7.4564145922830045
1124145,7353722,7.445004797322858
1124145,8698609,7.442121446886578
1124145,8077956,7.439764002639167
1124145,4992241,7.435805385397403
1124145,1092489,7.433629867516013
1124145,6160178,7.433629867516013
1124145,7727165,7.433629867516013
1124145,7211429,7.422289643298969
1124145,7211425,7.422289643298969
1124145,7139910,7.421687384006846
1124145,7782104,7.403845433928292
1124145,3253649,7.38847562309029
1124145,3659794,7.385015788393761
1124145,1901699,7.366388532267608
1124145,5784235,7.366205351909111
1124145,8037249,7.366038832215939
1124145,4220882,7.366038832215939
1124145,5901761,7.362393638117288
1124145,8029845,7.356925797715866
1124145,1530853,7.356925797715866
1124145,119289,7.348097418244392
1124145,2584106,7.34737659429338
1124145,8019957,7.337638825935342
1124145,5784234,7.337638825935342
1110199,8160520,22.148397708448375
1110199,398442,19.33381510590971
1110199,554521,18.25056597189895
1110199,3838645,18.226168731693583
1110199,4511137,17.411721177876807
1110199,6161016,17.39354349205246
1110199,5218014,17.033322598280147
1110199,557605,16.68615570697974
1110199,1957395,16.648430979717673
1110199,167604,15.789071481301878
1110199,5846443,15.754917159238746
1110199,4489656,15.729433021187603
1110199,4750530,15.693423748077123
1110199,5049366,15.656627770784674
1110199,6392463,15.531342757452897
1110199,8160519,15.24394312857768
1110199,8160523,15.142009908692982
1110199,4511144,15.142009908692982
1110199,554522,14.972091647631173
1110199,2925378,14.972091647631173
1110199,557603,14.84950324725203
1110199,7680811,14.773734084387165
1110199,357932,14.773734084387165
1110199,2279578,14.758022453086333
1110199,554529,14.703200202889342
1110199,2796830,14.403532087597725
1110199,507875,14.393473349601582
1110199,5172684,14.305027561089847
1110199,507878,14.217704209609614
1110199,6392469,14.217704209609614
1110199,1411495,14.193387601191954
1110199,425993,14.193387601191954
1110199,2080928,14.131481305007405
1110199,3342396,13.919967285400343
1110199,2218462,13.913700552861549
1110199,4411531,13.903743207491605
1110199,7174098,13.87920407334622
1110199,7821191,13.87920407334622
1110199,5355385,13.82391882491448
1110199,5172688,13.797174521686475
1110199,3447960,13.714395167232915
1110199,5857921,13.603773188477572
1110199,2811563,13.590040419737566
1110199,6430361,13.3523964403183
1110199,3107787,13.272946437103084
1110199,5716613,13.191780434184157
1110199,1806061,13.16621778670303
1110199,1426939,13.145994431053897
1110199,7507233,13.061191868954065
1110199,6509857,13.061191868954065
1110199,6509853,13.061191868954065
1110199,8301971,13.033539777752932
1110199,4438812,13.004560788277193
1110199,1795043,12.95274092570311
1110199,4438807,12.935014753813826
1110199,5302364,12.85608780008041
1110199,655527,12.85608780008041
1110199,6430362,12.829296458579048
1110199,3722531,12.829296458579048
1110199,3934419,12.755932557888482
1110199,735472,12.755932557888482
1110199,3588624,12.755932557888482
1110199,6503962,12.755932557888482
1110199,7637132,12.755932557888482
1110199,2594143,12.65732576959723
1110199,2713574,12.65732576959723
1110199,4061289,12.65732576959723
1110199,7369955,12.65732576959723
1110199,3647394,12.65732576959723
1110199,4949578,12.598474759390182
1110199,1528365,12.560231800775476
1110199,2207856,12.560231800775476
1110199,1318044,12.560231800775476
1110199,1051978,12.560231800775476
1110199,1201839,12.46461610207104
1110199,1318045,12.46461610207104
1110199,1197690,12.370445168221607
1110199,6645893,12.27948376268397
1110199,3684454,12.277686498909617
1110199,892213,12.277686498909617
1110199,3588619,12.096280754627138
1110199,1783054,12.096280754627138
1110199,6738332,12.096280754627138
1110199,8301973,12.09593530991351
1110199,5007789,12.035998576931235
1110199,6503965,12.007573375375355
1110199,5486,12.007573375375355
1110199,554520,12.007573375375355
1110199,2796825,11.920157585257229
1110199,5355388,11.920157585257229
1110199,6162452,11.859791990139922
1110199,3787868,11.834005379629744
1110199,2832890,11.749089557647817
1110199,2854354,11.749089557647817
1110199,558317,11.749089557647817
1110199,2992958,11.675464289370035
1110199,637099,11.67133140948807
1110199,6503957,11.66538369363119
1110199,5504315,11.66538369363119
1110199,735467,11.582862109646644
1056204,6486837,23.0643081570511
1056204,1996042,22.688570031680108
1056204,6693226,21.645254135774774
1056204,8676395,21.19889393936326
1056204,2192219,20.217649736689477
1056204,5234797,19.069641489601953
1056204,7005143,18.979304377783762
1056204,4048342,18.44912386984039
1056204,5234795,18.25011260522356
1056204,3343479,17.977851369052924
1056204,6693224,17.939467904752302
1056204,3954898,17.221774078312162
1056204,8722738,16.97956386767969
1056204,2352830,16.79664158451612
1056204,8722739,16.692952436505152
1056204,8722740,16.496419404288588
1056204,5234791,16.315197011334465
1056204,2724573,16.298513100522626
1056204,7890474,16.216499304998756
1056204,7160090,15.956716734249975
1056204,8722741,15.750428887248681
1056204,4518249,15.737895933713212
1056204,6046704,15.47018300512493
1056204,6046710,15.417678441858477
1056204,3768321,15.415354081219345
1056204,3312362,15.308715114131923
1056204,3971137,15.27082364211116
1056204,2724572,15.267475468656608
1056204,3973390,15.257802298797117
1056204,4373634,15.257802298797117
1056204,4835191,15.155451639375455
1056204,5220630,15.124690819298099
1056204,7005147,15.122076845189717
1056204,3493269,15.072121750633416
1056204,1115614,15.034371977229382
1056204,8400850,14.940551293467706
1056204,2660662,14.936083051391712
1056204,3493267,14.852670011235318
1056204,3973387,14.805834668340225
1056204,5444384,14.805320096242522
1056204,6046709,14.780041863616837
1056204,1453985,14.756518532399596
1056204,1737063,14.72851283584851
1056204,7202566,14.723021421290909
1056204,3044373,14.666258788634057
1056204,3768319,14.665846346747717
1056204,5057819,14.665846346747717
1056204,4620530,14.580737367588652
1056204,4877223,14.432395500626274
1056204,7795940,14.402233470468705
1056204,5001813,14.394207821643107
1056204,3756800,14.394207821643107
1056204,7942251,14.377089408065078
1056204,6552312,14.355927972141382
1056204,3144979,14.327199278429067
1056204,2406948,14.316404114401013
1056204,869591,14.293200294980679
1056204,1025759,14.28697070099085
1056204,7990876,14.185352864864457
1056204,6340541,14.180503306129093
1056204,2660667,14.154718221592791
1056204,7658501,14.147889967589524
1056204,4876540,14.09087727847606
1056204,1767848,14.065165697852374
1056204,3497265,14.025158676347878
1056204,2660670,13.983437823328831
1056204,2546280,13.983437823328831
1056204,2022829,13.983437823328831
1056204,3560854,13.89929288105885
1056204,5816788,13.89929288105885
1056204,5001816,13.895660868690854
1056204,7777875,13.870155863747906
1056204,2352831,13.851169497185854
1056204,462077,13.822897743366203
1056204,5643823,13.795303589198898
1056204,7160094,13.721881404139275
1056204,5444383,13.689406518347791
1056204,3343476,13.638363522490431
1056204,5643825,13.618118487286502
1056204,2576447,13.605290798810348
1056204,3291392,13.603127448269058
1056204,3382534,13.50927683378356
1056204,6046705,13.450511131889488
1056204,3843254,13.414702764625364
1056204,3754166,13.408107029681627
1056204,2858981,13.387396944654302
1056204,3768316,13.380096311862001
1056204,7758874,13.35253437602694
1056204,2686337,13.325270452279884
1056204,6942866,13.289820714133231
1056204,1047387,13.286334353893704
1056204,7377568,13.241945447520632
1056204,4298401,13.241861645117723
1056204,4504069,13.230407178591504
1056204,5865312,13.230407178591504
1056204,5433504,13.194308770892345
1056204,8198476,13.134557773571398
1056204,4254519,13.129197981292819
1056204,825464,13.129197981292819
1056204,4263505,13.117316566698683
199143,5056755,39.24229014659989
199143,8311587,37.60365692843029
199143,8311584,35.19772567285292
199143,8311590,34.58899261756687
199143,5056759,33.14735690687968
199143,6046857,30.14219288903022
199143,8311589,29.56644743518433
199143,7592619,29.4630772611791
199143,8311586,28.15335545130833
199143,1130927,27.93070361411428
199143,8311588,27.901573520585377
199143,7122645,27.412084467156422
199143,7557853,26.749153558417685
199143,1401032,26.025326568816677
199143,8557032,25.931231487643657
199143,7044826,25.69422310797442
199143,5157543,25.619409350707656
199143,8311583,25.373139721971395
199143,5656308,25.06891268611158
199143,8557031,24.689803457216314
199143,3199172,24.643347658013735
199143,4892011,24.487981318388808
199143,2639428,24.30704733327169
199143,5521181,23.7627874479136
199143,5056753,23.70532992510201
199143,6475872,23.702966008646953
199143,303796,23.617516041510214
199143,4778220,23.5917100230937
199143,6356269,23.511720167045397
199143,361659,23.398450866062714
199143,1247002,23.382857338352125
199143,2467999,23.262733192239388
199143,4130994,23.094188743026283
199143,61211,22.938484354286494
199143,8330291,22.837513120009834
199143,7996117,22.740375998994296
199143,2293544,22.710007742167043
199143,3447653,22.707548538681085
199143,4130990,22.673461830185893
199143,7996118,22.662473932029734
199143,5624761,22.609171644081496
199143,2293539,22.551548858837222
199143,5056758,22.442207316508256
199143,8311585,22.39223804613118
199143,6641905,22.223082335068188
199143,5624763,22.110218387735202
199143,7828951,22.073499567911163
199143,5088597,22.06070315526112
199143,8057029,22.05353363143195
199143,1453355,21.988270601494545
199143,239931,21.988270601494545
199143,5578454,21.98387818401283
199143,7233903,21.84278080015922
199143,1856116,21.840808675799813
199143,5157536,21.742995627860985
199143,8296447,21.708181857255198
199143,4960723,21.641605889150803
199143,2642826,21.609995457931845
199143,1089598,21.595425560424353
199143,3691474,21.57742092056587
199143,3357393,21.547843083303718
199143,7233908,21.547843083303718
199143,2130742,21.50498534617541
199143,5219922,21.49627910202715
199143,5624760,21.46853654678152
199143,2430650,21.456268214374294
199143,3198283,21.42910459518475
199143,1647793,21.328866052410604
199143,4852630,21.115835443721597
199143,6005444,21.103779279995848
199143,5402598,21.077902359770476
199143,3703359,20.96958274290395
199143,2430649,20.946962620918928
199143,6332561,20.909216996408027
199143,2687763,20.896530740460687
199143,4803402,20.88174496669673
199143,1414495,20.87876580611456
199143,939843,20.872745102417372
199143,7978506,20.852008017842767
199143,4439656,20.78358362365983
199143,5468197,20.61026524769628
199143,2456950,20.580743745576672
199143,2256971,20.50446932716362
199143,1571698,20.39505932388399
199143,1053134,20.359398377585975
199143,658338,20.311716608502145
199143,8586903,20.291347685997664
199143,6755126,20.248464422563703
199143,3018625,20.237408981384974
199143,84749,20.195953407224593
199143,5157542,20.184766834838072
199143,5402599,20.179088822271105
199143,6005445,20.174313386082744
199143,2639432,20.166374708825366
199143,35232,20.140291362764742
199143,517230,20.140291362764742
199143,932346,20.115442971295877
199143,8444918,20.095799076106406
199143,5108053,20.039447409044097
199143,524470,20.03549958881521
835929,3205505,15.593606203821915
835929,7210707,15.573993999189216
835929,2676901,15.222681520237195
835929,5131821,15.197972387903816
835929,8815042,15.056130812506499
835929,3205501,14.915177178683198
835929,2440066,14.846847007460344
835929,4565960,14.846847007460344
835929,14747,14.789776388371683
835929,7841138,14.733142843030308
835929,7294733,14.719951382048109
835929,8815038,14.635959833919003
835929,4692086,14.572682192737766
835929,5301437,14.5658150099773
835929,1957173,14.5658150099773
835929,6479285,14.557786445810212
835929,7211864,14.512744505171131
835929,8815044,14.378584723722694
835929,5146729,14.348535338668992
835929,446116,14.31126529667241
835929,1582618,14.255806427547924
835929,4711715,14.242308392764084
835929,1587446,14.229980869697997
835929,6906462,14.229980869697997
835929,555654,14.209015310601387
835929,4317208,14.187103756504417
835929,8522000,14.15147286120947
835929,4252718,14.15147286120947
835929,7795110,14.13078975723564
835929,4692085,14.13078975723564
835929,7936139,14.130737832940252
835929,6868822,14.113113140331563
835929,4216180,14.091921628707208
835929,4692083,14.073826370306662
835929,5324455,14.069117023082905
835929,4569663,14.014925478032312
835929,8345845,14.007991270293125
835929,82561,14.001199460383564
835929,8616325,13.997027293414565
835929,3018495,13.997027293414565
835929,6868819,13.984093006421848
835929,3205502,13.97397040035861
835929,2230716,13.94740510808419
835929,6760299,13.921061833133052
835929,3035781,13.845916489973291
835929,2835136,13.845916489973291
835929,5029362,13.845916489973291
835929,4623764,13.827822664555061
835929,7476918,13.826066581810952
835929,7942198,13.81291648056797
835929,3097912,13.771578054360333
835929,8616322,13.771578054360333
835929,8899,13.771578054360333
835929,1908268,13.768812264657196
835929,1157288,13.74053088019554
835929,7618529,13.710313212194471
835929,8319697,13.679317075095172
835929,2610100,13.678653031920696
835929,82556,13.637194231973925
835929,8815035,13.625270470844356
835929,14068,13.625270470844356
835929,1729928,13.555545616306194
835929,3232693,13.55327628491508
835929,2502202,13.55327628491508
835929,2728036,13.55327628491508
835929,4569640,13.55327628491508
835929,4923996,13.55327628491508
835929,7211859,13.55327628491508
835929,7293680,13.55327628491508
835929,2856850,13.54485956250545
835929,82554,13.52254613239768
835929,82558,13.484885991094156
835929,3035785,13.4820389161953
835929,3726207,13.4820389161953
835929,4569672,13.480775216606592
835929,3018491,13.46922324517913
835929,8604601,13.445949928577834
835929,6479280,13.43734634941484
835929,1859024,13.434906699993883
835929,5324456,13.411546493362192
835929,4252714,13.411546493362192
835929,3198580,13.411546493362192
835929,4216182,13.39517395163076
835929,4633097,13.374982506326246
835929,3769462,13.369687701493762
835929,8604605,13.352623460541087
835929,1157282,13.348840459610756
835929,696558,13.341787392083944
835929,6969751,13.341787392083944
835929,7465438,13.308386249359945
835929,8566563,13.30644437085773
835929,1062982,13.272750228629441
835929,3283625,13.259944402139052
835929,4572256,13.250670985686327
835929,7348700,13.246113592351822
835929,8319701,13.229741091483223
835929,1859028,13.195515705596463
835929,5603022,13.176063789412925
835929,5324460,13.136797346303716
835929,1448777,13.136797346303716
1063750,6666451,14.854244248522086
1063750,2250780,13.895777747224711
1063750,2877339,13.837237753609548
1063750,3045442,13.739663934974221
1063750,8264764,13.014790811847817
1063750,7778351,12.949289231084336
1063750,5746663,12.894760822387914
1063750,4844353,12.881190535853412
1063750,6073708,12.749104851437677
1063750,6098651,12.749104851437677
1063750,4513925,12.696584129638023
1063750,4788295,12.639962333028226
1063750,5859941,12.45555141301855
1063750,5659951,12.265330841884861
1063750,8255729,12.219342600406616
1063750,2197526,12.189397937529028
1063750,7560580,12.16575651268976
1063750,8255728,12.154450681183043
1063750,3458466,11.964349024794945
1063750,5351267,11.902822033207983
1063750,3458470,11.780802964496171
1063750,393492,11.780802964496171
1063750,4619815,11.588952276309147
1063750,7245668,11.588952276309147
1063750,1599437,11.545210239639987
1063750,1180528,11.376016718357953
1063750,4619817,11.32803489146393
1063750,2868845,11.152897380626644
1063750,3140339,11.152897380626644
1063750,2197527,11.067343837148456
1063750,6134980,10.949520913555528
1063750,5072520,10.749197736642458
1063750,7571426,10.606735743047278
1063750,1599439,10.428369480612698
1063750,4995802,10.427435463328052
1063750,5489025,10.2061426587544
1063750,7681486,10.2061426587544
1063750,7681483,10.134450979372424
1063750,2997653,10.0102587953621
1063750,4414266,9.980760884873147
1063750,3388270,9.943539891008633
1063750,45598,9.916394704075987
1063750,1506582,9.792606145141248
1063750,3051624,9.79058763493692
1063750,2531262,9.69994469557581
1063750,3388267,9.620637921643514
1063750,2305581,9.492741963138512
1063750,7494554,9.469293187748118
1063750,8689678,9.442317090546377
1063750,4382433,9.442317090546377
1063750,7881253,9.442317090546377
1063750,3422510,9.407548313030869
1063750,2981566,9.39242509510492
1063750,3641790,9.39242509510492
1063750,8689799,9.29420630114534
1063750,2380068,9.245863220130527
1063750,7646179,9.223547547292421
1063750,2391457,9.161707933326282
1063750,7494559,9.128674451694286
1063750,5854012,9.053352022769023
1063750,2886379,8.993278962052988
1063750,4856744,8.976041306750218
1063750,5971113,8.966046129539704
1063750,6436703,8.944927937091865
1063750,5624425,8.941763478321109
1063750,4391289,8.921048315827012
1063750,5895422,8.921048315827012
1063750,7649717,8.883896944300856
1063750,7979269,8.876499906922833
1063750,5287970,8.855800946826038
1063750,2197528,8.855800946826038
1063750,4149362,8.840483008642513
1063750,4856740,8.840483008642513
1063750,4428924,8.83239420379649
1063750,3985729,8.83239420379649
1063750,2886387,8.823825571132694
1063750,3051625,8.777942448463735
1063750,7243480,8.76843255122401
1063750,4762567,8.76843255122401
1063750,5142567,8.767470628158271
1063750,1002181,8.748362279669452
1063750,4435158,8.748362279669452
1063750,196730,8.748362279669452
1063750,8767916,8.745484777929107
1063750,5690498,8.735157336157927
1063750,5881435,8.726473687988202
1063750,3935174,8.712405725676845
1063750,1567373,8.710394373480193
1063750,7279503,8.702668306619577
1063750,7242446,8.702668306619577
1063750,3422508,8.702668306619577
1063750,7031380,8.691533738365326
1063750,5515331,8.68713154341001
1063750,2711887,8.680965562549753
1063750,4944185,8.672754604720307
1063750,1585216,8.672754604720307
1063750,6486433,8.670154731747104
1063750,782486,8.660269037716612
1063750,2489562,8.652794209762606
1063750,4435152,8.644856487614387
1104031,298431,21.309540199719123
1104031,618181,20.880564069213122
1104031,8217771,20.57542471023375
1104031,3934678,20.129625101820732
1104031,630818,19.353975629517496
1104031,5182641,19.295160845061176
1104031,7108118,19.158189916963003
1104031,6243964,18.593086343857856
1104031,7579783,18.56009479496414
1104031,3669990,18.234338918491318
1104031,4542010,18.16364437564446
1104031,2304484,18.02558952234444
1104031,4419509,17.748728768995406
1104031,5580363,17.555614408407855
1104031,4135740,17.50149694296209
1104031,6281227,17.494750469484295
1104031,2304491,17.320574604310146
1104031,361219,17.236566121072467
1104031,4793445,17.235713365081555
1104031,5885356,17.18735271979511
1104031,8553724,17.116532333022874
1104031,4260118,17.071128714403685
1104031,5067618,16.909037676272153
1104031,6243959,16.82032010736187
1104031,5914995,16.799796561032636
1104031,2072999,16.67606054230294
1104031,1805106,16.61626634851163
1104031,1809429,16.473658390888474
1104031,3416274,16.441794564995995
1104031,1031803,16.4415777344428
1104031,2759527,16.40890033704265
1104031,4137848,16.4004693839964
1104031,6454883,16.347504298646232
1104031,6651466,16.341199518548386
1104031,3689297,16.33038049877115
1104031,1665280,16.31959551905472
1104031,2211661,16.289064358363277
1104031,3875610,16.252458059967584
1104031,3739366,16.210469998261143
1104031,8031859,16.207015483028922
1104031,1120263,16.162165397487435
1104031,2304490,16.089130018905657
1104031,8042911,16.085511676374818
1104031,1850513,16.072795272668664
1104031,6149764,16.07171214669887
1104031,6941360,16.068920786232102
1104031,8123031,16.06513984064084
1104031,3689289,16.05551718978171
1104031,2213470,15.991223708449713
1104031,2073003,15.978650068265955
1104031,1107665,15.933159526784268
1104031,8640699,15.898152995179704
1104031,361215,15.897269562669543
1104031,2800925,15.880242119182565
1104031,453689,15.865183020741373
1104031,1809431,15.864804339366431
1104031,2385743,15.814567578531177
1104031,3509362,15.806274351384308
1104031,7248416,15.799673056747896
1104031,2800923,15.789792433572362
1104031,2072997,15.759055819532414
1104031,8644556,15.694642984741051
1104031,630823,15.683563867906233
1104031,1328543,15.66840467724347
1104031,4473010,15.666175950103638
1104031,8117750,15.649960085689884
1104031,2835686,15.619443630695214
1104031,7000095,15.619443630695214
1104031,4737396,15.592152324815338
1104031,7466506,15.547214290565096
1104031,5067617,15.537549651106705
1104031,8147022,15.537549651106705
1104031,5540940,15.488155726699961
1104031,6149760,15.470281190513283
1104031,7986564,15.452257866405407
1104031,2213467,15.419980320787579
1104031,6531310,15.339264055377832
1104031,6408691,15.329911239540513
1104031,4752956,15.28736867004337
1104031,4592470,15.28736867004337
1104031,2800919,15.28443081664773
1104031,8631011,15.276002470919202
1104031,4543650,15.23584956839826
1104031,7351916,15.210318479694982
1104031,5613991,15.180876070382622
1104031,8117753,15.171637569776367
1104031,2800920,15.08619860590775
1104031,2313646,15.08002213290175
1104031,2385747,15.078623668226538
1104031,6789979,15.04347631605852
1104031,1441634,15.015970835305529
1104031,4137852,14.96977285236688
1104031,6149757,14.963456347326648
1104031,4397218,14.963456347326648
1104031,937936,14.94238459221145
1104031,3122643,14.92442531063551
1104031,3122649,14.92442531063551
1104031,1809425,14.904996068929533
1104031,361211,14.901063306861992
1104031,4137851,14.898350338106123
398483,440729,25.08441265735473
398483,487271,24.016261386415277
398483,7151973,20.903509203917253
398483,144324,20.71515973523682
398483,1999513,19.95674220365508
398483,1708541,19.953783432228306
398483,6993450,19.60047294676145
398483,7151978,19.518221656646656
398483,3895937,19.44297432763971
398483,8416582,19.30648695649297
398483,8006894,19.023299074038942
398483,85970,18.89715613451998
398483,3806032,18.528893817697238
398483,8314661,18.420231588563148
398483,7326593,18.175159952675607
398483,1126181,18.091823977027204
398483,8432102,18.09162261919752
398483,7942830,17.946978805493522
398483,7432724,17.878343907162844
398483,8416583,17.86950716018874
398483,1645469,17.844967689637464
398483,7751969,17.78623093934678
398483,5747185,17.50956251564343
398483,8151260,17.418337605185105
398483,1649488,17.38623879630335
398483,487269,17.209459285817548
398483,6156344,17.197148107372957
398483,7705909,17.09113709808487
398483,1427500,16.98776475544303
398483,5832644,16.911531739814826
398483,3616281,16.901228965027375
398483,3772149,16.898155407051604
398483,7751968,16.847134251822375
398483,7771244,16.833432160457036
398483,7673789,16.741722522216996
398483,1102644,16.649650714527795
398483,6563406,16.628425100661282
398483,2376089,16.58537914138084
398483,8151255,16.5365925751616
398483,763420,16.45372977613434
398483,7771241,16.414247810651194
398483,3145412,16.38791262474143
398483,1259721,16.340238004251102
398483,1509223,16.32894880239423
398483,42181,16.32894880239423
398483,4123594,16.217982724342576
398483,4061845,16.212225987998718
398483,2454539,16.18760479630195
398483,4915984,16.18747186317833
398483,8257728,16.162325309811308
398483,1472132,16.151432678171297
398483,735350,16.116104259680725
398483,257012,16.043265309785607
398483,580325,15.881259622553472
398483,287005,15.814951020230199
398483,8747940,15.787225431427466
398483,1689178,15.777401977344596
398483,2102533,15.759747135447238
398483,257010,15.695507399702223
398483,5214726,15.6945585294099
398483,256645,15.693427496333097
398483,1126175,15.61508968129395
398483,8599353,15.604413708929364
398483,1306065,15.602272031231426
398483,2577674,15.575225052636586
398483,7041750,15.5697703602189
398483,2718139,15.563065777276373
398483,2172138,15.528870899602072
398483,3145411,15.433768940978798
398483,7076821,15.433768940978798
398483,8030174,15.418820108553367
398483,1075457,15.413746380983426
398483,7673790,15.404152091031907
398483,5631974,15.404152091031907
398483,1373717,15.379268493922757
398483,4800783,15.347982624465356
398483,6264970,15.292997880899218
398483,5208161,15.285616998269042
398483,6494730,15.267437700628594
398483,6482430,15.235157476584302
398483,1347667,15.21738426841142
398483,6523080,15.190300904924836
398483,7673792,15.169572875305054
398483,3678885,15.169572875305054
398483,7029125,15.169572875305054
398483,6817509,15.157003327614198
398483,635618,15.153861929730283
398483,4286855,15.140627703682405
398483,2718137,15.114320400004583
398483,589997,15.114320400004583
398483,764366,15.062980642058136
398483,1929770,15.039123367005855
398483,124431,15.036513863677337
398483,7933164,15.027156094620278
398483,54845,14.963694521163085
398483,1269997,14.963694521163085
398483,1983559,14.963694521163085
398483,8343045,14.943501990898856
398483,3385783,14.940849193350562
398483,8620735,14.932440915315908
432930,8410596,35.53077669814009
432930,8410594,32.30155188298124
432930,8410598,29.4778793092372
432930,8410602,24.943597484452056
432930,8410597,24.81107381941525
432930,6931446,23.41617766005703
432930,1010715,23.213104507495906
432930,4397480,22.7949629659004
432930,8410593,22.28969599411228
432930,7427093,22.140857387531685
432930,4043555,21.81125179029867
432930,5584201,21.784175531854473
432930,7427095,21.64116089634585
432930,6931442,21.60902990179826
432930,6453553,21.528045511763406
432930,3994940,21.317003419816047
432930,2662960,21.30836840714559
432930,6641740,21.23675027814929
432930,4831142,21.008173025635415
432930,4397479,20.825946824830478
432930,1490014,20.807685925358214
432930,838840,20.73198481589994
432930,6324322,20.513084221761233
432930,1490007,20.504723744935454
432930,5063425,20.455274295398596
432930,6512240,20.36472237166843
432930,8373891,20.36472237166843
432930,5784992,20.262361439032475
432930,965239,20.183399318728743
432930,6931449,20.066468778266632
432930,6931444,19.998460193539195
432930,7858685,19.93095151123405
432930,5304659,19.82127739160454
432930,1377675,19.79265238238727
432930,1266271,19.56490261725039
432930,5784993,19.535598984230724
432930,7546502,19.354227223519054
432930,7087105,19.233902277506406
432930,3889512,19.203719827873876
432930,5527022,19.20174050718534
432930,2155962,19.16105644768208
432930,3789040,18.92032866640291
432930,166322,18.757850239350788
432930,5784989,18.6493033661028
432930,3558,18.59838523542203
432930,3889514,18.579728657262084
432930,7205653,18.50857974370172
432930,3978566,18.44099466975909
432930,477219,18.38957557494357
432930,2680926,18.313161100777837
432930,206684,18.26800710761128
432930,4759862,18.24553963351564
432930,3963111,18.237171401892674
432930,7921204,18.21050322184695
432930,919556,18.20511974210679
432930,8173804,18.194437628370633
432930,3889515,18.194437628370633
432930,7646202,18.161847583382663
432930,1304488,18.05557069893201
432930,2745678,17.952878683500636
432930,1023434,17.94738317674867
432930,8173803,17.78873319165676
432930,3889516,17.76617782826955
432930,3101380,17.743089247579398
432930,6931451,17.67906469104689
432930,563695,17.651035155070744
432930,3058399,17.620375415185904
432930,665835,17.60391150218729
432930,7185746,17.517762497879765
432930,6931448,17.472018319516163
432930,8144664,17.431556908495693
432930,3946503,17.429569845642746
432930,3889517,17.39468898512422
432930,1377672,17.39468898512422
432930,4606963,17.362408199798605
432930,118914,17.345980750438997
432930,665366,17.291463468046594
432930,8567622,17.222023443714072
432930,3978563,17.19895816839933
432930,2628169,17.15635418821017
432930,4197964,17.15635418821017
432930,6579648,17.125332852234603
432930,7142943,17.10176944539665
432930,294516,17.082926049846844
432930,7184280,17.032780573974907
432930,8465006,17.01075003132468
432930,4070386,16.906699859544826
432930,1313927,16.906699859544826
432930,565816,16.86397219369776
432930,8731523,16.857415539304533
432930,2863760,16.814156713487563
432930,1313926,16.784643553031373
432930,4884318,16.77844864647927
432930,815786,16.68554283335603
432930,297733,16.664379241361175
432930,6400008,16.658248529681785
432930,1955490,16.614298712289063
432930,8720541,16.601035685246334
432930,8525698,16.581821968288214
432930,4760429,16.581821968288214
478605,8404583,22.380295152878826
478605,3736269,22.294460405791177
478605,8404578,21.38061542086792
478605,8404582,21.0927234072534
478605,1258970,20.517242991922828
478605,8755204,20.500390043198333
478605,799698,20.406044408104556
478605,3736270,20.297412215972862
478605,8623491,19.90895470318788
478605,8755202,19.881409268976242
478605,908951,19.612299691113176
478605,8623486,19.503124636584076
478605,8623492,19.388272437841703
478605,8755198,19.323854565116218
478605,1088842,18.982219166807305
478605,6934178,18.800599815520588
478605,2146431,18.705128676303456
478605,8623489,18.6249754962884
478605,1258973,18.606123323904608
478605,3338618,18.513754975773498
478605,8700959,18.429669691491817
478605,8404575,18.409281369657357
478605,3807168,18.397143004929767
478605,8700952,18.33581416587449
478605,8700954,18.243186594629666
478605,3338619,18.208577289005383
478605,190356,18.183774862714277
478605,8623488,18.175673130702897
478605,6765,18.10451934876611
478605,7831816,18.05157935790992
478605,2570861,18.007519626120725
478605,7959719,17.95084059818743
478605,6010351,17.892871550175588
478605,597741,17.87003470334448
478605,3736272,17.791533518034214
478605,4352333,17.670592349494004
478605,2146424,17.65022471028853
478605,8404577,17.47074709977288
478605,597739,17.426460094376232
478605,5046904,17.360621097604017
478605,2146428,17.2067130382843
478605,5527592,17.176974665140392
478605,4582171,17.006032670261508
478605,7417384,16.94538074526051
478605,395813,16.903250103525945
478605,1922480,16.835701179436185
478605,5684693,16.731070144985097
478605,8557801,16.69428476364269
478605,4932298,16.682712780477182
478605,3461665,16.593937135909123
478605,1963257,16.593937135909123
478605,2738002,16.562752380543536
478605,2542272,16.493416717119104
478605,815826,16.467026610627087
478605,3736274,16.409606467832926
478605,1918756,16.395682398401284
478605,3617173,16.35295105005105
478605,3807169,16.334378719899163
478605,8557806,16.300069280056476
478605,2542273,16.296103736117903
478605,2146430,16.232449649779422
478605,8700958,16.202137646618283
478605,8404581,16.12227569452628
478605,218541,16.118957598284872
478605,5378651,16.081635842637937
478605,1575330,16.078228493427005
478605,5378650,15.977161680003965
478605,2146432,15.973772270168737
478605,284421,15.944115860097755
478605,7117751,15.940971283094509
478605,7417381,15.917592475821984
478605,2542279,15.884679022792064
478605,2504071,15.869052977048021
478605,293324,15.81297568198348
478605,8404579,15.76354337881146
478605,3122440,15.658773719629577
478605,574621,15.658773719629577
478605,8466760,15.649994306211484
478605,2378212,15.641427003903754
478605,2146425,15.641427003903754
478605,4886229,15.577076859452877
478605,1920073,15.55407090621826
478605,3523530,15.55407090621826
478605,6696899,15.55005301133329
478605,705721,15.537398192328844
478605,478492,15.525698599774838
478605,8089635,15.50009443437736
478605,1457844,15.48902300021141
478605,2102279,15.486498541203442
478605,6900783,15.455427250965442
478605,637559,15.436558953150131
478605,6157915,15.435446670826643
478605,1400153,15.423706185970236
478605,481763,15.423706185970236
478605,5372948,15.389098916243352
478605,5453133,15.38414505278985
478605,1920079,15.35981910699654
478605,2724019,15.337532397457897
478605,1567620,15.337532397457897
478605,1920076,15.32080930568161
1044797,1795106,20.078917873824963
1044797,1795108,19.936300170772395
1044797,8679694,19.66522314158932
1044797,1795101,19.33108960253803
1044797,5148739,19.215542777720064
1044797,7357592,19.130834292704208
1044797,4111252,19.076991201910655
1044797,8679690,17.870298041370916
1044797,8679696,17.79253931802853
1044797,1795105,17.25868000775909
1044797,3235003,17.053798194814483
1044797,2488906,16.86495537949679
1044797,8679692,16.86495537949679
1044797,8253958,16.760960176544376
1044797,5658896,16.604867314189914
1044797,6479724,16.557190068052865
1044797,8243231,16.49403451931267
1044797,5507366,16.260629919097784
1044797,7493441,16.16569683729731
1044797,4643997,16.05965028422225
1044797,931500,15.840345731454816
1044797,4001869,15.7330127329142
1044797,8145812,15.7330127329142
1044797,7244334,15.627181190814289
1044797,8797344,15.627181190814289
1044797,8425090,15.52281879395753
1044797,8457797,15.52281879395753
1044797,473632,15.52281879395753
1044797,8457794,15.440919925713814
1044797,8318264,15.407513367220089
1044797,4001875,15.218237317023515
1044797,2118256,15.119446757661404
1044797,5446916,15.021977274573953
1044797,4727401,15.013666167703217
1044797,6340625,14.864170831420221
1044797,8679693,14.76210008055495
1044797,1936981,14.639452165709077
1044797,4977786,14.574773283486948
1044797,1546577,14.518825448806318
1044797,4886156,14.439668123198294
1044797,5507363,14.400170375137508
1044797,2488910,14.19996014913049
1044797,2525714,14.168584908119723
1044797,4841899,14.168584908119723
1044797,1506697,14.055563184091866
1044797,3235002,13.944330321840035
1044797,6834926,13.944330321840035
1044797,835748,13.944330321840035
1044797,8778788,13.834844184762227
1044797,1112823,13.834844184762227
1044797,4749216,13.834844184762227
1044797,1546573,13.72706394931581
1044797,8683724,13.543472840704158
1044797,6834921,13.516464152270125
1044797,7492013,13.516464152270125
1044797,7163808,13.413569063673673
1044797,7652338,13.413569063673673
1044797,5754707,13.413569063673673
1044797,3408873,13.316895067369286
1044797,3331652,13.316895067369286
1044797,1565593,13.316895067369286
1044797,2022478,13.312228732400243
1044797,6760610,13.193360524776342
1044797,3235004,13.114073484537649
1044797,7357589,13.114073484537649
1044797,569649,13.114073484537649
1044797,8145811,13.090705451632019
1044797,4666654,13.05338613630955
1044797,3385499,12.946623164693456
1044797,1784714,12.921730877131878
1044797,748542,12.850187463451364
1044797,5671358,12.827659970462697
1044797,7578414,12.805764681811894
1044797,1784713,12.643568235576131
1044797,4165711,12.533285786224514
1044797,3213595,12.377129090887642
1044797,5544856,9.456589770680665
1044797,2952950,9.214470320787171
1044797,5179321,8.936262525345487
1044797,5927782,8.904447970894573
1044797,2368180,8.871951774325893
1044797,2946601,8.847027186622348
1044797,3440306,8.812866130952555
1044797,2551522,8.80569166237261
1044797,5076735,8.776614445495886
1044797,5859727,8.769065800334051
1044797,386406,8.74748238949208
1044797,8722482,8.747236164870282
1044797,2210790,8.733356904378097
1044797,5201524,8.7256986956862
1044797,7202402,8.704632747558303
1044797,2004858,8.697024810033348
1044797,2005198,8.676096919784825
1044797,346072,8.676096919784825
1044797,1565723,8.671056683031955
1044797,5953966,8.662200858175234
1044797,6991974,8.661717977489543
1044797,1170460,8.639840593038432
1044797,8758284,8.616597317165523
1044797,7456891,8.61460808336636
1124464,8024110,14.988412058618355
1124464,3796062,14.888908283031107
1124464,3796061,14.72517570861076
1124464,8024101,14.175427053127338
1124464,8024106,13.173694178355532
1124464,8024103,12.660914770713763
1124464,8024105,12.373320236182003
1124464,8024102,11.424166527806126
1124464,5157556,11.389551907302215
1124464,4141773,11.2165474740526
1124464,4135217,11.09242375224544
1124464,6442352,10.84674269356748
1124464,5093165,10.782199114514098
1124464,5093156,10.673495422101478
1124464,2637864,10.578892950896222
1124464,5093157,10.572178311645956
1124464,5093158,10.572178311645956
1124464,1553683,10.510851731405959
1124464,906090,10.354098237231291
1124464,308401,10.279448340329594
1124464,538633,10.263995791476514
1124464,8024104,10.263995791476514
1124464,5213992,10.154486287745481
1124464,7253287,10.139406877381395
1124464,6442355,10.062740553498266
1124464,5093162,10.058014462877901
1124464,7253292,9.98849626775506
1124464,7084158,9.938346805910125
1124464,6583298,9.899087876074617
1124464,855587,9.860137890812114
1124464,4751320,9.860137890812114
1124464,7084162,9.851889831030505
1124464,7013685,9.78315028063591
1124464,5093163,9.78315028063591
1124464,4032389,9.678637523646769
1124464,538639,9.595840320549064
1124464,5093164,9.595840320549064
1124464,1664811,9.559235750130437
1124464,6580118,9.559235750130437
1124464,5128378,9.559235750130437
1124464,7013692,9.559235750130437
1124464,3796066,9.532544074307637
1124464,3796068,9.532544074307637
1124464,8715580,9.522909384174064
1124464,8829852,9.522909384174064
1124464,918912,9.522909384174064
1124464,6442358,9.472056453035723
1124464,2047914,9.451078674775005
1124464,7781337,9.450623346998599
1124464,5292067,9.415568154164944
1124464,2164054,9.415568154164944
1124464,7084164,9.415568154164944
1124464,5157555,9.415568154164944
1124464,1002283,9.380323481911557
1124464,7954522,9.37211318525642
1124464,487707,9.345341683750602
1124464,7781340,9.332013205921946
1124464,7253290,9.310619829620386
1124464,6395851,9.310619829620386
1124464,867547,9.310619829620386
1124464,5157558,9.306021798126032
1124464,647251,9.282588285129547
1124464,4898268,9.280174770100613
1124464,1623450,9.276155032843645
1124464,550949,9.27010563593002
1124464,7445933,9.268125996259233
1124464,5551983,9.241944449327534
1124464,7152312,9.241944449327534
1124464,7253288,9.21699296094107
1124464,5276596,9.21699296094107
1124464,2396881,9.207985276781244
1124464,6229047,9.207985276781244
1124464,7120924,9.207985276781244
1124464,1502537,9.203488033823119
1124464,1502536,9.203488033823119
1124464,6557702,9.178206659601845
1124464,2964475,9.174274753950833
1124464,288705,9.166421040469478
1124464,4157283,9.153063797430066
1124464,6442356,9.140810159870757
1124464,5136946,9.14053523529309
1124464,7445931,9.116401049047841
1124464,6442359,9.116401049047841
1124464,7374875,9.116401049047841
1124464,4508897,9.116401049047841
1124464,441959,9.107588813131773
1124464,2047922,9.107588813131773
1124464,7781341,9.103189080751827
1124464,1445157,9.103189080751827
1124464,377801,9.103189080751827
1124464,647248,9.080764711683639
1124464,1593566,9.07460807116472
1124464,3166715,9.041865329539796
1124464,787635,9.033957529568381
1124464,5591681,9.017981101859295
1124464,1734018,9.009358021280987
1124464,2947906,9.009358021280987
1124464,1623004,8.977083616195191
1124464,2947909,8.977083616195191
1124464,1002282,8.969563750217395
1107988,8181274,13.154202938107385
1107988,8181272,12.72767791796364
1107988,5805019,12.625333808210165
1107988,480837,12.519052247225426
1107988,398510,12.519052247225426
1107988,986930,12.271587740196713
1107988,3413508,12.214951597270744
1107988,1241580,12.137347683995902
1107988,398509,11.824078651713984
1107988,5734199,11.756634516901784
1107988,5734202,11.756634516901784
1107988,5734196,11.667812427050244
1107988,480838,11.409220362779982
1107988,6498091,11.151449933157666
1107988,6727974,11.112234856013547
1107988,827237,11.027635026943301
1107988,986927,10.8189928529994
1107988,390450,10.800616614133455
1107988,5805017,10.712535596266752
1107988,8202532,10.694112700929832
1107988,3985203,10.654268859116721
1107988,6414850,10.609283733758092
1107988,2610810,10.397474499756003
1107988,1649894,10.397474499756003
1107988,1694164,10.397474499756003
1107988,8185378,10.397474499756003
1107988,8387567,10.330747782891905
1107988,3289629,10.272071902088365
1107988,3875608,10.265898807328487
1107988,362037,10.226637298996685
1107988,7346417,10.174151844605596
1107988,3526857,10.174151844605596
1107988,352071,10.140394224243147
1107988,498617,10.085273086159857
1107988,8181268,10.075191145459623
1107988,3969000,10.05149693899111
1107988,3100579,9.9993261708565
1107988,5161604,9.977353093471873
1107988,5584692,9.955628441817385
1107988,2612932,9.955628441817385
1107988,352069,9.930795375378807
1107988,5572313,9.91528534418552
1107988,3441557,9.903024174869678
1107988,3594323,9.903024174869678
1107988,1648090,9.90003230484325
1107988,7131248,9.869852730434026
1107988,3358195,9.850972894444496
1107988,3358201,9.850972894444496
1107988,2602253,9.850972894444496
1107988,2094021,9.850972894444496
1107988,2290470,9.850826879776765
1107988,7659117,9.835160748745471
1107988,6690287,9.827889293008166
1107988,7131249,9.827889293008166
1107988,3302316,9.793027274552802
1107988,6358343,9.791039324326084
1107988,5547027,9.785416483312684
1107988,8532553,9.762519416896964
1107988,3526856,9.748494777372319
1107988,6249842,9.715176622159888
1107988,5201787,9.698051129336065
1107988,8231803,9.689154938491447
1107988,6657507,9.684722476635123
1107988,6701791,9.684118482048916
1107988,462172,9.68314288170557
1107988,1754231,9.663608970779917
1107988,6138208,9.64812683584961
1107988,6239431,9.64812683584961
1107988,7632200,9.628107543222413
1107988,2607889,9.623635963909742
1107988,5364370,9.604640275304693
1107988,4720143,9.598713917283998
1107988,3591733,9.597847233932002
1107988,304662,9.587757597683764
1107988,2087102,9.584239655138301
1107988,8045512,9.583548387411376
1107988,2216560,9.559515749832196
1107988,2856926,9.554644583816312
1107988,7374188,9.549804556648128
1107988,6809481,9.549804556648128
1107988,1846177,9.549804556648128
1107988,8607019,9.549804556648128
1107988,2599242,9.54402243115461
1107988,6058703,9.530686568595614
1107988,3818456,9.519707250161604
1107988,6488322,9.505331557158616
1107988,6521334,9.504826976421572
1107988,431931,9.504826976421572
1107988,3395932,9.502407559923634
1107988,5898742,9.501813945101237
1107988,8530609,9.50139109546623
1107988,3481079,9.50139109546623
1107988,5026742,9.50139109546623
1107988,1978994,9.50139109546623
1107988,6239430,9.50139109546623
1107988,309941,9.491037418285327
1107988,309942,9.472650646754293
1107988,6195394,9.472650646754293
1107988,5216494,9.469693499986722
1107988,6025207,9.469693499986722
130510,1494936,20.3576119854147
130510,7125239,20.079038302926378
130510,1494935,19.73029536619437
130510,7501563,19.60682053944408
130510,996732,19.059010900004225
130510,996740,18.72732401219796
130510,8612906,18.33970538482796
130510,799647,18.151851641999745
130510,8612903,17.326974886990484
130510,1110766,17.183777061179995
130510,1494932,16.937420729511416
130510,8612909,16.819421381172422
130510,1494938,16.696892883871044
130510,1494930,16.631329305527977
130510,3995677,15.615590636205816
130510,8612910,15.361447461369718
130510,7501557,15.319013724525899
130510,7203252,15.099667686832028
130510,6486232,15.033902474476243
130510,6183638,15.033902474476243
130510,6763277,14.94129541293259
130510,8612902,14.84666057485915
130510,4089773,14.397269697392325
130510,2862522,14.36525761714636
130510,6035035,14.319087592089087
130510,8612904,14.02420645452586
130510,4022904,13.939707871939952
130510,2079377,13.914093157232351
130510,1494939,13.698973795007216
130510,1494933,13.59388937522106
130510,8514425,13.59388937522106
130510,1159414,13.49040488135668
130510,6815300,13.49040488135668
130510,1494931,13.487698774913127
130510,4189500,13.483965706120848
130510,1047769,13.29495602630628
130510,4022909,13.261643474653468
130510,2079375,12.995749339564295
130510,2862515,12.901139574445153
130510,7777478,12.840771085461997
130510,440983,12.827350521220763
130510,566525,12.748106275789612
130510,7479905,12.715993322381872
130510,7777480,12.704265249674425
130510,5415276,12.566086919593799
130510,7696346,12.530956841974792
130510,6621100,12.448027956786202
130510,7298861,12.440936274146477
130510,2881563,12.421403887948802
130510,5791683,12.380516539289186
130510,425596,12.37702796090612
130510,7298862,12.265564921304684
130510,7207412,12.263729713037597
130510,7708723,12.236060786110158
130510,7001679,12.229973661781067
130510,7001677,12.10470194782231
130510,5685710,12.06110084577197
130510,1063368,12.057060074240873
130510,2862518,12.025664620719994
130510,3163980,12.025664620719994
130510,6881821,12.022424779946771
130510,5736989,11.893454006079086
130510,7769643,11.893454006079086
130510,6985844,11.891225380635198
130510,6172269,11.8758074855208
130510,6294918,11.750842159928213
130510,6881820,11.746872460031609
130510,1959381,11.658780259251007
130510,464597,11.658780259251007
130510,7501558,11.631022397958557
130510,1262134,11.553936404577234
130510,870494,11.531641518525253
130510,4957920,11.531641518525253
130510,5685711,11.527574151666256
130510,4089767,11.460459793211289
130510,815703,11.377436189027941
130510,2407055,11.346546909024545
130510,1063364,11.340632638586806
130510,8335526,11.320811267744572
130510,1993575,11.320811267744572
130510,5930010,11.293877746087857
130510,3913778,11.248391720592677
130510,7603931,11.1870106805022
130510,8335524,11.117860985100176
130510,1382445,11.1107074805128
130510,6881818,11.08023417718884
130510,6996952,11.051882931403512
130510,5685706,11.050371716630515
130510,2961569,11.007218832854054
130510,3491084,11.007218832854054
130510,5984058,10.987534376779312
130510,7716745,10.90564024634848
130510,1766823,10.90564024634848
130510,5930018,10.860427935981878
130510,5424630,10.858743288755656
130510,984907,10.858743288755656
130510,8612905,10.832346281590656
130510,1476289,10.813122342773468
130510,2961568,10.80591932433114
130510,3963896,10.80591932433114
1127893,8698945,48.54224658885754
1127893,8698940,48.28644193667721
1127893,8698941,38.73075688073464
1127893,8698938,38.401066378542794
1127893,8698946,37.33873052840112
1127893,6497775,31.247109114821107
1127893,8698942,30.55455891378531
1127893,6788279,28.591607087416122
1127893,2773885,28.223751591376782
1127893,6366578,27.642891144353378
1127893,1073903,27.518155906990934
1127893,787350,27.498731279135857
1127893,6788282,27.210205638058042
1127893,8698939,27.08561952147199
1127893,5244192,26.954990724651687
1127893,5244189,26.883208009985186
1127893,3711749,26.864389665715045
1127893,783365,26.763420727885485
1127893,8698943,26.587877239410354
1127893,6497777,26.476725986637476
1127893,7691065,26.44914014936233
1127893,5357945,26.437798760670965
1127893,3003195,26.437798760670965
1127893,628367,26.43639472058461
1127893,7691064,26.282431550458245
1127893,1816373,26.18879014036628
1127893,787354,25.979368241804337
1127893,1073899,25.820029851982515
1127893,8518448,25.656282435075077
1127893,76632,25.533908896553655
1127893,787357,25.432359218500075
1127893,6497780,25.414855823071587
1127893,6167825,24.511371010230338
1127893,7373725,24.485604109303694
1127893,8222143,24.00247040762693
1127893,1073898,23.986067313021408
1127893,628365,23.939817969124178
1127893,916744,23.857863717611917
1127893,8068735,23.82244914090948
1127893,1073900,23.815941229251525
1127893,1073904,23.77841554452004
1127893,7035417,23.477621292929598
1127893,6366572,23.33299432101974
1127893,8692841,23.273859656585394
1127893,628363,23.215302577331517
1127893,8698944,23.116362550303073
1127893,8068740,23.101220065922455
1127893,7209380,22.830675661274118
1127893,1869158,22.787528719617516
1127893,8039150,22.78562918844321
1127893,181997,22.717896030275707
1127893,787351,22.698033527637993
1127893,787359,22.571504107547064
1127893,5994107,22.553767267506235
1127893,6497774,22.48276814923156
1127893,7738728,22.451946212941234
1127893,7877828,22.382212673672583
1127893,5994105,22.270903930313292
1127893,783373,22.267099630897683
1127893,4695787,22.24664613638793
1127893,5842882,22.149065635190166
1127893,5626214,22.11711945933195
1127893,5994102,21.948148527024344
1127893,5244196,21.847725863825136
1127893,8456303,21.84710725023503
1127893,3560027,21.841700437314667
1127893,8456326,21.755278408168063
1127893,8109831,21.741398898461576
1127893,1742583,21.72680047894216
1127893,7877836,21.71150935369914
1127893,2908384,21.697864789492176
1127893,8008456,21.624644444879255
1127893,8456302,21.541030506986402
1127893,4398925,21.495631247359956
1127893,7379917,21.461666219538973
1127893,2116165,21.461666219538973
1127893,1867094,21.336537777988983
1127893,8109828,21.303905904895043
1127893,5103326,21.035262191406918
1127893,575531,20.873816059177198
1127893,7497291,20.75390189303844
1127893,4366367,20.75390189303844
1127893,5994109,20.717480780973066
1127893,7633987,20.677113359569397
1127893,8698937,20.664901659075085
1127893,4578367,20.574589205968906
1127893,3478392,20.56098324928584
1127893,6788281,20.480987399756113
1127893,6788280,20.474979237969446
1127893,783371,20.465635893298554
1127893,575533,20.382843631992877
1127893,5308938,20.363604987932725
1127893,6788275,20.357807434682737
1127893,3358579,20.173629127972063
1127893,4998859,20.049098850928754
1127893,289430,20.04694096560365
1127893,7633986,20.04694096560365
1127893,2896028,19.913956858776004
1127893,7633985,19.88310737827283
1127893,3702552,19.88310737827283
1135377,8053974,34.370001774109326
1135377,8053973,31.874973688616823
1135377,8053978,27.891118689611986
1135377,8053977,27.891118689611986
1135377,24581,22.91685038840214
1135377,5674597,22.061267320062314
1135377,6888417,21.99878408839185
1135377,5674594,21.874366786760724
1135377,7267011,21.29804274636514
1135377,762503,21.28677131622969
1135377,7445171,20.96415049815048
1135377,6081149,20.953985607524885
1135377,5674600,20.851130968462098
1135377,4451167,20.349559344630993
1135377,5674601,20.24986585867613
1135377,5674598,20.231940681576916
1135377,6993085,19.800862418783872
1135377,8352437,19.529440802804285
1135377,296056,19.459118828415992
1135377,6081151,19.415846393184882
1135377,6740607,19.36991098000678
1135377,1903872,19.307547190247227
1135377,8053970,19.249039715274257
1135377,8599509,19.093344836211116
1135377,8352435,18.93141098105677
1135377,545635,18.891048178049378
1135377,3939539,18.84220186286263
1135377,8352440,18.820974988028937
1135377,2647414,18.76310810661461
1135377,8599513,18.7431653750511
1135377,296055,18.7431653750511
1135377,2623431,18.64516453504004
1135377,6888421,18.452205490826014
1135377,4603346,18.357215960443998
1135377,24584,18.17014096197714
1135377,6993078,18.09973897227259
1135377,254353,18.078026049162517
1135377,5395223,18.078026049162517
1135377,296060,17.986840392538483
1135377,8427967,17.986840392538483
1135377,5674603,17.896570001156398
1135377,2852804,17.896570001156398
1135377,6740604,17.896570001156398
1135377,7497325,17.88106482514888
1135377,3931116,17.852635056631268
1135377,6302867,17.71872044069277
1135377,6608648,17.71872044069277
1135377,3776299,17.6739006957618
1135377,7941944,17.658877249021714
1135377,3560649,17.631114659460223
1135377,8599511,17.631114659460223
1135377,6740605,17.631114659460223
1135377,7497320,17.55103899069707
1135377,7497323,17.55103899069707
1135377,7267017,17.544370905892414
1135377,568815,17.344859410757294
1135377,31783,17.25004022171145
1135377,3754469,17.247125518830416
1135377,22844,17.247125518830416
1135377,24583,17.205766612781865
1135377,8053972,17.043062278887533
1135377,8599508,17.04131888858327
1135377,6864973,17.04131888858327
1135377,3261593,16.867035192143685
1135377,8053975,16.763491340914555
1135377,5983334,16.721677015954945
1135377,3020618,16.704496539919383
1135377,8599510,16.566310912043342
1135377,8770071,16.563570877192998
1135377,1242660,16.484540530210666
1135377,5302441,16.450859923483097
1135377,3567691,16.390560128632725
1135377,5714861,16.38927815860573
1135377,653448,16.34438401236595
1135377,6864974,16.303636410350876
1135377,6915589,16.25648238474033
1135377,8599512,16.19024000296902
1135377,6874787,16.06737768435205
1135377,8176814,16.06613171940451
1135377,2907113,16.025479461404924
1135377,7293216,15.986422274227278
1135377,5674595,15.901457515891073
1135377,3776307,15.830567771633952
1135377,2907119,15.823215754412121
1135377,7402172,15.723963739394595
1135377,3099012,15.705372164378904
1135377,6888418,15.691542041993952
1135377,4030318,15.598495368954332
1135377,4860720,15.590825665079025
1135377,1074624,15.585388408582725
1135377,583399,15.455678226337042
1135377,3070606,15.455678226337042
1135377,8197552,15.455678226337042
1135377,6864977,15.455678226337042
1135377,6962942,15.381878721371045
1135377,7445178,15.322853674716633
1135377,762506,15.322853674716633
1135377,8510916,15.290455915355508
1135377,6888420,15.222648213171333
1135377,4463033,15.192292632525508
1126206,2100767,25.82564162957507
1126206,5948394,22.560938685567518
1126206,2382881,22.46928980896464
1126206,2382878,22.426990375205065
1126206,1242148,22.353807603661537
1126206,1242144,22.2591134443952
1126206,369962,22.082918139448182
1126206,2382884,21.912381963114306
1126206,4591259,21.912381963114306
1126206,4290828,21.84862905920604
1126206,8131522,21.795968606420622
1126206,8131525,21.795968606420622
1126206,1200863,21.702002435616848
1126206,1242141,21.646516986355962
1126206,2263540,21.64336864923927
1126206,369963,21.60885927760629
1126206,8131527,21.579650243950045
1126206,6265029,21.56500319602891
1126206,3543549,21.236253206126467
1126206,5939655,21.113761725833776
1126206,2382879,21.07919196267878
1126206,3811275,21.048045222110016
1126206,1242146,21.033329538886868
1126206,2547468,20.940539537331727
1126206,5948392,20.940539537331727
1126206,8143166,20.93680381460884
1126206,2100770,20.907494778520977
1126206,4835940,20.804294234083258
1126206,7644241,20.698802163505636
1126206,7979003,20.663280706055303
1126206,6188821,20.65362625341609
1126206,3811273,20.601965197251182
1126206,3825039,20.561011941384578
1126206,2382887,20.50481398241851
1126206,7796272,20.4215639032679
1126206,7657597,20.356318891127263
1126206,1242147,20.340241692382833
1126206,7617222,20.3031537188225
1126206,148450,20.25035533537812
1126206,3811267,20.247408048023644
1126206,3635870,20.237762314845238
1126206,96677,20.196424740487714
1126206,8131521,20.178290078537096
1126206,3825042,20.167335654360624
1126206,8049273,20.136571182173284
1126206,1242140,20.074707644885727
1126206,4040780,20.07063587022154
1126206,7467497,20.045083699883282
1126206,782929,20.039876132127624
1126206,5322075,19.99401578467907
1126206,3635873,19.934899046117458
1126206,4530691,19.934899046117458
1126206,8131524,19.913711125305625
1126206,7617219,19.795857073847728
1126206,7617217,19.742323483384226
1126206,7214854,19.65631066398329
1126206,4813078,19.638241937511445
1126206,3543550,19.63758035983709
1126206,7588150,19.63758035983709
1126206,5747927,19.62703617281528
1126206,4934505,19.62314175475627
1126206,5948393,19.601995977390093
1126206,148449,19.572323282102612
1126206,7105401,19.506300871495824
1126206,52177,19.499789869049884
1126206,2361058,19.49865570080862
1126206,7945753,19.49577568052842
1126206,5537945,19.465064417763507
1126206,4435443,19.42683780558728
1126206,5678210,19.407042252573476
1126206,438694,19.369598789625392
1126206,2884331,19.318165140909876
1126206,4040782,19.297997407628685
1126206,8835213,19.292676107618433
1126206,3338475,19.178864407006756
1126206,6188820,19.175521124687144
1126206,6283290,19.15003336952786
1126206,7774162,19.126961378631698
1126206,5939653,19.12655333846907
1126206,7657600,18.92326625439116
1126206,5980488,18.863436208575266
1126206,2547475,18.85330145786093
1126206,4063179,18.848902742616346
1126206,4118979,18.84574741069335
1126206,2538121,18.791523510634434
1126206,1161970,18.77244153569898
1126206,7225663,18.742372478256996
1126206,5537952,18.66549720716661
1126206,7588149,18.657295811918843
1126206,6254746,18.635746852694737
1126206,3825044,18.631169930796666
1126206,4040783,18.631169930796666
1126206,5678204,18.624971428891207
1126206,8092454,18.56885610021553
1126206,138268,18.562705114519567
1126206,4959177,18.413911450636313
1126206,4050787,18.373244806724774
1126206,3811266,18.373244806724774
1126206,4488459,18.34634057666102
1126206,8143158,18.335191965992383
645693,8516620,28.563625834421643
645693,8516621,28.563625834421643
645693,8516618,23.50136322911772
645693,8078496,18.856644575511908
645693,8516616,17.956099070960626
645693,3834194,17.869564003922754
645693,3112254,17.28333857099515
645693,6987625,15.804564060022553
645693,1704990,15.531476056910314
645693,8516615,15.215783047617096
645693,1704986,15.177212277618672
645693,1704987,15.004038952389688
645693,6984498,14.274430179435575
645693,7503964,13.956674851602358
645693,8535236,13.931180692359344
645693,1049609,13.888635069378703
645693,1415319,13.677527985706337
645693,8414264,13.517709522661324
645693,7139356,13.502945705693625
645693,6902944,13.3433699341856
645693,5317112,13.27126413292445
645693,1415323,13.18256081238387
645693,529203,13.088770580724285
645693,7023523,13.057479868302163
645693,2954562,12.972197418635272
645693,2474129,12.775949636121391
645693,3443425,12.736737948493575
645693,8207115,12.68563931998053
645693,6135345,12.595332949780769
645693,357733,12.59373379174663
645693,2474132,12.58565860467973
645693,5395369,12.575579171926988
645693,340449,12.51131188339402
645693,529204,12.469063495814519
645693,212721,12.461221636896532
645693,5846058,12.442908843053228
645693,2474130,12.40394597759028
645693,1271603,12.370985947708142
645693,5403450,12.333984262254447
645693,6260859,12.184854720166186
645693,4283764,12.130326430997606
645693,529208,12.122178999494626
645693,1920170,12.038106231743635
645693,8642816,12.002068554806042
645693,8014708,12.002068554806042
645693,7902799,12.002068554806042
645693,5380990,11.956898590301885
645693,6984494,11.947907977644773
645693,7896546,11.877992849812621
645693,571240,11.843650925587273
645693,5610271,11.781685121039327
645693,7739714,11.755722294161222
645693,4923901,11.7518445034469
645693,5984071,11.73887842362657
645693,902078,11.693998724481384
645693,3839117,11.647931781572575
645693,2098255,11.635046985256494
645693,5750570,11.633089426881039
645693,1535372,11.607607915331737
645693,2326960,11.602984876330684
645693,5687564,11.55838351889528
645693,7267162,11.470201629803844
645693,2643656,11.470201629803844
645693,1916462,11.45234636187676
645693,678018,11.444398214231125
645693,851790,11.43859987589206
645693,8056847,11.426613339600626
645693,345145,11.426613339600626
645693,2439120,11.383355077833928
645693,3077115,11.383355077833928
645693,7172725,11.35614215155792
645693,6761531,11.355240727699329
645693,3090292,11.355240727699329
645693,80359,11.297813759427187
645693,3934396,11.274442757549744
645693,571242,11.245671802870582
645693,5158037,11.213548469140672
645693,4248509,11.194118493469862
645693,4603523,11.171885445208158
645693,928258,11.171885445208158
645693,8652947,11.13053086640158
645693,1724633,11.13053086640158
645693,3138123,11.095912884067737
645693,7914640,11.059541834297185
645693,2474128,10.888693093094224
645693,5532951,10.848165484439662
645693,529206,10.82074595039413
645693,3919221,10.771672737955273
645693,3097003,10.762649592041829
645693,7098102,10.747302668211484
645693,5216235,10.714608729214666
645693,6226338,10.708294678734223
645693,7739720,10.705173738474505
645693,1323003,10.705173738474505
645693,460867,10.689056689044651
645693,7914642,10.657140865472405
645693,7902795,10.648308501440212
645693,7015477,10.648308501440212
645693,4344497,10.648308501440212
645693,2219404,10.648308501440212
1133328,7793498,27.99590914500216
1133328,7906344,26.848438057639193
1133328,5213266,25.14774343076058
1133328,2680672,24.997470109666807
1133328,5393194,24.38254253578649
1133328,7793495,24.324962530533675
1133328,7066225,23.908751664445006
1133328,5127954,23.67828766663446
1133328,933779,23.415178085913613
1133328,2680670,23.40221721285167
1133328,3464418,23.225744061829893
1133328,8825526,23.165161462830202
1133328,4223449,23.14726640455546
1133328,8405728,21.997795626552026
1133328,8445541,21.906198830103026
1133328,6548352,21.869507409964015
1133328,5654659,21.795741236337328
1133328,6004627,21.785848306188456
1133328,3028406,21.7813465629767
1133328,2680673,21.47662054179547
1133328,3835263,21.458259768433592
1133328,5135644,21.37535027666337
1133328,8241735,21.35031191377208
1133328,2680668,21.35031191377208
1133328,5127953,21.09487198956773
1133328,1478998,21.02568857427033
1133328,2693400,20.601105483560143
1133328,4741212,20.601105483560143
1133328,5607245,20.54864909118788
1133328,7944635,20.478652039416346
1133328,74706,20.446256238756188
1133328,7552619,20.35967796378294
1133328,1817973,20.353899678624817
1133328,5607247,20.180719950358977
1133328,1817969,20.131120847782086
1133328,7387467,19.957957120247272
1133328,2318026,19.828556575665154
1133328,8313676,19.712071355789575
1133328,17481,19.708571373536792
1133328,5440597,19.66520948464168
1133328,3717260,19.6332297332865
1133328,5518214,19.576291049099783
1133328,5792854,19.576248858068503
1133328,1347796,19.57379004106748
1133328,5607244,19.51991613898077
1133328,74709,19.50752530718334
1133328,1479000,19.41275515080325
1133328,3412604,19.29203441191936
1133328,7906348,19.28111667139089
1133328,1407789,19.26961374174283
1133328,6647044,19.25701868683489
1133328,2744423,19.230954126540293
1133328,3156090,19.226065199694915
1133328,2574751,19.127478094821228
1133328,17477,19.065067113310608
1133328,6395115,19.034043176355475
1133328,3087996,19.010318807590828
1133328,3028409,18.97352986294755
1133328,2680674,18.926880479305748
1133328,8409820,18.8066947409365
1133328,4366726,18.772619912124696
1133328,2372179,18.67467395051834
1133328,8405726,18.649268413101268
1133328,8539214,18.617056201594043
1133328,8557037,18.607328471273618
1133328,8472258,18.607328471273618
1133328,5135637,18.56508423517557
1133328,1925200,18.547209123560947
1133328,2276565,18.480498185475156
1133328,2276562,18.479831560247362
1133328,2693402,18.463598726443003
1133328,1347797,18.46025001611578
1133328,2372177,18.43800547279818
1133328,2268101,18.28466150340335
1133328,8196887,18.23979374047524
1133328,3476613,18.22173552923227
1133328,7775739,18.13672384758327
1133328,3822548,18.118476287635268
1133328,2699043,18.10786419866889
1133328,7099022,18.06126663923436
1133328,7793497,18.028377233977892
1133328,5619692,17.95379337621207
1133328,2268104,17.79306933601113
1133328,4342532,17.75701393344636
1133328,3283038,17.75270589590916
1133328,8053354,17.700273232521567
1133328,3464417,17.689635119994847
1133328,3863811,17.67880070034528
1133328,3717259,17.65855055635236
1133328,4899456,17.621819647655443
1133328,5515093,17.59074120028137
1133328,1817968,17.586072440282095
1133328,2693395,17.577592576517844
1133328,6588071,17.532942670667378
1133328,5619691,17.532942670667378
1133328,5135639,17.46110828061878
1133328,2468754,17.460971764981082
1133328,639464,17.454336473846553
1133328,8236828,17.454325338293106
1133328,1604855,17.4394360658411
646207,7636630,18.21189891748388
646207,7636635,16.70973579005907
646207,3860622,16.20988438742204
646207,1471831,16.151556794215637
646207,2749862,15.540380029699502
646207,2302746,15.239793582898958
646207,7200030,15.208295051681388
646207,394743,15.199215924285085
646207,7200032,15.18189158816877
646207,7555134,14.932004539302863
646207,7451527,14.456743234700145
646207,5404000,14.334214244776572
646207,1981883,14.27617155059934
646207,7711735,14.21604674329526
646207,7761583,14.207944825417886
646207,1716250,14.145657331604498
646207,735115,14.101865103488842
646207,827724,14.0846910035051
646207,1973817,14.082574378104601
646207,1254905,14.05874173036344
646207,6482895,13.912672146482203
646207,539933,13.846221995494162
646207,3686490,13.839545757353733
646207,655423,13.839545757353733
646207,3679034,13.748358742909186
646207,1906390,13.702526825611248
646207,6610612,13.624707305538792
646207,8659336,13.558596978312597
646207,1558375,13.554569101778323
646207,8081552,13.554569101778323
646207,1558378,13.554569101778323
646207,1716244,13.554569101778323
646207,969196,13.554569101778323
646207,4509520,13.554569101778323
646207,7279088,13.548253031233084
646207,7278422,13.543789238794753
646207,5420892,13.543789238794753
646207,7542326,13.500538362992543
646207,3656580,13.477820295347623
646207,7610760,13.475415766132109
646207,1787422,13.427460027468724
646207,1548736,13.418383883495693
646207,2424063,13.416436990711041
646207,733700,13.408573123292763
646207,1219401,13.288866685816341
646207,3052604,13.286909709975193
646207,6776445,13.284471915346547
646207,3418496,13.240491693740971
646207,1877973,13.209555173216097
646207,886145,13.208434768897515
646207,4231940,13.19406192607002
646207,1981877,13.19111858063168
646207,910569,13.19111858063168
646207,8081549,13.148450135381957
646207,4509523,13.148450135381957
646207,7823268,13.148450135381957
646207,4231941,13.148450135381957
646207,7043142,13.147755356168908
646207,2777201,13.134999000059452
646207,3629317,13.117789486754592
646207,156015,13.117789486754592
646207,8393357,13.117789486754592
646207,7901719,13.101602483719837
646207,445484,13.099134254873405
646207,1677244,13.099134254873405
646207,539931,13.06523700053902
646207,7116322,13.06523700053902
646207,6271327,13.032062728060247
646207,3826381,13.018431689641147
646207,7685721,13.008487685664276
646207,5700557,13.008487685664276
646207,8097550,13.008487685664276
646207,4735913,12.954381988182275
646207,918902,12.921644631878756
646207,6966351,12.919148599768334
646207,5703484,12.919148599768334
646207,1716247,12.890959440568963
646207,7188762,12.889055227711257
646207,8617424,12.862877484166198
646207,4725280,12.861486563837614
646207,6943620,12.846031976807364
646207,1787420,12.846031976807364
646207,8605238,12.831087663993184
646207,7531023,12.744276447961525
646207,1155752,12.737054610975342
646207,156020,12.710775575997527
646207,7131872,12.699547613156517
646207,7367298,12.661220591991047
646207,5961574,12.661220591991047
646207,7023174,12.661220591991047
646207,3814891,12.661220591991047
646207,93918,12.661220591991047
646207,7531905,12.64245714758279
646207,4582078,12.582939317076885
646207,8516662,12.582939317076885
646207,5505452,12.5768382256326
646207,7304244,12.574293756761445
646207,1182470,12.574293756761445
646207,4986154,12.574293756761445
646207,2748150,12.570993377342006
1012021,3704757,21.25524397036892
1012021,8682468,20.94064353570125
1012021,3713223,20.80373048130284
1012021,2670865,20.02496711443671
1012021,7318516,19.952191729594777
1012021,6455837,19.941146746602456
1012021,1436124,19.621584437145913
1012021,1086679,19.238214934927687
1012021,2842368,18.41936068308219
1012021,584502,18.35747610490324
1012021,1909785,18.303228621510037
1012021,3524496,18.171646902305344
1012021,7349470,18.150531629953022
1012021,8792785,17.962522927217627
1012021,1941265,17.950191923399835
1012021,8324555,17.72029357806258
1012021,677551,17.442468794443048
1012021,942684,17.43685087158957
1012021,337166,17.390157318485578
1012021,1941270,17.38567070790539
1012021,1941271,17.38567070790539
1012021,865129,17.376959705120804
1012021,1394577,17.315557783687815
1012021,6022467,17.281358131599568
1012021,3915440,17.04575751458679
1012021,5686362,16.900196680654144
1012021,5987983,16.867209434786915
1012021,2434427,16.85087458051323
1012021,8000877,16.80974704030875
1012021,1181129,16.79713957237429
1012021,6947672,16.707861074265537
1012021,5561361,16.679991942690265
1012021,8124311,16.658369382387676
1012021,6090597,16.430808533065523
1012021,6090595,16.256013344797303
1012021,5379898,16.251117606339726
1012021,4286512,16.23095052593967
1012021,3885029,16.1398816792455
1012021,8682472,16.11910072507012
1012021,2006019,16.073132927291756
1012021,8196692,16.018923258081927
1012021,373518,15.983176421494669
1012021,5360262,15.95191328606866
1012021,92815,15.947097386684913
1012021,3580836,15.913788697740847
1012021,2495554,15.796723931382736
1012021,8570334,15.763051650343694
1012021,1696677,15.763051650343694
1012021,5984760,15.674611008213201
1012021,8158645,15.674611008213201
1012021,6985010,15.659450500881057
1012021,1036354,15.618338370736609
1012021,8000874,15.5394573284565
1012021,8000876,15.5394573284565
1012021,5181315,15.498194349261752
1012021,2881496,15.435962724130107
1012021,1173088,15.431691376595971
1012021,2454609,15.420414174435304
1012021,8169946,15.408169339293302
1012021,2735383,15.394172301017637
1012021,1544130,15.353336002292927
1012021,7398148,15.300049566499268
1012021,5274703,15.286136347631269
1012021,3795087,15.285859532413355
1012021,1696673,15.279081186289662
1012021,6762072,15.251157256008504
1012021,4737561,15.204472370732322
1012021,2670871,15.200498228209117
1012021,2735389,15.184374821681798
1012021,2605614,15.150805002049955
1012021,3885031,15.141565384713283
1012021,5638768,15.079827384838435
1012021,802254,15.0301180485564
1012021,8262077,14.993129488591409
1012021,606009,14.927229501610109
1012021,584499,14.904476399529871
1012021,214598,14.904476399529871
1012021,8117256,14.78365699058406
1012021,2738606,14.71091462714276
1012021,2689067,14.697023225826754
1012021,6305416,14.679289588481868
1012021,1037469,14.664780615541087
1012021,1036356,14.664211595452528
1012021,7016043,14.55640213977556
1012021,1037467,14.547800776100036
1012021,7828644,14.525784811497749
1012021,7318520,14.507395669348853
1012021,1140526,14.501662655369593
1012021,6090596,14.499280847381964
1012021,6301482,14.483889778106661
1012021,373520,14.41664737157086
1012021,8223542,14.411950749520846
1012021,6308112,14.401882592163311
1012021,7238936,14.375457280280864
1012021,422963,14.347997091071
1012021,6393104,14.347997091071
1012021,1483421,14.339201295043658
1012021,373521,14.319692139364822
1012021,1941268,14.319352012596774
1012021,1811946,14.256671061447534
489204,1479542,24.415695347710635
489204,1310106,23.840099448090754
489204,1310108,23.777442801177493
489204,1310107,23.777442801177493
489204,1051498,23.74909213987443
489204,5583224,23.59019836988497
489204,3049941,23.495346238935802
489204,1310101,23.48791070161613
489204,2268657,22.032672466023712
489204,1950269,21.7659282750789
489204,114148,21.70327261189632
489204,973923,21.33081938908886
489204,678245,21.073084547326967
489204,6661536,21.03058965386611
489204,3778489,20.78184678932708
489204,1418931,20.705379755975702
489204,5705357,20.6958783349751
489204,753265,20.617375544070555
489204,1778458,20.60880395614616
489204,528349,20.595423810689596
489204,420282,20.480042505509182
489204,5895917,20.39918039173382
489204,420290,20.396540020097344
489204,4917998,20.38233212016307
489204,528348,20.286653405199523
489204,7718090,20.1205498954008
489204,3728444,20.10405501623513
489204,1950273,20.03697972804919
489204,5629373,20.009475658120405
489204,7116533,20.009475658120405
489204,855969,19.981802500932957
489204,8737051,19.981631605315123
489204,1538587,19.802625563068414
489204,8737053,19.768137919706174
489204,8083618,19.65819202336033
489204,4279451,19.626671202984067
489204,8238825,19.598277513812334
489204,3980122,19.533148641794984
489204,7734612,19.487656127538305
489204,4918001,19.44593431384677
489204,5815958,19.441173324494788
489204,6345480,19.367461257029486
489204,6672435,19.191596705979272
489204,535375,19.159736109404207
489204,3744940,19.15246280868052
489204,6332633,19.085532839988794
489204,5008186,19.07064834274326
489204,2525903,18.977240864019834
489204,1759354,18.9633980884852
489204,8737052,18.888009885846568
489204,216490,18.70025235176186
489204,3012141,18.58040474469506
489204,8420374,18.536203056805075
489204,3380602,18.529993799733084
489204,1310103,18.475191754930407
489204,2268654,18.405771628410477
489204,5711936,18.398614813608294
489204,883657,18.289096751413197
489204,4751339,18.289096751413197
489204,6327176,18.256353532132877
489204,1373674,18.23224483235056
489204,8594274,18.214925522989944
489204,7910557,18.214925522989944
489204,7564977,18.19540647352989
489204,2097512,18.180925199684165
489204,1040449,17.96272706426972
489204,1736553,17.91720106811794
489204,1378162,17.895336455499404
489204,855963,17.864235660559977
489204,2203762,17.864235660559977
489204,7016858,17.848715102939245
489204,4751341,17.842027563133044
489204,4565203,17.840596000307777
489204,6029722,17.799144882115773
489204,2268655,17.755860126118737
489204,615105,17.66713307114327
489204,5815957,17.66501704605252
489204,2959687,17.66406533971723
489204,7840815,17.659387775989273
489204,6921252,17.659387775989273
489204,2012607,17.648969078874458
489204,4155443,17.648969078874458
489204,4929953,17.57908326062914
489204,8463821,17.578430077299693
489204,5842848,17.512470498604248
489204,2268652,17.492096173903374
489204,8398353,17.490416126178193
489204,1378170,17.484818783307833
489204,1688164,17.41719770118161
489204,152948,17.416476081551217
489204,4829793,17.416476081551217
489204,3155853,17.361481563738685
489204,892882,17.36107635677726
489204,8143854,17.36107635677726
489204,3794707,17.294922014621832
489204,556280,17.294922014621832
489204,556282,17.28679138378363
489204,7358643,17.28288640287198
489204,7564980,17.276817354739485
489204,8620356,17.263942359389866
1119075,7133137,38.69607014052862
1119075,7133141,37.05282172223607
1119075,2067687,34.9373674246514
1119075,8075061,34.32253937610122
1119075,8165856,34.00853601334309
1119075,7105865,33.75946359576731
1119075,3346258,33.066545889006115
1119075,7133139,32.418599289885364
1119075,6670854,32.11089969124097
1119075,7133140,32.065766194134056
1119075,7134112,32.019576417924384
1119075,1379739,31.50734255383715
1119075,653852,31.226917028489165
1119075,5890177,30.985484867982848
1119075,6982584,30.985484867982848
1119075,8075059,30.913647114391722
1119075,6670853,30.861528562006605
1119075,6982582,29.83427592874747
1119075,7133143,29.62575972448245
1119075,7215257,29.583060563364064
1119075,6982585,29.521306823319485
1119075,5890183,28.767549874869825
1119075,8075058,28.476963905695694
1119075,653853,28.22468433273491
1119075,8075063,28.19679314780211
1119075,16173,27.988812849186143
1119075,6196347,27.899477558460845
1119075,2492801,27.83956162527778
1119075,7215260,27.579015456126612
1119075,2988032,27.54074003169991
1119075,7215263,27.43777186212087
1119075,1379744,27.381494043804267
1119075,4353429,27.372439413168713
1119075,16175,27.37223584755116
1119075,5890184,26.980183643024
1119075,2067685,26.87533394981907
1119075,6670855,26.862837688840983
1119075,6670851,26.75102806616438
1119075,7105868,26.733328123700986
1119075,8165857,26.733328123700986
1119075,653849,26.700432872575675
1119075,16174,26.59941742357961
1119075,653845,26.45377143623758
1119075,6670859,26.211743380006027
1119075,1379738,26.049726658860777
1119075,7133142,26.02316781055965
1119075,653844,25.93384876418443
1119075,6670858,25.800318699092003
1119075,1379740,25.779807685206308
1119075,1955506,25.518082578238
1119075,16178,25.391665030013147
1119075,6196343,25.35341704903309
1119075,1379736,25.23159229801754
1119075,7215259,25.1798091132819
1119075,5890182,25.1798091132819
1119075,16176,25.139331959221614
1119075,6670860,25.080753541958906
1119075,6196344,24.88547564119933
1119075,1379745,24.841498313325992
1119075,7133144,24.79721745553548
1119075,4503603,24.79052879398085
1119075,6670852,24.79052879398085
1119075,2564262,24.770097715641718
1119075,1379742,24.2784612148959
1119075,7215261,24.278137765075392
1119075,7215258,24.109305219773855
1119075,754873,24.0964113594047
1119075,5890179,24.0964113594047
1119075,7356070,23.917071353253046
1119075,8075062,23.90760244453484
1119075,6670856,23.831107145180738
1119075,2067690,23.74038113843613
1119075,7105867,23.74038113843613
1119075,7105866,23.74038113843613
1119075,2067684,23.566282418676877
1119075,6196345,23.395604796852545
1119075,5890185,23.395604796852545
1119075,8165862,23.395604796852545
1119075,7105864,23.394718595298528
1119075,16171,23.345076667446897
1119075,6670857,23.31303082605424
1119075,1379741,23.225634705878125
1119075,1379737,23.05897736554123
1119075,3540676,23.05897736554123
1119075,1516867,22.405366962735997
1119075,8165861,22.36156845437739
1119075,16177,22.31540368725379
1119075,5833085,22.2603239734108
1119075,6196341,22.237637535544643
1119075,6196346,22.068948178202287
1119075,2870496,21.683935244294936
1119075,6196342,21.36888063290195
1119075,5890181,21.1936659199363
1119075,7133138,20.858118091424082
1119075,8165855,20.844401164654798
1119075,1760640,20.725695248069385
1119075,4803227,20.674050335347346
1119075,3987175,20.674050335347346
1119075,7083493,20.674050335347346
1119075,3544531,20.50646131879448
573724,2417985,24.973570851928123
573724,394136,23.197492468965102
573724,394139,23.17805564724027
573724,7104826,22.758645423249874
573724,7384325,22.628833183806442
573724,5047796,22.529676605891325
573724,3365633,22.331674423466296
573724,1293333,22.19209758502825
573724,3365638,22.03839553183709
573724,3365631,22.02458620751951
573724,7199669,21.872847752209346
573724,5310530,21.760589760837735
573724,7199675,21.751606581806445
573724,8441642,21.57536958667555
573724,8833192,21.432713829313464
573724,1165129,21.41771765511273
573724,3365636,21.414727886277284
573724,2002448,21.372019747905334
573724,7609926,21.342995063471065
573724,7674858,21.266306601919375
573724,7199672,21.142381045344806
573724,3617636,21.137037429771958
573724,8444730,21.123170463830718
573724,87409,20.936795165810732
573724,1509942,20.921798832961038
573724,7199667,20.913666626826164
573724,7199674,20.849096918715862
573724,87405,20.839594039313326
573724,3146238,20.766028777269216
573724,5384308,20.530515584252164
573724,7199673,20.423482932655386
573724,5339620,20.34795830091392
573724,1509940,20.340633110317455
573724,3365639,20.14107483772434
573724,1816038,20.086697739001746
573724,394138,20.06087488434044
573724,7609928,19.93382687805541
573724,3146236,19.89328275941745
573724,1509939,19.867164034615282
573724,5962423,19.753521790536034
573724,2186124,19.627714506979164
573724,7104827,19.59263549997367
573724,41433,19.588466818588078
573724,7609930,19.53203608129973
573724,5306910,19.425071196797845
573724,7104825,19.395607128840133
573724,5962426,19.37347696148221
573724,5962419,19.29914524972866
573724,3546092,19.280090744307106
573724,2133806,19.261257094977317
573724,394142,19.230914037636644
573724,7609929,19.187444730004646
573724,7384332,19.126256047627113
573724,87404,19.119051816968707
573724,5185671,19.11711040192793
573724,7134411,19.066801967863256
573724,8833199,18.945579555439462
573724,5962424,18.895763013990646
573724,4360246,18.886193536110092
573724,1165128,18.822070063917785
573724,7964601,18.816288804323676
573724,5185664,18.81247504980941
573724,305009,18.78302374609621
573724,1113579,18.65805892627786
573724,7530702,18.606427845174927
573724,8444727,18.51862771494102
573724,8047166,18.518542379173383
573724,7589690,18.42957430749762
573724,2002445,18.417438251478664
573724,5721833,18.415117571885794
573724,7384331,18.26301418744159
573724,394141,18.150914543037118
573724,7609933,18.134825753425144
573724,3365640,18.021995529879284
573724,3365632,17.982358830622026
573724,8404002,17.970154682280704
573724,162145,17.964722125809455
573724,6121093,17.963527843608933
573724,3059590,17.86378229496699
573724,3059593,17.86378229496699
573724,4017883,17.819320146429614
573724,7674859,17.698285736229398
573724,5721831,17.69552703634261
573724,3492364,17.579294262252933
573724,7056648,17.568104435132774
573724,1862686,17.568104435132774
573724,104856,17.521354863204223
573724,1790546,17.464703028582154
573724,6496777,17.464703028582154
573724,7384327,17.457493926635845
573724,87402,17.43988516442605
573724,5785713,17.351717088294965
573724,8833194,17.31358283044777
573724,6121091,17.304842224362556
573724,1005341,17.13042150038281
573724,3365635,16.99683902343231
573724,8573962,16.94574712142513
573724,3701495,16.94574712142513
573724,8444728,16.94322964588219
573724,1005335,16.915138562047147
600573,6197299,31.24246425072812
600573,1048866,29.149266145660143
600573,2196128,26.32240839886459
600573,8516012,25.786534591548115
600573,8548609,25.213298033259186
600573,5623755,24.650795791986855
600573,4140572,24.249676536610636
600573,3172848,24.17940493222747
600573,2718565,24.147854411297313
600573,304953,23.57939157494829
600573,1050102,22.498145926562252
600573,7053094,22.498145926562252
600573,4015557,22.13869340852706
600573,1883936,21.155020423968523
600573,4862692,20.9091766155352
600573,2081549,20.790760466389724
600573,7340547,20.0840621586934
600573,3674379,20.023519831272456
600573,956656,19.811719087001897
600573,7016914,19.59525227516079
600573,583901,19.529943372666608
600573,569268,19.429520192557955
600573,3513512,19.374345888566296
600573,4237,19.212699394970997
600573,1374242,19.201237896854618
600573,5376014,19.197693995292695
600573,5361884,19.119636767021923
600573,458186,19.013428303651537
600573,3661136,18.939260134377008
600573,1312376,18.915909152622312
600573,4117500,18.902970694864244
600573,917137,18.882465272072405
600573,2573979,18.77736388986958
600573,1493506,18.62042655270556
600573,8392579,18.614611839155497
600573,6455045,18.447760460813274
600573,7487162,18.429466392161608
600573,3071857,18.398905978966653
600573,4160074,18.36908803654344
600573,5871726,18.36732803847621
600573,1192890,18.364982537353878
600573,4813466,18.28721287963747
600573,1374642,18.278275915570173
600573,6455050,18.178624465343937
600573,2039198,18.12630141711139
600573,8451453,18.05900900813657
600573,5560542,18.00708609296648
600573,6312429,17.954852978154424
600573,8286403,17.931173702684983
600573,171859,17.90922177951382
600573,2065519,17.851143363310058
600573,1434830,17.848804852036462
600573,3261213,17.80821245250838
600573,8434756,17.789238520454695
600573,5136316,17.749553265610253
600573,6828287,17.65419890999583
600573,3071848,17.588347268636365
600573,405052,17.5766390527015
600573,4358052,17.542832806647528
600573,4615766,17.513859570828274
600573,3375034,17.50645530755382
600573,2143662,17.414903928041458
600573,8280787,17.3792566934596
600573,2065513,17.28985136409186
600573,3780987,17.215190712762233
600573,3745787,17.16912841483734
600573,7108675,17.138354405178646
600573,1947759,17.097475489612492
600573,7452054,16.990671138907658
600573,171860,16.960589607192965
600573,7703895,16.957949891459336
600573,2866002,16.91362890349514
600573,1790844,16.86220056773145
600573,1312374,16.819296148916486
600573,6416485,16.8188379189339
600573,3419485,16.731612138936946
600573,3561319,16.69375265176474
600573,4383363,16.68262019797394
600573,423563,16.66746738915078
600573,6990308,16.666289631331715
600573,8778026,16.616986840081623
600573,3924768,16.57306252312066
600573,566496,16.53373945212375
600573,3774833,16.50348688797927
600573,3044272,16.439428950420886
600573,4268991,16.42997176602146
600573,5764681,16.426986555587547
600573,4194852,16.414562347241183
600573,708221,16.38046422568871
600573,8230187,16.371091542938554
600573,3321699,16.36881311393299
600573,7138428,16.33641275331409
600573,614204,16.291479596569317
600573,3745783,16.290576296427876
600573,8595037,16.218671288169578
600573,1491688,16.196624177118068
600573,4455570,16.18138367138815
600573,6706138,16.163799456270926
600573,5440709,16.154277833283075
600573,583897,16.131326319021824
1120447,8062204,24.01513578565953
1120447,815123,23.64006865802687
1120447,8062202,23.525932102773385
1120447,5664635,21.20783669287417
1120447,5664641,19.644728412119264
1120447,5664639,19.08745048757664
1120447,8744940,18.891477245724136
1120447,8062206,18.224757028874816
1120447,4416185,17.919017989623036
1120447,815126,17.669066482191717
1120447,5664637,17.535666748533686
1120447,2458314,17.50754613928733
1120447,4036642,17.297134542903365
1120447,815122,17.165892376759345
1120447,815118,16.907617640086087
1120447,1670842,16.745174819337493
1120447,5409309,16.66754308507416
1120447,227632,16.628746800209985
1120447,1788612,16.61274931937406
1120447,4416188,16.48691268756409
1120447,4537805,16.393117145452155
1120447,6981002,16.3314032520271
1120447,815119,16.28815291007718
1120447,7148039,16.263814945506184
1120447,862123,16.24045926294815
1120447,4798711,16.203627750610146
1120447,1596861,16.18317651518622
1120447,6523749,16.163410707761876
1120447,6138608,16.125812313040644
1120447,5236509,16.08701235540341
1120447,862130,16.041539727402167
1120447,4798708,15.996580575254267
1120447,666381,15.755766042883332
1120447,2746259,15.695744283920831
1120447,8123414,15.468159541214558
1120447,7395206,15.453557579895108
1120447,5341713,15.40601435072061
1120447,213427,15.40601435072061
1120447,223002,15.40601435072061
1120447,8692777,15.384136938275219
1120447,8062205,15.370594816783555
1120447,2458312,15.351541530571373
1120447,8062207,15.350958570242739
1120447,767501,15.333280049372238
1120447,649440,15.333280049372238
1120447,3224848,15.32010622613386
1120447,6931239,15.308622380864065
1120447,6897857,15.298305930620272
1120447,3897134,15.282728400822567
1120447,2104085,15.265123825674385
1120447,5662956,15.250121412412962
1120447,4537800,15.24600223401379
1120447,4233907,15.18278369229388
1120447,826793,15.172619763466946
1120447,3897131,15.172619763466946
1120447,8647324,15.172619763466946
1120447,7914447,15.128641425745963
1120447,8059491,15.126786881576443
1120447,5870526,15.126786881576443
1120447,6991144,15.126786881576443
1120447,7017479,15.126786881576443
1120447,7036820,15.100201137649977
1120447,416113,15.084145225701667
1120447,7148038,15.078952697588758
1120447,227637,15.074146979942313
1120447,6919049,15.074146979942313
1120447,824835,15.060000748525155
1120447,222534,15.060000748525155
1120447,222411,15.060000748525155
1120447,492271,15.060000748525155
1120447,8062198,15.060000748525155
1120447,2697618,15.056094629912607
1120447,6424223,15.056094629912607
1120447,215361,15.056094629912607
1120447,4427184,15.05213630151655
1120447,213426,15.035946830754748
1120447,3475847,15.035323148475582
1120447,1622935,15.02647452468608
1120447,8574787,15.020041562390695
1120447,186499,15.020041562390695
1120447,538310,14.990934718059755
1120447,7914079,14.97506857025354
1120447,731295,14.94619130051828
1120447,213423,14.94619130051828
1120447,5003729,14.9386561792413
1120447,3768464,14.927099689373708
1120447,7762617,14.91311920146722
1120447,6666766,14.901714179367994
1120447,224718,14.880986902808955
1120447,225059,14.85188140177256
1120447,3419072,14.849395137832117
1120447,7904380,14.830284029817339
1120447,1302208,14.802738751969521
1120447,5879329,14.802738751969521
1120447,7911295,14.787333926435117
1120447,2697616,14.772898327330108
1120447,6987125,14.751282934647076
1120447,182018,14.750023199247355
1120447,2161429,14.731304877218886
1120447,4202140,14.719984008768733
574575,1222553,23.98362782519038
574575,2032642,21.90442310362636
574575,8430162,21.49678572168758
574575,2032646,21.49678572168758
574575,1222554,21.179778069218912
574575,1416540,20.84073199949347
574575,4808955,20.833807594986627
574575,1222551,20.310728790977727
574575,7883300,19.82352745646937
574575,6883339,19.770233396419158
574575,6417490,19.521415035820162
574575,5306231,19.311003509760884
574575,4326407,19.311003509760884
574575,6827226,19.221545972223176
574575,6161786,19.203620181603295
574575,766621,18.890753278286354
574575,2571059,18.85960558593932
574575,6907676,18.83521044570439
574575,5342448,18.808419621858025
574575,345093,18.676252570965573
574575,1007725,18.54384989610826
574575,5241409,18.525772352344973
574575,4639591,18.52298763066111
574575,6021167,18.488136400169175
574575,3337364,18.487092835271334
574575,1222556,18.452056351888345
574575,3118411,18.409945813780965
574575,1222557,18.39731377083948
574575,2828791,18.364974714931932
574575,4783971,18.323431106400832
574575,3176203,18.30893409422433
574575,1615724,18.197596492144427
574575,1615722,18.179812021585494
574575,1342105,18.162074743729658
574575,6100546,18.127074977750226
574575,590546,18.088130005248072
574575,4937880,18.010526055022037
574575,4466908,17.995309536862166
574575,2828794,17.829124509767414
574575,7935743,17.754966047212232
574575,1319049,17.6722013886893
574575,6628594,17.665280367684215
574575,5178979,17.605080543825473
574575,8763885,17.565314594282164
574575,6731609,17.54709920559197
574575,749672,17.477290056160218
574575,384910,17.382350329902888
574575,8109529,17.340517030530833
574575,2571056,17.321289041443347
574575,63008,17.282012938847142
574575,5088334,17.280536938182106
574575,521341,17.207609896032885
574575,3606097,17.09032038394723
574575,3561164,17.09032038394723
574575,3755193,17.047507877911382
574575,3219300,17.00928658312663
574575,711956,16.979947136607873
574575,6598888,16.97392455002134
574575,4639585,16.954542068975883
574575,8232202,16.94970729373117
574575,1416538,16.94970729373117
574575,3951133,16.937558395796827
574575,7740131,16.843693830434038
574575,8214261,16.766844268623952
574575,1838162,16.764236353787442
574575,3296334,16.764236353787442
574575,7217847,16.747251225908755
574575,4955600,16.747182476585152
574575,1206141,16.722296936114958
574575,6100541,16.722296936114958
574575,8584695,16.7033588731413
574575,3542701,16.67590872008673
574575,3241862,16.64755026458183
574575,3070864,16.62662842974084
574575,7678834,16.621354457674986
574575,8672102,16.57272381845128
574575,8031783,16.54037405296617
574575,6183647,16.444407220384996
574575,1422757,16.405268920802246
574575,2565336,16.39336645747761
574575,6883335,16.369444827443544
574575,1319052,16.368108186455036
574575,7440740,16.356551090635957
574575,2264497,16.352627550631652
574575,8161021,16.344064704522758
574575,5877217,16.296257906956924
574575,2863538,16.244990439896277
574575,6560930,16.225026968891356
574575,2605452,16.225026968891356
574575,5191265,16.157017575971842
574575,2759592,16.099120558078205
574575,3855555,16.095601162975367
574575,819597,16.086357664054585
574575,5106777,16.060902408697096
574575,5787265,15.968223855956603
574575,5952205,15.968223855956603
574575,5787270,15.968223855956603
574575,863336,15.9593593453034
574575,8558076,15.952168209360703
574575,6230620,15.934684210278679
1055865,8654371,30.514416129821832
1055865,8654373,30.43970655407641
1055865,3318413,29.99599046714672
1055865,7427204,29.0260056787032
1055865,5217897,27.954936197547603
1055865,8654367,27.552670826676838
1055865,3753625,26.685320938776822
1055865,6332669,26.05213384504821
1055865,8542391,25.50726728706676
1055865,7847456,25.115590512295604
1055865,3588294,25.113343101343006
1055865,6541019,24.802282721119884
1055865,7427200,24.60229450428768
1055865,3318407,24.56378926913178
1055865,8654369,24.55356040316001
1055865,689853,24.44128825678755
1055865,3421935,24.42401369145409
1055865,8654372,24.304366291624966
1055865,4507869,24.127034747575372
1055865,3318414,24.0424923656468
1055865,4773183,24.019871562464203
1055865,5405925,24.001663992775068
1055865,4365993,23.88383466162948
1055865,2670528,23.876353660305217
1055865,3319396,23.79692720112764
1055865,7293614,23.65223962373937
1055865,7292577,23.62155793472279
1055865,6140348,23.4250928799285
1055865,6130441,23.327238116099245
1055865,2410103,23.32293123195921
1055865,2836569,23.158996083818767
1055865,2429845,23.150730099894446
1055865,5374873,23.12839144291368
1055865,6140353,23.11807707004496
1055865,4463868,23.106918410042784
1055865,8837068,23.094700400484214
1055865,8654368,23.06357419629629
1055865,2435751,22.974957130058964
1055865,8654374,22.93721417066342
1055865,5569488,22.85865153979924
1055865,5130588,22.56779569235805
1055865,499077,22.50840867554917
1055865,499079,22.35533450850156
1055865,2410102,22.00319901406445
1055865,4052829,21.903402723754514
1055865,4231641,21.75214268427368
1055865,499076,21.73065069434471
1055865,4219213,21.710250757898027
1055865,5621401,21.702333483749936
1055865,4219214,21.45501862545319
1055865,1449729,21.433175217257922
1055865,5073197,21.17166503296417
1055865,4626781,21.14393331746645
1055865,7243027,20.962224470966355
1055865,4773179,20.906303913954794
1055865,3421934,20.901721815237085
1055865,2435749,20.820732306529855
1055865,6140349,20.783612188184485
1055865,6838494,20.783612188184485
1055865,5780421,20.736618229118342
1055865,8654370,20.682224996894856
1055865,6838497,20.608017983441073
1055865,3657377,20.564327692353807
1055865,4507871,20.298853705959743
1055865,6332663,20.284320439386363
1055865,5301425,20.265582906997626
1055865,5130587,20.265582906997626
1055865,3158312,20.234359289668642
1055865,7293601,20.22630116638286
1055865,4219211,20.197222045662375
1055865,750123,20.141318499284196
1055865,7377660,20.135744205327722
1055865,6449605,20.135706017110188
1055865,5780416,20.130648459935962
1055865,8230098,20.098597783201946
1055865,3753628,19.97835986964059
1055865,6998420,19.945946380140306
1055865,4657910,19.934342030626475
1055865,4365135,19.934342030626475
1055865,4773180,19.882829197173592
1055865,5722716,19.863254710051212
1055865,5857241,19.846394780107833
1055865,6523114,19.77274927437642
1055865,1558906,19.77274927437642
1055865,1357031,19.77274927437642
1055865,3298495,19.748836867939414
1055865,4953598,19.73399255437293
1055865,7258629,19.72329338644394
1055865,1799171,19.72328427122517
1055865,6998417,19.580916835700446
1055865,4773182,19.34513158435076
1055865,1250318,19.32265255388907
1055865,3158310,19.25714453134635
1055865,2997835,19.21486765536446
1055865,3874420,19.210714532075606
1055865,3158313,19.188025535548512
1055865,4587730,19.17211323759419
1055865,2841225,19.151753676167214
1055865,689851,19.14292924747801
1055865,7258631,19.12503044174173
494835,1621582,12.542715593071655
494835,6660619,11.094887839654632
494835,6660622,10.844767028991258
494835,7119411,10.55273500759383
494835,8375399,9.74303366695614
494835,8479968,9.374740255811899
494835,2284101,9.218973247686254
494835,6962231,9.108481935083102
494835,4479437,8.961367939686236
494835,7687119,8.93299186448926
494835,2246325,8.876224575085907
494835,8479967,8.736293873441541
494835,511513,8.639484367387025
494835,8198790,8.487060903671374
494835,8321820,8.487060903671374
494835,5705289,8.339922507255652
494835,2460469,8.339922507255652
494835,2099196,8.339922507255652
494835,2927963,8.320738879189758
494835,962017,8.268250048023967
494835,3677872,8.197798984124029
494835,1621581,8.197798984124029
494835,8479964,8.197798984124029
494835,5161103,8.128538358000437
494835,817995,8.128538358000437
494835,3080661,8.060438249535402
494835,8790512,8.060438249535402
494835,7616454,8.060438249535402
494835,8183988,7.993469732952072
494835,1511116,7.993469732952072
494835,719933,7.993469732952072
494835,7838830,7.993469732952072
494835,8124056,7.993469732952072
494835,5790432,7.993469732952072
494835,1793943,7.993469732952072
494835,8753477,7.993469732952072
494835,7516504,7.927604835848464
494835,4801073,7.910269187294928
494835,3257190,7.862816500240219
494835,3262059,7.862816500240219
494835,2674348,7.862816500240219
494835,6660618,7.862816500240219
494835,4043791,7.799078545498087
494835,4164851,7.736365633073595
494835,6316566,7.719855408130844
494835,5408609,7.674653232912958
494835,2726248,7.674653232912958
494835,3039917,7.674653232912958
494835,4043787,7.674653232912958
494835,4833440,7.674653232912958
494835,4589832,7.674653232912958
494835,5321066,7.674653232912958
494835,8206688,7.674653232912958
494835,2279956,7.613917591465778
494835,2000701,7.613917591465778
494835,4686443,7.613917591465778
494835,5331684,7.613917591465778
494835,8782947,7.613917591465778
494835,5943142,7.613917591465778
494835,444588,7.613917591465778
494835,7468408,7.554135701200836
494835,6027063,7.554135701200836
494835,3313187,7.554135701200836
494835,1621578,7.554135701200836
494835,1399074,7.554135701200836
494835,5666964,7.554135701200836
494835,6375523,7.554135701200836
494835,4039065,7.554135701200836
494835,5298846,7.495285271546821
494835,8011619,7.495285271546821
494835,2211254,7.450824186015467
494835,7154654,7.437344701180847
494835,6145377,7.380293051592462
494835,3725816,7.380293051592462
494835,7957774,7.380293051592462
494835,55622,7.380293051592462
494835,3080669,7.324110021855071
494835,6477396,7.324110021855071
494835,556234,7.324110021855071
494835,4709791,7.324110021855071
494835,7468404,7.268775924541036
494835,3333374,7.268775924541036
494835,7173158,7.268775924541036
494835,7919843,7.268775924541036
494835,7344517,7.268775924541036
494835,4626172,7.268775924541036
494835,3744489,7.268775924541036
494835,5459946,7.268775924541036
494835,6911641,7.268775924541036
494835,7025967,7.268775924541036
494835,6660616,7.268775924541036
494835,8217072,7.268775924541036
494835,667608,7.214271662720329
494835,3301626,7.214271662720329
494835,1355755,7.214271662720329
494835,1382157,7.214271662720329
494835,2716615,7.214271662720329
494835,8764976,7.214271662720329
494835,6599688,7.214271662720329
494835,4680437,7.214271662720329
1126814,8783832,21.94873918785516
1126814,8783828,21.266664427149074
1126814,8783830,19.420599113541037
1126814,8783833,18.313776741879053
1126814,8783825,17.61383738779155
1126814,2065085,16.652784053521152
1126814,8783834,16.01192156742315
1126814,8783829,15.72712314145619
1126814,8783831,15.709808772331023
1126814,8783826,14.864035372154891
1126814,8783827,14.769331984966136
1126814,371140,9.392853191032989
1126814,1454394,7.927879461971937
1126814,1802937,7.91535805001185
1126814,155337,7.880782510201386
1126814,6585233,7.877978749459553
1126814,8606378,7.8684681579046165
1126814,8154500,7.859725587576016
1126814,7215870,7.858305205061029
1126814,5695569,7.858305205061029
1126814,3839699,7.837316871998972
1126814,978100,7.826236937508011
1126814,985331,7.790422249605285
1126814,8545787,7.790422249605285
1126814,310119,7.764200725707539
1126814,8425673,7.751129457681055
1126814,8553988,7.750576835834566
1126814,4374352,7.750576835834566
1126814,8156404,7.750576835834566
1126814,6338342,7.750576835834566
1126814,3352752,7.749886169327775
1126814,1805234,7.747814908167004
1126814,1360278,7.710252674508974
1126814,6977530,7.710252674508974
1126814,362119,7.7037463351445865
1126814,5190036,7.697131440106912
1126814,2913157,7.6919943702503595
1126814,2061966,7.688779550464576
1126814,8021256,7.684054789016306
1126814,5190038,7.684054789016306
1126814,5190043,7.684054789016306
1126814,912760,7.673870807750932
1126814,8596023,7.667038406075326
1126814,1396457,7.6590197700224465
1126814,6292274,7.6590197700224465
1126814,1771172,7.64307444400689
1126814,517175,7.629489474588813
1126814,7491253,7.622853878984571
1126814,5040548,7.620862204005452
1126814,697722,7.620862204005452
1126814,3080373,7.608787446606153
1126814,1896188,7.606518535663424
1126814,7934284,7.600186019935554
1126814,1718914,7.600082436018745
1126814,2154868,7.590740255398446
1126814,4690253,7.588747656604906
1126814,2541783,7.579992635597838
1126814,7448481,7.579992635597838
1126814,5660093,7.566179224423705
1126814,8359691,7.559721794925907
1126814,6616533,7.557929890967056
1126814,108985,7.557929890967056
1126814,4691132,7.557929890967056
1126814,1896187,7.5566504795702105
1126814,1771170,7.542249257629077
1126814,2110587,7.542249257629077
1126814,4418188,7.541128118649322
1126814,3944273,7.541128118649322
1126814,108989,7.541128118649322
1126814,7327441,7.530531415871221
1126814,7450771,7.527902822050941
1126814,2343178,7.527902822050941
1126814,2154869,7.524187676907684
1126814,8590260,7.519503639700652
1126814,583273,7.519503639700652
1126814,8046477,7.518014251659545
1126814,7301077,7.518014251659545
1126814,6891510,7.514497994648096
1126814,1171271,7.51418747397117
1126814,4068205,7.51361086079488
1126814,7301075,7.50774769063877
1126814,4385505,7.50774769063877
1126814,8046476,7.50774769063877
1126814,3750129,7.5055386301737945
1126814,4083329,7.499978246205056
1126814,851921,7.499373064185166
1126814,6306169,7.494266602747339
1126814,5823547,7.494266602747339
1126814,2946184,7.4911680495123125
1126814,1432673,7.4911680495123125
1126814,3311155,7.48389166360168
1126814,7427250,7.480711190869353
1126814,8762220,7.479711145735969
1126814,3105164,7.4785180097338255
1126814,524886,7.474661473920554
1126814,7052140,7.474661473920554
1126814,3156479,7.474451076732823
1126814,1796243,7.464582557390367
1126814,3839698,7.462591347376629
1126814,3156474,7.461100031575878
168216,1381477,34.921196354511444
168216,3830857,34.63162775846551
168216,3174840,34.4911369042898
168216,13499,32.35845044927444
168216,2265769,30.94437224924838
168216,1735360,30.386430096183233
168216,290826,29.786198517061248
168216,1924800,28.779202485518827
168216,8723467,28.620377308318155
168216,4792582,28.615572460944733
168216,8639630,28.60435386860528
168216,4119829,28.599703391420753
168216,1924796,28.334299217763757
168216,3033359,28.2349601807879
168216,8731623,28.172906400285086
168216,8639627,27.861931918015742
168216,3344828,27.685012475643806
168216,2265772,27.66626721555668
168216,8639633,27.641178820099388
168216,1735358,27.481968657816324
168216,6264733,26.752211371389414
168216,6061726,26.643081318004285
168216,7745780,26.582844955034524
168216,3198680,26.53163593430731
168216,2069992,26.461790145688017
168216,1301472,26.083770602770585
168216,4498419,25.7676307875139
168216,8252763,25.637691391320743
168216,8731621,25.617773127489045
168216,1301469,25.617773127489045
168216,6061718,25.59111185589863
168216,3908773,25.59111185589863
168216,6061721,25.55942497156805
168216,6213325,25.49638202005646
168216,661750,25.490712114385303
168216,8141128,25.460838190135927
168216,1183706,25.44629434250143
168216,3908774,25.169735629845764
168216,3908777,25.017734129493874
168216,6282561,24.906037577318255
168216,6426638,24.86705994394486
168216,3908776,24.75259978075789
168216,1301466,24.731731367628537
168216,6213322,24.715071195310756
168216,2790904,24.676848651912604
168216,6329932,24.643470800962007
168216,7337519,24.63438259552762
168216,1301468,24.541848981889718
168216,5293614,24.489769218314784
168216,1090088,24.459991786266535
168216,2069995,24.440211880869867
168216,3198687,24.41404060274467
168216,3399715,24.41404060274467
168216,6282562,24.364111913461365
168216,7337513,24.144900319510473
168216,3198689,24.074165222588572
168216,6061722,23.847698260161756
168216,7492755,23.78734079636438
168216,3399712,23.670591835641922
168216,5935477,23.572409948745864
168216,6264731,23.51350901019954
168216,1301465,23.41761088859867
168216,4324491,23.107406036861136
168216,3463556,23.098551147471458
168216,6426634,23.07321363606236
168216,6282567,23.05032549441608
168216,1301467,22.998602286629083
168216,5935476,22.847309653833026
168216,3681095,22.818946221913933
168216,1301474,22.71695162018063
168216,8185137,22.71695162018063
168216,2036279,22.5508220505887
168216,2659074,22.52967906405748
168216,8185131,22.526631195868845
168216,8731625,22.33947324885597
168216,8185135,22.22694288788275
168216,3344834,22.155399604238404
168216,4792583,22.07869683502914
168216,6249512,21.932473935732396
168216,5690224,21.79620519668085
168216,8185129,21.572924066351234
168216,8731617,21.44081111973729
168216,8252762,21.155276765691298
168216,6264734,20.728847022459018
168216,3399713,20.560527020081132
168216,3908779,20.557160593709845
168216,8048968,20.31416027620886
168216,6426632,20.25302869720048
168216,4324487,20.23562601011707
168216,6282560,20.2225952122423
168216,1301471,20.21223172982193
168216,4324492,20.011779844985085
168216,7492753,19.970811011177826
168216,5771045,19.926308590734394
168216,8731622,19.92239709195369
168216,8731624,19.85782392783608
168216,5024311,19.659622796025737
168216,8252764,19.657497995230386
168216,5935474,19.57471929358171
168216,3004214,19.53162599674144
100983,1841071,14.953800161286583
100983,7198157,14.855666004600128
100983,4563926,14.635296301454659
100983,8326050,14.56267684517684
100983,4563925,14.403979689551917
100983,1336317,14.38753365875963
100983,3112007,14.328419463085908
100983,4005451,14.318590387639777
100983,5574827,14.309732341650047
100983,4902699,14.269692091889432
100983,1183962,14.234014105800004
100983,7704807,14.233858491884915
100983,1530225,14.2120258186864
100983,1183960,14.184788751844096
100983,2460168,14.16484352289751
100983,3029367,14.16484352289751
100983,786238,14.129941571820519
100983,5644251,14.096103323197799
100983,7613813,14.071411449041392
100983,5011705,14.064955092714293
100983,6013124,14.052314244420062
100983,3081420,13.992897677389152
100983,3319667,13.97577607371285
100983,8367729,13.972240318674661
100983,2242608,13.958637280970555
100983,3426608,13.939180472137735
100983,3029371,13.932520064654277
100983,4486504,13.931952809469646
100983,3318277,13.904342647935724
100983,5594655,13.878478734007473
100983,7858020,13.869350591004263
100983,3318276,13.80766262998261
100983,5801466,13.80691808803198
100983,6008894,13.798494567724843
100983,6782184,13.78584920133359
100983,6347528,13.78561421124209
100983,7613815,13.753094081667609
100983,7666902,13.717485453701471
100983,7642427,13.702038739678832
100983,4681480,13.685266743836689
100983,3029373,13.683307547247775
100983,4036596,13.641768536363145
100983,2460174,13.622421455682623
100983,1815153,13.588026520819486
100983,117381,13.581281077816236
100983,6347529,13.576216897080624
100983,641989,13.526000287223155
100983,2820890,13.517358021184974
100983,4005452,13.513448848819301
100983,1815146,13.513448848819301
100983,2460169,13.502294886129718
100983,5574831,13.502294886129718
100983,5574823,13.490268164274244
100983,6648234,13.48780233737532
100983,5331075,13.476177164447073
100983,4395994,13.473662135984213
100983,117382,13.46299140599755
100983,4918879,13.46299140599755
100983,2853391,13.456859345257477
100983,8367727,13.450885390486764
100983,5574830,13.44303932881897
100983,7485586,13.413659420649562
100983,2448814,13.405931526576637
100983,866745,13.377691900082045
100983,5674350,13.37279200297464
100983,6958883,13.37279200297464
100983,5690910,13.368781021665198
100983,7704805,13.36470996065393
100983,2834106,13.361087226517455
100983,1183965,13.352837476612166
100983,5281609,13.339682557458339
100983,2834104,13.328632698914706
100983,2820891,13.326454116518274
100983,6566989,13.326107019197735
100983,4563931,13.322921195043701
100983,5484973,13.316878317352174
100983,1183961,13.288233902449692
100983,7818822,13.28187178813792
100983,3319671,13.23001783372598
100983,3112012,13.224287209366631
100983,7192778,13.21272687972927
100983,6240767,13.196146280519088
100983,3821038,13.193373872254213
100983,2370755,13.173726111035634
100983,593089,13.173726111035634
100983,7704804,13.162442276693488
100983,6240766,13.16108576269167
100983,7485585,13.15102975469015
100983,2370757,13.12970057786581
100983,3900829,13.120691564157193
100983,3318273,13.119508529365426
100983,7666899,13.084649890363917
100983,4644585,13.084649890363917
100983,5331079,13.079044480641352
100983,5480789,13.074986483865544
100983,815370,13.067848056867735
100983,8720730,13.067556519258696
100983,7858019,13.061793398114222
100983,3081421,13.060669392280628
100983,7192781,13.060098039730995
194013,73080,33.693952822777185
194013,8108372,31.902094977533835
194013,73074,31.197292003953834
194013,73078,27.619441328711375
194013,73076,27.576689488280167
194013,2529058,25.865835843737983
194013,73077,21.24770979905439
194013,2557801,20.464197559574124
194013,73079,19.975220405582853
194013,1179976,18.355632315291263
194013,1179977,18.355632315291263
194013,73075,18.154322043303726
194013,1186986,16.539508548338024
194013,1044672,16.539508548338024
194013,199036,16.532001504862457
194013,3440446,16.28180674820191
194013,6980109,16.155944004436762
194013,1186979,15.6713684384158
194013,6980110,15.6713684384158
194013,577031,15.595016934884303
194013,3083241,15.105049181932007
194013,7762107,14.790047784483868
194013,2973322,14.689345021801053
194013,2223328,14.281463447037353
194013,2529061,13.899551354083318
194013,1587597,13.811080926897287
194013,1654485,13.389072924138928
194013,8306838,13.384272618531796
194013,8150710,13.377466685686525
194013,3895666,13.274729051675422
194013,590037,13.029020366521262
194013,7109104,12.896317843521338
194013,6818193,12.852653644728843
194013,1011355,12.766796822215213
194013,169540,12.729231485033994
194013,1049143,12.639414786160138
194013,5147749,12.632961769512589
194013,770373,12.593155732762728
194013,6287108,12.574018195633748
194013,7249455,12.567928941517227
194013,4317935,12.567928941517227
194013,8356475,12.567928941517227
194013,3961060,12.497901881961987
194013,7052100,12.449260966874867
194013,3048671,12.447395745383261
194013,169542,12.395621693881372
194013,4374402,12.393611717888337
194013,1185196,12.387543431184138
194013,6240647,12.376786723997153
194013,185629,12.376786723997153
194013,6240648,12.314358147931703
194013,4504562,12.307195059215957
194013,569513,12.29292271064493
194013,5257299,12.288333601307702
194013,5339504,12.28535350290954
194013,6011545,12.282721551104249
194013,2898038,12.25255619131379
194013,601585,12.22526732748982
194013,1303820,12.14130300732473
194013,4025112,12.14130300732473
194013,2122742,12.139224430878889
194013,6770533,12.0440422847167
194013,7411443,12.035887107308902
194013,1581551,12.011429584093918
194013,7411441,11.993059472083154
194013,155483,11.993059472083154
194013,4348262,11.993059472083154
194013,718646,11.980717363950582
194013,8023951,11.946220396355415
194013,740079,11.925296038763982
194013,6395550,11.925296038763982
194013,2898039,11.912815976702388
194013,4374408,11.902113306232408
194013,7005976,11.884124321902927
194013,4706876,11.880596590107045
194013,5206193,11.876528682647256
194013,4086704,11.847885487813116
194013,8302625,11.843913667977098
194013,3902508,11.843913667977098
194013,7335148,11.839293292881155
194013,779084,11.809921515982428
194013,7477463,11.770449846590154
194013,555126,11.766711429244115
194013,6170865,11.766711429244115
194013,5449196,11.766711429244115
194013,4979589,11.766711429244115
194013,1185200,11.7011548601994
194013,5339513,11.696758046221385
194013,7511441,11.69505165017992
194013,3737910,11.69505165017992
194013,8158506,11.662540945181302
194013,890377,11.662540945181302
194013,1386326,11.64693667711854
194013,6588123,11.64693667711854
194013,6170861,11.62429573474737
194013,4743138,11.62429573474737
194013,8286591,11.62429573474737
194013,5863480,11.600749787859186
194013,322683,11.562622948799916
194013,6240650,11.55656996724493
1119092,8097019,18.32356447873613
1119092,277150,18.227125895410317
1119092,8074960,18.18455905715014
1119092,8074957,17.94060497470393
1119092,8074961,17.845505490926257
1119092,8353481,17.540555656556517
1119092,5807699,17.522561901064147
1119092,2302961,17.42717918123704
1119092,2649357,17.196828444851096
1119092,7177551,17.142947663410695
1119092,3891643,17.053892766668557
1119092,8074966,16.958366197290886
1119092,8439267,16.879980995211305
1119092,277152,16.837408184714118
1119092,277149,16.79854594049119
1119092,7152313,16.652492781857216
1119092,8353484,16.472187631029584
1119092,3910051,16.432422253138185
1119092,5402701,16.424785422544893
1119092,8353486,16.424785422544893
1119092,277155,16.379937073588856
1119092,8748431,16.266554424104932
1119092,277153,16.142086858673046
1119092,4414573,16.142086858673046
1119092,5402706,15.993968854033994
1119092,277148,15.977164848292787
1119092,7082126,15.977164848292787
1119092,2105112,15.924396802026596
1119092,1406136,15.892295112552878
1119092,7703044,15.808322258463534
1119092,1198691,15.808322258463534
1119092,1272639,15.73602711736437
1119092,1272634,15.73602711736437
1119092,1406127,15.725232143727167
1119092,5788327,15.628521747027552
1119092,8388934,15.561645034323908
1119092,2302957,15.51958312931981
1119092,277156,15.481121203424536
1119092,1406132,15.481121203424536
1119092,7925150,15.401426424736348
1119092,1593293,15.389263843403405
1119092,5092397,15.261154195349508
1119092,7082130,15.244473331685448
1119092,5340452,15.167190313639988
1119092,5402699,15.167190313639988
1119092,8097021,15.167190313639988
1119092,892423,15.090686927477702
1119092,3057461,15.055143051604187
1119092,7152311,15.042351433128854
1119092,5340444,15.014951435004381
1119092,5307104,14.986065691486832
1119092,7063290,14.901972673434358
1119092,5402707,14.889525957875357
1119092,5340446,14.865738344846566
1119092,381284,14.865738344846566
1119092,5092392,14.819934080503714
1119092,3910052,14.819934080503714
1119092,7063289,14.803658064263134
1119092,8097020,14.769707168162475
1119092,1911858,14.767322258887727
1119092,494402,14.719461723260764
1119092,892420,14.64739763229622
1119092,8074963,14.565605184565818
1119092,7395112,14.553664211069044
1119092,2302959,14.493187896427761
1119092,622830,14.47252273279928
1119092,2083987,14.435377844818673
1119092,8264689,14.435377844818673
1119092,3910050,14.41661355334163
1119092,3046573,14.36958203438202
1119092,1603190,14.309411972061431
1119092,2559982,14.22402031462823
1119092,102063,14.209941149069317
1119092,8074965,14.179005078446496
1119092,8074962,14.16205191014976
1119092,5687467,14.085685545182798
1119092,2612598,14.037132888558011
1119092,224654,14.037132888558011
1119092,3910049,14.037132888558011
1119092,8090706,13.993641240253286
1119092,1643022,13.902845138928868
1119092,8245262,13.770934316911454
1119092,3485664,13.770934316911454
1119092,892626,13.707838741366363
1119092,6083785,13.678504255260634
1119092,8595112,13.678504255260634
1119092,494395,13.6453187105735
1119092,1123092,13.610099881589132
1119092,6014230,13.610099881589132
1119092,3141600,13.610099881589132
1119092,7152314,13.551629126688887
1119092,2105110,13.551629126688887
1119092,174951,13.541712910452304
1119092,5788330,13.511146330991563
1119092,1593299,13.390773215590812
1119092,1502990,13.300109718633706
1119092,232409,13.275602648224401
1119092,6861934,13.250415416644476
1119092,352617,13.195853923741678
1119092,2612592,13.169825670377195
1133167,5674622,19.558556320980898
1133167,8160230,18.611945993460225
1133167,6467522,18.108276935595335
1133167,8255705,18.101171765238142
1133167,8160241,17.838317802800393
1133167,1883281,17.58036202010782
1133167,190809,17.52718074792535
1133167,3953805,17.52577212499242
1133167,7093509,17.44838903599725
1133167,5674623,17.057406641059032
1133167,7093512,17.01842476432963
1133167,2623303,16.693684114093156
1133167,4443375,16.628068260246323
1133167,1824488,16.286736759725397
1133167,7793414,16.27762257919632
1133167,6299575,16.248017030050136
1133167,1883280,16.21282360356068
1133167,7091943,16.15351885641933
1133167,7091940,16.145687475281335
1133167,6467518,16.130662744493797
1133167,3421900,15.990620418296142
1133167,8839920,15.96718551129467
1133167,2613290,15.965980394082727
1133167,8484845,15.901865143108983
1133167,1883278,15.869024285730035
1133167,6103289,15.75468257268188
1133167,2613293,15.685124877746146
1133167,6467519,15.626601057409585
1133167,2276678,15.580041207835833
1133167,7486597,15.539664205238484
1133167,190806,15.307182980801212
1133167,7195800,15.257094849350963
1133167,4443370,15.220685517199371
1133167,6142,15.21521943669167
1133167,4494100,14.97969115263044
1133167,1883277,14.950259445384003
1133167,4625145,14.827035885870448
1133167,8484851,14.807176263468541
1133167,7195802,14.791757955041586
1133167,8405630,14.791757955041586
1133167,4926204,14.788556833882549
1133167,6112592,14.788556833882549
1133167,434126,14.729113273153118
1133167,3421904,14.677907942274896
1133167,823275,14.677460594921701
1133167,7793409,14.60379895766448
1133167,8250501,14.60379895766448
1133167,8415742,14.60379895766448
1133167,4498479,14.493913878941676
1133167,7486599,14.458671750297261
1133167,823279,14.458671750297261
1133167,6299574,14.458671750297261
1133167,2010281,14.458671750297261
1133167,8250498,14.421498136278373
1133167,823272,14.391337166793992
1133167,8033645,14.38078979224342
1133167,8415744,14.347990029352319
1133167,8250500,14.308580521068771
1133167,8033646,14.289140818352493
1133167,6112589,14.272117666469871
1133167,8250503,14.249103522038999
1133167,6112588,14.223043126549644
1133167,2439240,14.176902026382015
1133167,8484849,14.176902026382015
1133167,4494097,14.128891929474854
1133167,7218019,14.115638498958354
1133167,7091944,14.076223510606912
1133167,1883274,14.055557285037862
1133167,2613294,14.055557285037862
1133167,1901247,13.922446880173984
1133167,6157114,13.905904595474977
1133167,7218012,13.839766360178881
1133167,8405628,13.809025164625673
1133167,4625147,13.77534418874746
1133167,6999438,13.745649028775112
1133167,7218016,13.741613924363921
1133167,434124,13.724037066452357
1133167,4625148,13.684518394002557
1133167,7195798,13.679194245346842
1133167,8160224,13.656298391995794
1133167,6467517,13.656298391995794
1133167,7217706,13.656298391995794
1133167,8405623,13.627012291459387
1133167,7486594,13.62148883809856
1133167,4926199,13.594935882643346
1133167,5985458,13.582830728916816
1133167,328997,13.557318360361375
1133167,6467521,13.506570267139068
1133167,8250497,13.481188513182007
1133167,1790122,13.45578198760715
1133167,1824481,13.45578198760715
1133167,4443368,13.444823330142096
1133167,3944276,13.419395926747498
1133167,4926200,13.419395926747498
1133167,6257035,13.419395926747498
1133167,3355083,13.376982302890426
1133167,8033647,13.376982302890426
1133167,8255701,13.373631465305897
1133167,5674626,13.333387979123703
1133167,823273,13.309897464535835
1133418,8235133,64.79280127355513
1133418,8235137,59.52729204163219
1133418,8235138,56.21346622134426
1133418,4268149,48.222134200191746
1133418,6397517,47.56881682813962
1133418,4268147,46.347589512988584
1133418,4352732,45.07676210000767
1133418,4352727,44.53490089032499
1133418,4352730,43.19673277527242
1133418,8235129,41.87925944814067
1133418,4352734,41.79760582162082
1133418,7014506,41.17028872294728
1133418,8235130,41.148018538810334
1133418,5234842,40.68603026361083
1133418,4352728,40.39252261864956
1133418,8038574,40.29833197789483
1133418,8120989,40.24403642608107
1133418,6562491,40.243184573450804
1133418,2590192,40.226263107070956
1133418,7267087,40.22096208863324
1133418,4489642,40.17500973350485
1133418,5634114,40.08423263381871
1133418,8731392,39.83951770163761
1133418,3140035,39.81987914362324
1133418,1046851,39.73840172205901
1133418,6562485,39.72543030723843
1133418,6562492,39.6258372545062
1133418,7292065,39.583391378124546
1133418,2590187,39.57247437436643
1133418,5868880,39.555519134644335
1133418,5634109,39.49920461000263
1133418,3140040,39.495957831555174
1133418,529677,39.414620153200495
1133418,4302832,39.15975543807082
1133418,5146828,39.109448381303636
1133418,2836126,39.0655633168425
1133418,5400969,38.96199758029802
1133418,4492493,38.944754713513
1133418,1776128,38.761556886110604
1133418,2590186,38.727308792126735
1133418,8601385,38.70875118120919
1133418,4841786,38.69398288351008
1133418,4964098,38.682504218280734
1133418,1410584,38.682504218280734
1133418,4823755,38.63856697708135
1133418,4302831,38.63175299066403
1133418,1891777,38.40258546373036
1133418,8038565,38.385949789202215
1133418,7090754,38.35256473567571
1133418,2590190,38.22216074468706
1133418,6990233,38.16175604651187
1133418,7296536,38.133026077157
1133418,7005138,38.0923910717694
1133418,4066160,38.08930017966134
1133418,2832153,38.08930017966134
1133418,5908567,38.08930017966134
1133418,5973186,38.08930017966134
1133418,7094514,38.08930017966134
1133418,8036381,38.08930017966134
1133418,8155316,38.08930017966134
1133418,8035122,38.08930017966134
1133418,8035716,38.08930017966134
1133418,7092138,38.08930017966134
1133418,8037218,38.08930017966134
1133418,7500220,38.04623583183172
1133418,196501,38.030979203054564
1133418,4456535,38.030979203054564
1133418,120398,38.02081491310136
1133418,7500221,38.01365543795986
1133418,8205581,37.97652243502741
1133418,3084212,37.9523114439555
1133418,614101,37.93417344956149
1133418,7008540,37.93417344956149
1133418,2388901,37.93417344956149
1133418,4535185,37.91885205033542
1133418,6139944,37.90880936384995
1133418,2051929,37.90880936384995
1133418,2671088,37.90109561901334
1133418,1971294,37.90109561901334
1133418,6832432,37.90109561901334
1133418,2172472,37.90109561901334
1133418,930484,37.90109561901334
1133418,2388903,37.878290342473456
1133418,1313973,37.847925963679444
1133418,852314,37.836485944151775
1133418,316998,37.836485944151775
1133418,7788589,37.836485944151775
1133418,4878123,37.77209617354609
1133418,227716,37.77209617354609
1133418,6841389,37.77209617354609
1133418,8839860,37.77209617354609
1133418,565903,37.77209617354609
1133418,7657812,37.76206977429743
1133418,2620914,37.707925186410726
1133418,6084705,37.707925186410726
1133418,8433349,37.707925186410726
1133418,206196,37.707925186410726
1133418,8120993,37.6755128986599
1133418,2836122,37.65794938402532
1133418,532929,37.65794938402532
427578,4004813,22.928384478114452
427578,2315696,22.91309799244881
427578,2190824,22.694881652728107
427578,486748,22.13859430292202
427578,5342170,22.01464041311746
427578,2315691,21.77124446888904
427578,4186402,21.753170164229722
427578,2190819,21.546869990586345
427578,3009509,21.40012107967315
427578,6577520,21.3209389209295
427578,1050420,21.146208847345257
427578,2242180,21.05276374161248
427578,486754,20.77980697785199
427578,7205367,20.431030684689535
427578,8674045,20.03789797855564
427578,1195746,20.03360651844899
427578,991038,19.96021383489442
427578,7071443,19.51413339713877
427578,1732744,19.33936773128394
427578,6413170,19.21007595274423
427578,5032043,19.13197382359564
427578,320215,18.934151203647474
427578,5032044,18.91597688714721
427578,5474221,18.71710294604814
427578,522948,18.694171331688672
427578,2315692,18.67691667476988
427578,2315695,18.67691667476988
427578,6472268,18.636269873833868
427578,5374871,18.599767920300017
427578,4783957,18.052258605832385
427578,2240675,18.0194779699667
427578,4724793,18.00323349889568
427578,1612889,17.81795157965178
427578,2315697,17.739874149870733
427578,2574407,17.678051086471406
427578,5342167,17.630303763304248
427578,3301582,17.404738910670112
427578,4621657,17.404738910670112
427578,6840567,17.239267217453556
427578,1245314,17.226941732152532
427578,6951490,17.203118534499453
427578,8545436,17.098310001540632
427578,486751,17.06260648349764
427578,5780718,17.038988634714645
427578,2240673,17.032833453360986
427578,2567622,16.972647010444874
427578,5319283,16.882707439976173
427578,6603312,16.8254322410869
427578,2240676,16.725559970996873
427578,4186401,16.67893237773935
427578,7580073,16.594445742246265
427578,300759,16.58214450472393
427578,4045384,16.509676147380773
427578,2668265,16.502777252357518
427578,4824099,16.502777252357518
427578,2720858,16.48240860144317
427578,534185,16.44694027477718
427578,2567623,16.445636169486544
427578,2272737,16.32374505471722
427578,1883485,16.276306900717653
427578,290704,16.2307127257523
427578,3441519,16.228407048606748
427578,2266708,16.209208915383563
427578,6629926,16.20393281225723
427578,5172417,16.191917497714265
427578,4086951,16.191917497714265
427578,4040234,16.08510220287364
427578,4724792,16.03099420724615
427578,3648418,16.014515515783472
427578,7071442,15.95949326733869
427578,5795285,15.944490862757554
427578,5795282,15.859317331502917
427578,5198088,15.847517612801468
427578,5319280,15.837480727823195
427578,5474220,15.827361033440654
427578,3845137,15.806495381005693
427578,6621923,15.60352968397061
427578,5561946,15.54876398535625
427578,5262973,15.51941800180037
427578,8793250,15.516455322065482
427578,2272738,15.506239625539408
427578,3358319,15.500427489910571
427578,4723236,15.432327051368215
427578,4269205,15.419803238884784
427578,2064048,15.407176352621725
427578,7518536,15.366674343238342
427578,441179,15.340013369255267
427578,8803985,15.340013369255267
427578,3360528,15.331945190564625
427578,2190822,15.324810650560137
427578,433384,15.277108948388873
427578,1034823,15.273439767705462
427578,5952589,15.26104499516449
427578,486752,15.246724492639022
427578,1752917,15.193723805058863
427578,7619800,15.18288549473481
427578,148858,15.18288549473481
427578,8793251,15.179232500909798
427578,2190825,15.169430062161739
427578,2332136,15.160978347500599
324211,625217,26.83593939064163
324211,7512300,26.38045256654729
324211,3413988,23.801193431235205
324211,3413995,23.64783123714106
324211,3413987,22.90748969058904
324211,6542185,22.720606671334153
324211,6083562,22.66144667403971
324211,6769414,22.62234189284394
324211,1967858,22.382666302279205
324211,1105802,22.1872477392525
324211,1280978,22.10803920078388
324211,903747,22.10803920078388
324211,5898841,21.784393553694887
324211,7073895,21.724560014961583
324211,2927381,21.45763720464852
324211,4324992,21.439459415778558
324211,7512294,21.347945962653952
324211,4776224,21.272867600889775
324211,2567379,21.197017257041527
324211,107580,21.19296007262893
324211,3275012,21.096523682584525
324211,156107,20.802456785506664
324211,6623291,20.781376830658317
324211,919280,20.604912493925845
324211,4452182,20.52971397152083
324211,3413992,20.448267522418032
324211,5557318,20.443830753363027
324211,1103528,20.2945926039458
324211,7422190,20.29365351218255
324211,107587,20.289699472367673
324211,8522232,20.28675486155789
324211,903754,20.24222296889218
324211,6542182,20.130193389487076
324211,454182,20.108217610854382
324211,3054539,20.077779625053783
324211,454178,20.0752243820298
324211,6244566,19.989963379863926
324211,1967856,19.96827451931889
324211,4197627,19.88017930796954
324211,6623290,19.82474720537589
324211,8318356,19.569721113494573
324211,1103525,19.47307941590663
324211,917532,19.47307941590663
324211,3138636,19.468445194554224
324211,5638200,19.408928099340212
324211,231095,19.372996747149784
324211,8015822,19.361397755049406
324211,6769412,19.296849903314836
324211,6065414,19.237761315983203
324211,8336886,19.237761315983203
324211,4146079,19.22560034247693
324211,6542183,19.22172081120336
324211,514608,19.203284992991794
324211,6209325,19.17440867259983
324211,4324997,19.09473731242155
324211,3054540,19.03366305335
324211,2815314,19.017052949759726
324211,696949,18.91891468041557
324211,4776223,18.867069364614487
324211,5572081,18.86342496433566
324211,102611,18.832739685453838
324211,8015826,18.784322682151245
324211,5135365,18.746763852379264
324211,107588,18.744613531422456
324211,6024173,18.705596027173733
324211,206082,18.657734765260987
324211,514609,18.63884755944825
324211,4711337,18.63220033260506
324211,6497604,18.57233777619559
324211,231088,18.542072159128978
324211,3054535,18.532717056070744
324211,6497598,18.53244754639946
324211,6769410,18.527820592481326
324211,1853579,18.523017666975875
324211,5596609,18.521548713880488
324211,6065412,18.521548713880488
324211,6344431,18.45911281112705
324211,5715728,18.3648398647691
324211,3336209,18.321613246045978
324211,92703,18.257490461460755
324211,3054541,18.231729487057596
324211,5599364,18.186026380463026
324211,3026089,18.183268662675232
324211,4811158,18.17923899923278
324211,6542188,18.12483433524718
324211,5572082,18.11440661346817
324211,625212,18.107067213390504
324211,19557,18.029756265830226
324211,3275009,18.015074067578464
324211,8226611,17.99245560707659
324211,1046558,17.99110642963921
324211,6753497,17.940728214896932
324211,2164903,17.93984911997311
324211,903749,17.916820957472886
324211,1105797,17.902566694685294
324211,5376570,17.868319792917003
324211,5824990,17.860592583754254
324211,2529052,17.85984498837718
324211,903748,17.831088919302513
324211,5684614,17.74619312312835
11096,8296006,37.49039145652528
11096,8296001,35.24556077049381
11096,8296002,33.087882808322455
11096,8296000,31.836295108432722
11096,4680203,31.30446191071438
11096,4680197,31.046777786160202
11096,8606621,29.990092962332184
11096,8606620,29.879365771742155
11096,2689155,28.381984295417546
11096,911097,28.275601104153623
11096,1391574,28.27221073654661
11096,8606624,28.11903427601977
11096,6029408,28.11136817828442
11096,2689151,27.72010176217288
11096,2568674,27.503066983043013
11096,5623506,27.015839147754605
11096,2689149,26.72945462720738
11096,2713637,26.699630461048933
11096,7552160,26.486778526807946
11096,7489875,26.126899044743674
11096,7489867,26.126899044743674
11096,5855684,25.913645319864663
11096,3489331,25.751697957095715
11096,7199235,25.751195966200335
11096,7199234,25.751195966200335
11096,8484705,25.751195966200335
11096,2568676,25.68423756270481
11096,2597275,25.670975728906345
11096,6348253,25.509544601835923
11096,1294904,25.24633459326423
11096,8790374,25.13570299215019
11096,7637797,25.08356630978221
11096,4328289,25.029202374784717
11096,8296007,24.998267516669934
11096,2689152,24.880020933092464
11096,4266266,24.850544232694972
11096,2689154,24.806508461333276
11096,2689157,24.806508461333276
11096,8005609,24.750166128279236
11096,4891507,24.68242023489702
11096,8296004,24.681830236166636
11096,7526146,24.661608998323963
11096,5734833,24.64110536624468
11096,8296005,24.6270280095774
11096,5855681,24.588493469353686
11096,4296478,24.583284781676987
11096,2241267,24.53701623246817
11096,1391575,24.495215544097917
11096,5624373,24.484490151237566
11096,4891514,24.402406955108194
11096,1244079,24.234817479744
11096,8167035,24.06326345997435
11096,4394898,23.98050849331152
11096,5530070,23.96880341412082
11096,5624375,23.878271647365164
11096,116485,23.84689497184946
11096,7412952,23.807722956600742
11096,5855683,23.806109219170537
11096,5640454,23.801803011043678
11096,8296003,23.680292854487217
11096,418058,23.558616252692005
11096,8320882,23.556689834814154
11096,5734829,23.47804686782184
11096,5228131,23.448273147906683
11096,5228130,23.448273147906683
11096,5736596,23.41715686620948
11096,5855682,23.394337041130438
11096,5736597,23.376266475202556
11096,1391573,23.30938255684331
11096,6345912,23.29222484813357
11096,5649244,23.259132750113903
11096,4266263,23.255346149064856
11096,5819658,23.211250890208596
11096,6348257,23.189125106803083
11096,2182496,23.108096312777572
11096,911100,23.01045647817746
11096,116480,22.99656743613354
11096,6348256,22.99572628926724
11096,8167033,22.8845851031519
11096,116482,22.83305043164522
11096,2883769,22.83305043164522
11096,1153329,22.720736836585843
11096,7554213,22.710128538246895
11096,5640447,22.697076163562436
11096,8792078,22.67140359704016
11096,8399440,22.668204355188504
11096,5734830,22.589383770002986
11096,4034809,22.581875681019117
11096,1616379,22.56116492477578
11096,6348252,22.545032874828493
11096,4394901,22.519794090653438
11096,2883768,22.517981078713987
11096,4680199,22.47419703656957
11096,6095083,22.44194002462951
11096,4296473,22.383223964409915
11096,1391571,22.20365462418799
11096,6163005,22.125622257322238
11096,7535557,22.1237283013031
11096,2597268,22.10685637055987
11096,8484707,22.10685637055987
1134787,8108984,11.021490186506703
1134787,2334691,10.483555340354744
1134787,2552621,10.137133561320208
1134787,4002969,10.091759934268406
1134787,4247591,10.027064385108568
1134787,169000,9.993730638912403
1134787,7840223,9.987877191349494
1134787,7126598,9.87085117481454
1134787,5840080,9.755265220363592
1134787,1262943,9.742888005839848
1134787,3089111,9.742888005839848
1134787,1579025,9.711547532953778
1134787,8108980,9.692118822498891
1134787,339587,9.661608452979335
1134787,1874717,9.661608452979335
1134787,8686368,9.656655773036215
1134787,339585,9.636831018009495
1134787,8365695,9.636831018009495
1134787,927667,9.636831018009495
1134787,8398864,9.61218034265687
1134787,3483782,9.597728450030603
1134787,4733435,9.58115366513018
1134787,8365699,9.563255399648032
1134787,8365693,9.482005325240028
1134787,2362,9.440122028122794
1134787,2351009,9.419423898065462
1134787,5814760,9.400761396788909
1134787,1573474,9.397704650706373
1134787,4002965,9.393123257002175
1134787,2144322,9.388546327992662
1134787,3811016,9.378159868029517
1134787,1262946,9.349118458642117
1134787,1665082,9.334788528393794
1134787,5385866,9.334788528393794
1134787,2771590,9.334788528393794
1134787,3051154,9.32591595615301
1134787,251612,9.32591595615301
1134787,4002967,9.305892032981674
1134787,6553323,9.300786991469352
1134787,8506615,9.28164284655319
1134787,2584239,9.248632446597139
1134787,6133049,9.241070864873747
1134787,8108978,9.23403924073288
1134787,5985558,9.23385101469193
1134787,767851,9.220266083628774
1134787,8374194,9.220266083628774
1134787,6789319,9.19705955756876
1134787,5750542,9.192073192828415
1134787,8202876,9.192073192828415
1134787,3720362,9.189083968456675
1134787,8108983,9.167275476007024
1134787,1579031,9.164052187764673
1134787,591465,9.159695721029848
1134787,4733434,9.156628221934094
1134787,4002972,9.122634243657572
1134787,2351017,9.108519585256502
1134787,302637,9.108519585256502
1134787,1874721,9.108519585256502
1134787,391993,9.08587147007303
1134787,2989434,9.081004910213133
1134787,62735,9.081004910213133
1134787,4150750,9.081004910213133
1134787,168999,9.078087475847475
1134787,251613,9.053655965139942
1134787,2719921,9.053655965139942
1134787,4150749,9.053655965139942
1134787,83915,9.053655965139942
1134787,4247586,9.034436085929505
1134787,4733433,9.034436085929505
1134787,4002971,9.013227705008022
1134787,138833,9.01276743454385
1134787,2296358,8.977339691535198
1134787,1262950,8.972588670122557
1134787,6275835,8.972588670122557
1134787,1262944,8.96974047028801
1134787,6553317,8.96974047028801
1134787,7595842,8.950043308503453
1134787,2667514,8.945887893631165
1134787,62734,8.941736335602643
1134787,2296361,8.919345558863306
1134787,7934489,8.906414263807132
1134787,83919,8.892960259707204
1134787,1447268,8.880663835461652
1134787,4601433,8.871370155838814
1134787,83920,8.871370155838814
1134787,5306281,8.866730606640305
1134787,1613646,8.863949205726309
1134787,6133044,8.862095907688127
1134787,8686362,8.845873603522769
1134787,8553042,8.83660074344078
1134787,1579023,8.83660074344078
1134787,1010158,8.83660074344078
1134787,4254376,8.83660074344078
1134787,1010160,8.83660074344078
1134787,1447263,8.828502923879498
1134787,1579024,8.827399011939155
1134787,2572234,8.814732762170733
1134787,845470,8.802102809392986
1134787,5343197,8.802102809392986
1134787,4254383,8.802102809392986
89928,587526,37.481339055723105
89928,3560543,36.89173532051649
89928,4544567,36.69295960390771
89928,1969727,35.53554156385237
89928,482081,34.20080859876413
89928,3560540,33.94023068880348
89928,1984005,33.924166555360294
89928,2454944,33.643271286310316
89928,1679882,33.51320444442619
89928,1387893,33.4464214600992
89928,2512023,33.28872346035829
89928,482078,33.25202611997748
89928,1341393,33.17366479945648
89928,4736793,32.55847394541557
89928,6470041,32.32439841394844
89928,4979732,32.30500621141343
89928,6703726,32.24041443378716
89928,6200618,32.12767591662371
89928,6453382,31.930879603561717
89928,5527169,31.846294534211843
89928,4017857,31.599738494792913
89928,6559408,31.510006254819906
89928,7176045,31.469932522252197
89928,478892,31.430057933697643
89928,5622782,31.322728064946148
89928,5804238,31.20232105680881
89928,17178,31.058101820465076
89928,1735624,30.602405365434606
89928,4901000,30.561624920941114
89928,956202,30.474195232746286
89928,17185,30.4642123620387
89928,7769374,30.46371354932485
89928,16773,30.312127609526016
89928,3400505,30.312127609526016
89928,5641536,30.284404795905477
89928,8404962,30.263947788232972
89928,956199,30.25143264347129
89928,378438,30.139707778604723
89928,956194,29.946715946847835
89928,128424,29.927207906671825
89928,5641538,29.76950356836545
89928,7034355,29.759758066894534
89928,4901001,29.75315996301625
89928,2451349,29.68444600015325
89928,236962,29.56819962130613
89928,8831374,29.543610023788275
89928,5721803,29.442710559782967
89928,1191498,29.379778666701597
89928,5566599,29.345348291228138
89928,5641534,29.230231626716648
89928,956197,29.230063510742937
89928,2202683,29.12932444082209
89928,2704620,29.051397025829605
89928,5413161,29.03264677322977
89928,3019937,29.02125000133891
89928,3544265,28.85379816865035
89928,8033309,28.767397469535098
89928,3023983,28.726510195975038
89928,1424367,28.678824301302193
89928,2888556,28.628201264716942
89928,6079528,28.60594114273639
89928,2916628,28.58818173333954
89928,5510567,28.563216313997824
89928,1191494,28.559369723219675
89928,3019934,28.384313267949455
89928,6438803,28.269627408826544
89928,6438807,28.239812300320494
89928,3471751,28.23422573924188
89928,4774142,28.21747821197053
89928,1161324,28.16404324751308
89928,435693,28.107964783705725
89928,454267,28.059327769925055
89928,478894,28.02479758661878
89928,1042931,28.022473575252768
89928,5804236,28.01954332454782
89928,6559409,27.811255682966586
89928,1924856,27.79113609079942
89928,941674,27.782053815728652
89928,699151,27.766532404597047
89928,3025115,27.75310042121697
89928,1203367,27.61821253586035
89928,1700322,27.616132873204343
89928,4157848,27.575839360895195
89928,2594247,27.51433169774334
89928,5468254,27.43456079977528
89928,454272,27.430648083235404
89928,5527174,27.430648083235404
89928,5864695,27.39389272774284
89928,2029370,27.36863657760648
89928,4862046,27.353321333637147
89928,1899559,27.304335088950662
89928,7892285,27.292198041365367
89928,4869037,27.25113617988531
89928,454264,27.1936453636171
89928,303961,27.125336790420373
89928,5641539,27.03616822528681
89928,8404955,26.99922665086082
89928,4157849,26.94520837605417
89928,236953,26.849230390419343
89928,6332097,26.848221353359484
499920,2806546,19.474985227156843
499920,2806539,17.1451215969141
499920,8462930,15.263259069623812
499920,362805,13.34573991449291
499920,8462931,12.839075662058832
499920,3629729,12.247625906798486
499920,7927713,11.996952288481399
499920,7595045,11.805771028212344
499920,6359874,11.718513488595393
499920,2635068,11.718513488595393
499920,3138627,11.625360620010222
499920,1772199,11.502443349182114
499920,2652101,11.502443349182114
499920,712128,11.48162067917623
499920,5310260,11.425492126758488
499920,6334551,11.366352300036084
499920,1618495,11.274790060575327
499920,954455,11.267118733701281
499920,8462933,11.239012815403822
499920,1294015,11.200992981420827
499920,2185035,11.184112520375594
499920,1559283,11.15402636220711
499920,8041769,11.146405168491608
499920,8041499,11.072447286728913
499920,5502721,11.072447286728913
499920,934234,11.05639629603469
499920,934235,11.05639629603469
499920,37044,11.026646895010948
499920,3821088,11.026646895010948
499920,1442870,10.988581482038649
499920,362808,10.965694078986958
499920,7307020,10.934518490415696
499920,5843332,10.880984866023605
499920,8022486,10.856107437221624
499920,6368646,10.856107437221624
499920,3034570,10.846682863902242
499920,3144612,10.846682863902242
499920,6618106,10.846682863902242
499920,569428,10.846682863902242
499920,1692097,10.778614439380364
499920,6743483,10.778614439380364
499920,930535,10.770041582650911
499920,8475594,10.751077070615768
499920,2311069,10.751077070615768
499920,1734017,10.723483570793249
499920,1272524,10.71667726419874
499920,6726617,10.711432748479192
499920,6491305,10.64511980974569
499920,800637,10.621298483823859
499920,1603314,10.620991626761649
499920,2516500,10.61067133851494
499920,4575936,10.610188836023143
499920,8259750,10.57965814436477
499920,158199,10.546997474364634
499920,1119994,10.546997474364634
499920,1845801,10.546997474364634
499920,6097476,10.546997474364634
499920,4536494,10.546997474364634
499920,8406027,10.546997474364634
499920,3714132,10.534812339975645
499920,8534250,10.520440311281629
499920,2369589,10.520440311281629
499920,665785,10.515030758114698
499920,3629732,10.459514744653719
499920,7402973,10.451221124115488
499920,7961294,10.451221124115488
499920,4792358,10.447835776749944
499920,6415239,10.447835776749944
499920,1845799,10.447835776749944
499920,411900,10.447835776749944
499920,3366585,10.388213166329097
499920,6264804,10.388213166329097
499920,4309301,10.388213166329097
499920,3553628,10.388213166329097
499920,834295,10.388213166329097
499920,1603317,10.371588002882064
499920,3144613,10.35052132603716
499920,7122592,10.35052132603716
499920,2227514,10.35052132603716
499920,6291248,10.325991243772627
499920,7940090,10.325991243772627
499920,5541414,10.325991243772627
499920,6996952,10.325991243772627
499920,5541412,10.325991243772627
499920,7414149,10.325991243772627
499920,5959634,10.325991243772627
499920,6501451,10.325991243772627
499920,6502706,10.322271226163801
499920,2445126,10.297876785311432
499920,348450,10.294867859867622
499920,5250641,10.26454013540821
499920,4632798,10.26454013540821
499920,6501453,10.26454013540821
499920,8714690,10.26454013540821
499920,6865782,10.26454013540821
499920,2612276,10.255002981043738
499920,5264330,10.255002981043738
499920,6180940,10.255002981043738
499920,6901208,10.242366673666188
499920,3299935,10.229894187000955
527433,8617271,28.980205084811814
527433,6186391,24.94818193513884
527433,269423,24.077376932589235
527433,269428,23.73385539839868
527433,2496224,23.61023949334371
527433,1101462,23.449563775964727
527433,269430,23.289020478635067
527433,6743092,23.160721318681304
527433,7607669,22.86978070865792
527433,6045939,22.73016978445107
527433,8306451,22.38904274562315
527433,2496227,22.379280008127523
527433,1379240,22.313652851047998
527433,1251475,22.27426236430432
527433,7514088,22.19882091520725
527433,1317224,22.19670189363527
527433,8306449,22.195269540978984
527433,8617274,22.180268190160607
527433,6038397,22.063644433663477
527433,5878263,21.929143673726244
527433,1664523,21.861970101546433
527433,3786813,21.852551369955464
527433,4903731,21.763169528433387
527433,4958693,21.73634042049448
527433,8371764,21.645932272432013
527433,1993691,21.544250426521664
527433,1101460,21.45337093981561
527433,1993699,21.451664195700303
527433,5466810,21.435154351738568
527433,269425,21.246741113758787
527433,1101457,21.147934593642194
527433,547444,21.118686317372912
527433,1379245,21.118686317372912
527433,6038398,21.051369099643935
527433,5501454,21.051369099643935
527433,269426,21.00112514291869
527433,8617275,20.985605709216422
527433,653103,20.955774804812574
527433,5479497,20.861135364380075
527433,1317225,20.620964155618754
527433,269429,20.280605019174512
527433,4402995,20.224103961897903
527433,422236,20.221499462565298
527433,8644844,20.168447016305453
527433,6815531,20.168447016305453
527433,4402992,20.058198596030326
527433,653104,20.049842145193864
527433,2722036,20.048692819225113
527433,269424,19.8706568735032
527433,2331982,19.717797156748446
527433,4164074,19.698118641150067
527433,1125935,19.698118641150067
527433,467601,19.67018938139399
527433,6038403,19.584066111792005
527433,5603306,19.553961612380178
527433,8617269,19.360013608532732
527433,6708088,19.360013608532732
527433,8322920,19.250771362418305
527433,4351171,19.241291119847464
527433,3136613,19.033698979307307
527433,7514089,19.0306834780352
527433,422228,18.96459562415084
527433,1007732,18.937535766237367
527433,5466807,18.795430432111743
527433,4958697,18.69428615057791
527433,1251480,18.690362019131836
527433,301243,18.66878992491393
527433,6897131,18.66878992491393
527433,6743093,18.661954826199782
527433,319844,18.658644029495896
527433,1000485,18.632419684215787
527433,1542069,18.621875847763125
527433,7121927,18.575196966748635
527433,2018341,18.57320499763332
527433,7121922,18.5287515176162
527433,8617272,18.514355978488627
527433,4903736,18.41721784107565
527433,4046876,18.40343115123226
527433,4958696,18.364615456888103
527433,5603305,18.35765338220112
527433,2004910,18.338369502879637
527433,3124961,18.3147042528895
527433,4331594,18.3147042528895
527433,4351170,18.272827031155817
527433,6038404,18.21097772741878
527433,1079071,18.182455789510776
527433,1251478,18.154023053714337
527433,6498113,18.125073342891874
527433,1721940,18.11703662655928
527433,5629886,18.071601431617573
527433,4046869,18.071601431617573
527433,5603298,18.047695990108085
527433,1251481,18.01266705473906
527433,1511552,17.829236921960806
527433,1753605,17.790818612392272
527433,2565413,17.77417406186217
527433,542041,17.77326640396053
527433,1753610,17.71991475027745
527433,3294600,17.703402544812178
527433,2845327,17.694033483658536
40578,1249073,36.02921256950663
40578,5462144,32.5681998854978
40578,2627881,32.15248951922797
40578,2627883,31.755439484986468
40578,2276243,31.201926725931855
40578,3808877,31.201926725931855
40578,965329,31.201926725931855
40578,41814,31.013688440876187
40578,1471240,30.409811787530767
40578,1471242,30.34946050167452
40578,597905,30.15757619294176
40578,965327,29.247833215813717
40578,597901,28.92093922519556
40578,2627882,28.183187399753074
40578,2208668,28.183187399753074
40578,3919066,27.883201585958833
40578,6184945,27.077152859564187
40578,6752471,26.940315820154915
40578,2208667,26.781332727763285
40578,41806,25.173359669797023
40578,3326791,24.242615877362244
40578,5462142,24.17322666237423
40578,5989589,23.999524505628436
40578,8602576,23.803263534039466
40578,5756872,23.803263534039466
40578,2156598,23.714312721785145
40578,41808,23.705533020559663
40578,597900,23.692740046517503
40578,5749105,23.512491361168827
40578,5489549,23.425566215754408
40578,2820143,23.3937185804577
40578,2627884,23.339067500543464
40578,2892827,23.18785750855944
40578,1844463,23.18785750855944
40578,6356014,23.118514980607756
40578,6511213,23.029848362354663
40578,3665696,23.025108778508947
40578,1249077,22.951723105768345
40578,4789694,22.89093468114819
40578,7352874,22.781538067338225
40578,5633864,22.62103600252942
40578,4852100,22.594122347818622
40578,5462143,22.476562527361033
40578,597899,22.476562527361033
40578,7630242,22.350433142126
40578,2627885,22.31886326122474
40578,2892822,22.282046645441813
40578,4645671,22.25795836534687
40578,4213472,22.197794399102836
40578,5865248,22.18990475038157
40578,2898440,22.17208203246829
40578,2085002,22.16654523331164
40578,5449844,21.932430221464795
40578,5462149,21.89320179928878
40578,6409607,21.79855191577032
40578,965330,21.772945913175562
40578,2883122,21.772615807835233
40578,4854208,21.742556146128045
40578,3076680,21.61590158818623
40578,2085004,21.540879638738353
40578,4397665,21.478912495133216
40578,6660953,21.46466697318027
40578,5848863,21.43129956922488
40578,1448849,21.424947859237907
40578,5646119,21.394730817238795
40578,5646111,21.306078847036922
40578,8017182,21.285364983840402
40578,6660956,21.262417765269753
40578,6602108,21.261327574649858
40578,7352880,21.14652274604279
40578,5797937,21.093793186166124
40578,41809,21.05553460539081
40578,41807,21.041694443789392
40578,3326790,21.040622719835
40578,8214568,21.02363106348347
40578,965331,21.02002558100932
40578,1657946,21.016156392620097
40578,7683410,21.01395748133008
40578,7999682,20.898082645470136
40578,4871462,20.874463975805188
40578,17882,20.87038750266658
40578,1519283,20.79405217452929
40578,335389,20.763092512655977
40578,4938029,20.717735410418836
40578,284725,20.659743844067723
40578,4898841,20.6429239294922
40578,5566600,20.598746184679023
40578,87659,20.557494811274204
40578,284732,20.44355835803531
40578,41811,20.432435381455257
40578,1448854,20.42969889143096
40578,5314006,20.421059631601175
40578,664061,20.38929359863182
40578,1397076,20.324075018792133
40578,7630244,20.264535041761082
40578,8244933,20.26040829216644
40578,6235020,20.258518391569126
40578,5519642,20.25716086961034
40578,2208669,20.252651694361496
40578,5848862,20.18774684955222
694342,7490499,12.449994586724635
694342,8168933,11.101136451054298
694342,5808783,10.859332969249383
694342,790996,10.841686524960743
694342,5808782,10.800178246585729
694342,6568835,10.058110301100765
694342,5565594,9.949931224052893
694342,1043755,9.874841081280778
694342,949864,9.852888663897312
694342,383186,9.798333443999525
694342,8154723,9.713222939244647
694342,5348808,9.701912758983903
694342,383192,9.59493001090557
694342,48240,9.576139664063454
694342,7206969,9.560976281543871
694342,1962164,9.52073012666703
694342,383188,9.514468108656018
694342,544744,9.47189782866469
694342,3242136,9.430795129030317
694342,3522279,9.408751912564181
694342,3242135,9.406202520731592
694342,5348809,9.399581448051789
694342,4620143,9.38416846818336
694342,7457303,9.380164670177008
694342,3549092,9.37888686337949
694342,6415305,9.351980891691516
694342,5348803,9.349210808232046
694342,7206967,9.297259942370099
694342,6562423,9.290418549145565
694342,2103204,9.258211605103673
694342,5902573,9.1959851874364
694342,1237047,9.194249003468393
694342,4675850,9.161390168585852
694342,1043753,9.146622824065414
694342,8069853,9.143611561687006
694342,3242138,9.1040494665284
694342,6816087,9.085387100388138
694342,1550226,9.076678198249256
694342,6816090,9.076203297350418
694342,6816085,9.053954199029251
694342,5348804,9.03965300321608
694342,7193462,9.03965300321608
694342,6305083,9.031813915340416
694342,4316565,9.031813915340416
694342,6278601,9.029856267276974
694342,8069855,9.01149653185924
694342,6881291,9.007210550526706
694342,1291893,8.956862563618687
694342,3242134,8.95032015018431
694342,7443555,8.925584617017348
694342,8617643,8.919442223352979
694342,2103207,8.898703745808659
694342,6272578,8.873522750924907
694342,3911492,8.873522750924907
694342,383193,8.871984300798793
694342,3504379,8.845424832235167
694342,5791442,8.831923595541946
694342,8121698,8.823693615933218
694342,5461461,8.816224454432279
694342,1291899,8.792780111720258
694342,7193460,8.792780111720258
694342,2247268,8.788699607101838
694342,1291902,8.75398206826375
694342,7567741,8.75398206826375
694342,6816089,8.753540333856836
694342,7998776,8.719537735935802
694342,2886013,8.651455891689338
694342,4595400,8.638539860326194
694342,401013,8.626734722005633
694342,5565595,8.617812104643404
694342,790884,8.617812104643404
694342,383190,8.58442897192469
694342,4631230,8.58442897192469
694342,4675847,8.571338568311099
694342,7193464,8.563431317723104
694342,383194,8.563431317723104
694342,3567714,8.518432646145321
694342,1190386,8.518432646145321
694342,48248,8.518432646145321
694342,2117264,8.518432646145321
694342,7596907,8.518432646145321
694342,2103210,8.489617592838407
694342,8168931,8.485813556523235
694342,7567733,8.485813556523235
694342,4208694,8.478215701834271
694342,725741,8.45344332634924
694342,3242139,8.433729413034799
694342,5057539,8.429839287830756
694342,5744253,8.42131911852643
694342,1979370,8.41706548921245
694342,7193461,8.39538868341144
694342,7193465,8.39315624027263
694342,938280,8.389438138920019
694342,3376745,8.389438138920019
694342,383187,8.389438138920019
694342,2247276,8.389438138920019
694342,1465789,8.357797635547193
694342,5371920,8.334723977739063
694342,5371924,8.334723977739063
694342,6415307,8.326394897785214
1125225,98239,20.885539029213533
1125225,98237,20.768057523112716
1125225,3915090,19.18187692371683
1125225,98235,19.15685326729622
1125225,98244,19.15685326729622
1125225,6192781,16.870217979239673
1125225,7643074,16.466536932182528
1125225,3101058,16.454556030303593
1125225,6738498,16.412737847932032
1125225,4313512,16.380309677854154
1125225,1549512,16.327162206693448
1125225,3435457,16.31316299294837
1125225,4406282,16.279405721832962
1125225,1611666,16.127384936630502
1125225,4313511,16.058622132625175
1125225,4791453,15.965225071878413
1125225,6192778,15.954945775235007
1125225,3546821,15.947800538958528
1125225,7162698,15.94082214105017
1125225,4121029,15.893325537643324
1125225,8554269,15.8709200548267
1125225,6310606,15.697574181353934
1125225,7162696,15.643867097337296
1125225,729492,15.61362870682439
1125225,7162693,15.547393456584363
1125225,5260206,15.520034552606111
1125225,6192777,15.499715657581769
1125225,7099414,15.492758875810765
1125225,569049,15.464840451731959
1125225,840575,15.46462584229125
1125225,5932214,15.417568310948697
1125225,8133539,15.411864204396846
1125225,8710448,15.382456160350136
1125225,650797,15.382355653759
1125225,5932217,15.371695184979849
1125225,3435452,15.340709864781793
1125225,5506013,15.300783843841494
1125225,2678793,15.288590656592461
1125225,3259433,15.26831829473042
1125225,2984532,15.265707113288247
1125225,8455836,15.245237271455757
1125225,681074,15.218959952635792
1125225,5684400,15.213203384050157
1125225,4922901,15.192236505441038
1125225,8292316,15.175397890089444
1125225,7162691,15.163045540128028
1125225,6738499,15.149988530903562
1125225,631446,15.148183404268318
1125225,274959,15.148155453025527
1125225,3277746,15.13098913564519
1125225,6738497,15.117463074455873
1125225,5684397,15.116076347690884
1125225,1147429,15.113940861766332
1125225,661025,15.098646018632017
1125225,2460323,15.097836000409124
1125225,5779086,15.06710399508098
1125225,4406279,15.062631986019001
1125225,6014483,15.047853166105128
1125225,840576,15.019893152796444
1125225,3101055,15.006875166406475
1125225,4791457,15.006875166406475
1125225,2233884,14.99853827088662
1125225,4406287,14.951529610583133
1125225,3200725,14.893881642263702
1125225,7643078,14.893881642263702
1125225,1126850,14.878759631191443
1125225,3362181,14.842874760261628
1125225,6976649,14.825953300516382
1125225,6047636,14.823006172121701
1125225,6321992,14.819918474349251
1125225,3435449,14.79203813283689
1125225,1716065,14.785866042317782
1125225,2496750,14.775143258099707
1125225,3200722,14.770085992764674
1125225,8292320,14.770085992764674
1125225,1202649,14.73289852984179
1125225,7633196,14.731153313650733
1125225,3393552,14.708381948117694
1125225,7621954,14.69298659455265
1125225,3128318,14.66788085639229
1125225,2496747,14.666091425360964
1125225,1963669,14.666091425360964
1125225,5785871,14.657805154473884
1125225,1875616,14.656192981878085
1125225,5127783,14.644318535419632
1125225,3271700,14.620282948556376
1125225,3271699,14.620282948556376
1125225,6201334,14.58956087735051
1125225,7516228,14.58677650068291
1125225,81308,14.572220004727313
1125225,6201338,14.526267765172692
1125225,729493,14.520249336481161
1125225,7633198,14.511577242385636
1125225,2166182,14.511577242385636
1125225,7601282,14.502601176006731
1125225,7616385,14.50051039210234
1125225,6962270,14.50051039210234
1125225,421019,14.493536051671537
1125225,681079,14.491635412167486
1125225,5399767,14.45157624403466
1136427,2381167,15.578532929050537
1136427,494310,15.339020879869544
1136427,494315,15.029993612965406
1136427,137318,13.52395883398415
1136427,826425,13.435420777260555
1136427,8387944,13.094774853646317
1136427,8387946,13.02785842610815
1136427,2640787,12.6774434096844
1136427,6581298,12.077394752369468
1136427,3249118,12.072127993697691
1136427,2516333,11.966270656643072
1136427,2516336,11.954712425486413
1136427,7239533,11.790660630956573
1136427,3189929,11.790660630956573
1136427,2373131,11.698084375497611
1136427,5366012,11.606950549093419
1136427,5056977,11.606950549093419
1136427,405981,11.517225700650748
1136427,6493308,11.428877405485734
1136427,1703436,11.428877405485734
1136427,4016341,11.428877405485734
1136427,2093532,11.256185675662387
1136427,920543,11.226530856171273
1136427,3642354,11.1717821808322
1136427,7766091,11.088635049288339
1136427,8387945,11.006716436430304
1136427,5042321,10.690798251998746
1136427,8025604,10.633058829359344
1136427,3249120,10.462709291205538
1136427,2239911,10.383238372855754
1136427,2239906,10.360594346990618
1136427,2239909,10.360594346990618
1136427,2239903,10.291887000608222
1136427,4860940,10.17949211449747
1136427,1367555,10.019630102720221
1136427,6821492,9.908691812672835
1136427,2573000,9.836330554486487
1136427,1287837,9.816887784226777
1136427,6394664,9.816887784226777
1136427,5030466,9.80637873899303
1136427,3577655,9.782641011947002
1136427,5324424,9.782641011947002
1136427,1290234,9.752922632807598
1136427,7885842,9.750312693445128
1136427,7885838,9.741658295401983
1136427,494311,9.73176620576684
1136427,7612575,9.686780151679946
1136427,1664701,9.641692763484992
1136427,5585681,9.641692763484992
1136427,4407613,9.641692763484992
1136427,2028152,9.641692763484992
1136427,5712693,9.641692763484992
1136427,2359424,9.62195223922655
1136427,3699839,9.62195223922655
1136427,5030462,9.620540783463797
1136427,4405192,9.620540783463797
1136427,5512736,9.599481406867515
1136427,1038885,9.599212974529001
1136427,4407610,9.575732594197666
1136427,5819147,9.575732594197666
1136427,5149215,9.55394596713908
1136427,630295,9.544470837530408
1136427,1664706,9.518355292049245
1136427,1513844,9.495552521248904
1136427,738679,9.49362816673375
1136427,3242154,9.49362816673375
1136427,4775717,9.49362816673375
1136427,494313,9.49362816673375
1136427,1719615,9.49074309696715
1136427,587983,9.49074309696715
1136427,6006872,9.49074309696715
1136427,5234048,9.482555710662712
1136427,1664709,9.47503620557924
1136427,437417,9.47503620557924
1136427,7612574,9.47503620557924
1136427,6720506,9.47503620557924
1136427,4424583,9.469029182557485
1136427,8017858,9.469029182557485
1136427,5472100,9.460032915797317
1136427,6566160,9.460032915797317
1136427,2518272,9.460032915797317
1136427,4625177,9.454608354845227
1136427,3529048,9.444557346013422
1136427,4257386,9.444557346013422
1136427,1564236,9.444557346013422
1136427,8118916,9.444210898493264
1136427,4669392,9.434268398095782
1136427,5901095,9.434268398095782
1136427,8723553,9.434268398095782
1136427,4374274,9.434268398095782
1136427,4565927,9.430671004432645
1136427,6492133,9.429520837837142
1136427,6720511,9.41401576928248
1136427,4405193,9.41401576928248
1136427,5481229,9.40628234066799
1136427,4585348,9.395991192882281
1136427,7980890,9.395991192882281
1136427,5512738,9.393849907207057
1136427,8135882,9.391174672180457
1136427,8289444,9.390283265747865
1128856,8618712,35.83787498718237
1128856,8618713,29.481195361041138
1128856,8618711,29.201913163922523
1128856,8618715,28.63067201194512
1128856,8618710,28.372479677049842
1128856,8618708,28.13323390240816
1128856,8618714,26.19669914959028
1128856,8618709,20.667626516353167
1128856,8618706,19.943252993745308
1128856,8618707,19.281366872610697
1128856,8618810,17.802001712083033
1128856,5807079,17.628138191099637
1128856,3366588,16.52930948636867
1128856,6174216,16.436836220482988
1128856,6734611,16.066319043559474
1128856,4299302,15.355605778208702
1128856,8618808,15.154668838468028
1128856,4715949,15.083906916052827
1128856,3585203,14.92467017157368
1128856,8083043,14.856790357597713
1128856,8083038,14.310347142767476
1128856,1479810,14.2553720653973
1128856,1479814,14.2553720653973
1128856,4175759,14.083614831873096
1128856,8083040,14.08305544843201
1128856,6403354,14.04158942038622
1128856,4728617,13.940693110212827
1128856,3711791,13.911946112564083
1128856,1058815,13.8781642604885
1128856,8754489,13.837156446976955
1128856,8083037,13.830553095281513
1128856,325503,13.811447872546484
1128856,7505425,13.779706842989262
1128856,8754488,13.742620114773331
1128856,1047602,13.713371268909864
1128856,3051965,13.694494609147483
1128856,6001757,13.667353210464489
1128856,4728615,13.666380408931285
1128856,3883280,13.660514568710767
1128856,5136004,13.660514568710767
1128856,6756799,13.650243651589173
1128856,7846654,13.638410713943745
1128856,5606239,13.634516926249152
1128856,5714870,13.628381280638761
1128856,1268972,13.60926457690888
1128856,7151790,13.600215691843765
1128856,4728618,13.591134980092601
1128856,7601002,13.578311865677883
1128856,5714863,13.554615945231543
1128856,4911816,13.552873196654405
1128856,7087147,13.535502408383248
1128856,3883279,13.535502408383248
1128856,5728207,13.530777730134105
1128856,8824633,13.530777730134105
1128856,4728612,13.502759786801658
1128856,1756202,13.4905799597116
1128856,2793800,13.481647355582124
1128856,7861392,13.481647355582124
1128856,2191378,13.479497868863103
1128856,4728610,13.471853425860662
1128856,851541,13.461043898675221
1128856,1389973,13.457794773135753
1128856,7195398,13.444157209641943
1128856,7163306,13.435080845539002
1128856,7573448,13.428605227886857
1128856,2649284,13.413192588256154
1128856,128747,13.411262906206796
1128856,5879554,13.405974437685298
1128856,3081685,13.38039607677641
1128856,8128333,13.379567652414051
1128856,2772843,13.378095437783045
1128856,8541100,13.365421354151675
1128856,6753650,13.361165060351844
1128856,7896851,13.352982764305825
1128856,848100,13.346852615911612
1128856,848099,13.346852615911612
1128856,4533248,13.346852615911612
1128856,4948586,13.338049176870332
1128856,3379265,13.335672614817248
1128856,5221100,13.3344879479418
1128856,4728611,13.329034001624539
1128856,8254010,13.328680583914455
1128856,1898793,13.325441349966447
1128856,1509001,13.32162699981674
1128856,7131320,13.303357024030273
1128856,7173559,13.303357024030273
1128856,7230620,13.303357024030273
1128856,1817278,13.303039200775808
1128856,4728613,13.301510165120085
1128856,5553872,13.30137961315279
1128856,8254011,13.30137961315279
1128856,4728614,13.288893012698207
1128856,4481052,13.274599163456932
1128856,873011,13.259775616424704
1128856,2048353,13.259775616424704
1128856,2062376,13.231001892806454
1128856,1567373,13.231001892806454
1128856,6812086,13.231001892806454
1128856,1868062,13.231001892806454
1128856,6997256,13.22882045357763
719381,3923586,16.35732108190281
719381,962230,15.8550151679346
719381,5250974,15.733748092270543
719381,974059,15.218457911039028
719381,5321345,14.922458358924963
719381,6068509,14.098335616709349
719381,1002002,13.805683263050007
719381,5321343,13.14571095336125
719381,4870518,12.493061854358738
719381,8714044,12.094437038028037
719381,6705103,12.094437038028037
719381,2373741,11.630556707355169
719381,364132,11.454817578712698
719381,2108688,11.284310275829133
719381,6871197,11.200946088916435
719381,3162551,11.178980803128884
719381,1132386,11.037859090099314
719381,1663742,10.903871068944635
719381,151258,10.833003636765692
719381,7278709,10.80194288718917
719381,2792812,10.80194288718917
719381,6921271,10.766828534434072
719381,1234558,10.74583022971222
719381,1914317,10.671440105366727
719381,981072,10.638363606874382
719381,160655,10.592399493746615
719381,7310659,10.576237464731877
719381,4588267,10.55279639429046
719381,6967590,10.487626561363566
719381,4588272,10.457265499356668
719381,4588270,10.44027780384956
719381,7132597,10.439347453715184
719381,1847332,10.430388694246282
719381,8257965,10.417753477229452
719381,4051877,10.397970010427523
719381,4588271,10.397434989158132
719381,7580035,10.361620179679905
719381,7016787,10.342072429881222
719381,220952,10.310637621626965
719381,2036372,10.290966717038337
719381,8094127,10.265547997255211
719381,5117472,10.258192665398402
719381,4449518,10.202840260028772
719381,7689804,10.193661862985726
719381,4012955,10.19188825423633
719381,1607429,10.191824420350729
719381,427422,10.186774866967516
719381,3569291,10.180776135124653
719381,220953,10.171656183958989
719381,5605716,10.16078676718173
719381,7605008,10.135466132003135
719381,3285359,10.12700847732118
719381,6569717,10.10214274068609
719381,7219524,10.090845774295058
719381,4934750,10.084671670292618
719381,5348901,10.07541295416689
719381,8644208,10.068610882825896
719381,7267893,10.065234143949038
719381,6682341,10.046473763818952
719381,6068944,10.046473763818952
719381,7016786,10.046473763818952
719381,7418819,10.03438378846325
719381,5874333,10.03438378846325
719381,6977444,10.024433773793493
719381,7936766,10.019289677947807
719381,3068286,10.009745481391809
719381,4503819,10.009745481391809
719381,4854368,9.996065619576054
719381,239637,9.96989350866059
719381,6297801,9.969523003121056
719381,365660,9.960410173406151
719381,2006008,9.958890226945151
719381,6262401,9.949939003490481
719381,8257962,9.943858089651304
719381,66948,9.937232429806569
719381,7946546,9.917958294464052
719381,4680823,9.915668627541969
719381,4963739,9.91100446726385
719381,2854135,9.897541922347598
719381,8167859,9.892727938238714
719381,7402907,9.872820570584102
719381,3988242,9.866561358569458
719381,805955,9.851535110501024
719381,7402906,9.851535110501024
719381,460780,9.851535110501024
719381,1782334,9.846343490197107
719381,4680819,9.84106213661504
719381,3699370,9.84106213661504
719381,5349076,9.832816539870135
719381,778328,9.832816539870135
719381,2990702,9.827245641938095
719381,2860699,9.822697737293918
719381,1527105,9.822697737293918
719381,2617907,9.815694375707592
719381,282642,9.815694375707592
719381,805961,9.815694375707592
719381,7231061,9.803702873981226
719381,7946540,9.793805742544567
719381,5114684,9.767303237072081
719381,1241915,9.767030583741228
53175,6031883,17.64798436985002
53175,1203854,17.123199753063567
53175,4860417,16.952644483847553
53175,1755117,16.454256913734017
53175,2426515,16.449920216740505
53175,479863,16.390488218749613
53175,5925084,16.38496460571806
53175,5925083,16.27135671630286
53175,4474059,16.15336888931369
53175,479864,16.04773820429039
53175,98660,15.869295979620595
53175,98665,15.772838478545467
53175,5925089,15.668989907900995
53175,4277117,15.60421169077728
53175,6151784,15.569894836799454
53175,7811556,15.556949294198363
53175,98656,15.536747997810318
53175,7239924,15.381769107507576
53175,4245476,15.381769107507576
53175,479865,15.239092987841872
53175,98657,15.136952436064092
53175,1410837,15.01516203601197
53175,7773599,15.014430086942816
53175,2646417,14.981894489685326
53175,7978209,14.95449429180968
53175,8708682,14.936240850325145
53175,6414764,14.88011979361924
53175,8821099,14.858144962002685
53175,3235092,14.80641639652207
53175,4474060,14.780861492887153
53175,8348610,14.777567698477872
53175,2027057,14.651004543138058
53175,3789574,14.628681625548367
53175,479859,14.595751240907301
53175,5864891,14.544114524456337
53175,4384467,14.479603432070196
53175,7898174,14.445152146443196
53175,615500,14.31626634214766
53175,8219405,14.23808889989311
53175,468175,14.083541372888094
53175,5925091,13.984497660703283
53175,2577290,13.980933538934423
53175,8311848,13.85007111897098
53175,4962247,13.797694796496504
53175,2591237,13.711103167508195
53175,5845281,13.704098034269483
53175,4128309,13.643411705944807
53175,6621349,13.6298584093666
53175,3467478,13.559656441806736
53175,8565376,13.526374368079367
53175,4733274,13.4975059357525
53175,577068,13.473546951994653
53175,3348182,13.451256249564953
53175,6878531,13.443943589897465
53175,5652638,13.415582372823065
53175,5652641,13.415582372823065
53175,6455354,13.290123350617733
53175,3134349,13.251912426009516
53175,6700727,13.24979848699851
53175,238360,13.234231656335833
53175,5586246,13.184882616884668
53175,5872109,13.160647408845353
53175,7069117,13.155372766535915
53175,5560558,13.131237081888003
53175,8821102,13.112101392047325
53175,1948314,13.112101392047325
53175,8014788,13.085575818568216
53175,3125226,13.071549213356722
53175,3735095,13.068604640411912
53175,7078309,13.060432612211624
53175,1749911,13.059122835352476
53175,8333463,13.037215522887877
53175,7291660,13.031085566318726
53175,4372718,13.023327268550055
53175,1104819,13.01174843017776
53175,8565386,13.007656378666386
53175,8821097,12.992204640379068
53175,689334,12.986014234807163
53175,6363818,12.984210467572467
53175,6593772,12.974769548830766
53175,4316769,12.958293598973016
53175,4917562,12.958293598973016
53175,6433392,12.958293598973016
53175,4427811,12.956992417277473
53175,5775590,12.938304293770926
53175,4760908,12.917489589789412
53175,6878759,12.916283013466183
53175,3818257,12.901638695137452
53175,8032479,12.874480686938934
53175,6500285,12.869832595864473
53175,1179895,12.841886219714898
53175,5586253,12.841605367777188
53175,2325225,12.840309921816784
53175,4224272,12.830155516092983
53175,6598,12.830155516092983
53175,3347939,12.822462220592769
53175,8333470,12.799591490712547
53175,3575633,12.78897488886539
53175,6034371,12.77111979815038
53175,6544825,12.767032119199445
131651,4386031,16.053673580658142
131651,4386033,15.925875800778314
131651,4386032,15.890349988929405
131651,8334290,14.285593032671645
131651,8137502,14.132912566961167
131651,3695982,13.570679684476843
131651,4599676,13.445280474162276
131651,6983085,13.43146309688331
131651,5658050,13.184581086458204
131651,8195113,13.093839114118756
131651,228040,13.088509723463579
131651,6983081,13.088509723463579
131651,8724468,13.074943984036283
131651,7825212,12.9891131421146
131651,3816120,12.986297481461877
131651,867563,12.905665454257232
131651,7895096,12.726218652654062
131651,2062607,12.457663910135377
131651,4636782,12.440189811807619
131651,3816122,12.216748925190178
131651,974426,12.216748925190178
131651,3169274,12.137112875692283
131651,1490196,12.126568201691882
131651,3169272,12.058558288603727
131651,8334292,11.945615193475897
131651,7554989,11.945615193475897
131651,6983084,11.904602354036388
131651,1758089,11.829157092964682
131651,184783,11.754705417270639
131651,7571050,11.537110709450182
131651,1658449,11.473467966397708
131651,578718,11.437348192020043
131651,3169273,11.327757256704395
131651,5658054,11.278451688665424
131651,5585471,11.272863417785167
131651,4599677,11.272863417785167
131651,3169276,11.25972028992483
131651,7124341,11.226568700371104
131651,2062602,11.207892783688933
131651,2133749,11.19022856962354
131651,7554990,10.99586566004161
131651,6897563,10.931896916100008
131651,2765412,10.921303820522857
131651,6583821,10.868696206717491
131651,553275,10.80624924205508
131651,7571052,10.744542097866264
131651,455054,10.561923154694778
131651,677184,10.561923154694778
131651,8605581,10.441782615771068
131651,4636784,10.389098842439516
131651,8334294,10.324440167292007
131651,8330053,10.238523298641816
131651,3968174,10.209795594962282
131651,8137506,10.13080595466933
131651,2584586,10.121248446849018
131651,3781573,9.881947513808957
131651,4610994,9.878296714262872
131651,3816115,9.796901147834232
131651,7895092,9.758625208621723
131651,6629087,9.71683599163264
131651,4386036,9.638068891745156
131651,6555098,9.550787510424682
131651,1941266,9.488110820739054
131651,1514894,9.484304606954788
131651,4248341,9.475362784854799
131651,6211354,9.450553415500973
131651,2765413,9.450553415500973
131651,3695976,9.434634682463857
131651,3456223,9.394471444889035
131651,3587144,9.351646896538305
131651,6583825,9.335369541545685
131651,2133753,9.32974877643499
131651,7229140,9.316626131536195
131651,8334297,9.316626131536195
131651,3514476,9.31550490054988
131651,7488356,9.24110323275011
131651,3514473,9.22682320314243
131651,626271,9.220690680876693
131651,4599675,9.193193977063116
131651,5382171,9.193193977063116
131651,2551848,9.169613835760208
131651,2594751,9.16679490332885
131651,1170649,9.147231990581936
131651,2097451,9.120535516798466
131651,4903242,9.119099740755765
131651,2062600,9.0944584168504
131651,399863,9.093672077690117
131651,3616622,9.051104761870564
131651,455055,9.04619030753807
131651,1170650,9.038446517020393
131651,3493842,9.024084530114791
131651,147514,9.021706610327994
131651,4599679,9.010171046707205
131651,7300770,8.982723114107438
131651,8321828,8.974437484448046
131651,7322146,8.970267533077084
131651,4954988,8.911463139252463
131651,5330413,8.881139553756348
131651,1370551,8.872986707933876
131651,1170652,8.841951570511734
1037798,8760873,17.642885797423617
1037798,2157456,17.24056957097045
1037798,8760867,16.343814942866004
1037798,3641634,15.547729519991224
1037798,8760864,15.252221124198368
1037798,8820474,15.199950440944463
1037798,4788864,14.136818323213161
1037798,6912814,13.964485725099175
1037798,2157450,13.618840307156075
1037798,2787508,13.5018407268179
1037798,8717816,13.501801356752367
1037798,3167284,13.471010582010633
1037798,2914156,13.162450997669717
1037798,8417086,13.108374391804244
1037798,5099520,13.09625571754145
1037798,1499298,12.945538065099548
1037798,8760868,12.735658534201011
1037798,4974552,12.735658534201011
1037798,4227882,12.735658534201011
1037798,8760871,12.633250251778389
1037798,8760866,12.512724379789557
1037798,7967207,12.335674304376006
1037798,3620983,12.288512706843651
1037798,4095286,12.239573339077076
1037798,1520771,12.144958146377954
1037798,4482918,12.144958146377954
1037798,8087396,12.058340794084543
1037798,2634475,12.051794534326632
1037798,1520773,11.869690450804882
1037798,7822415,11.780686645655631
1037798,3673022,11.780686645655631
1037798,994978,11.780686645655631
1037798,6421952,11.693007680352858
1037798,7253357,11.635934005324113
1037798,3641640,11.606624192659815
1037798,8760870,11.606624192659815
1037798,2572535,11.606624192659815
1037798,5702713,11.606624192659815
1037798,5438881,11.583863363762266
1037798,6412269,11.527245466397524
1037798,7466652,11.521507681644861
1037798,8515267,11.354965705697268
1037798,3295328,11.354965705697268
1037798,3387556,11.354965705697268
1037798,4083926,11.273487269990651
1037798,4877594,11.273487269990651
1037798,2608688,11.273487269990651
1037798,8229700,11.067488429332005
1037798,3579534,11.035919974911629
1037798,6060285,11.035919974911629
1037798,4075483,10.995849591154633
1037798,7943228,10.980051450677497
1037798,720665,10.958940369043614
1037798,6526050,10.913608111375531
1037798,5768059,10.89745574423842
1037798,8198476,10.861065843063933
1037798,4114288,10.812776124038837
1037798,8198473,10.812776124038837
1037798,1150486,10.80815859628833
1037798,5143685,10.759846898481815
1037798,5143677,10.74558417711671
1037798,4109216,10.712307796841792
1037798,3498562,10.692123424841146
1037798,7019991,10.670449482757244
1037798,2027587,10.670449482757244
1037798,4978171,10.658010228348108
1037798,8451820,10.552934879163148
1037798,2213411,10.509065701660889
1037798,7755931,10.468571114949919
1037798,811307,10.45417941744778
1037798,6943531,10.430905060793902
1037798,3216050,10.341625712886124
1037798,7081470,10.341625712886124
1037798,479276,10.325370711835236
1037798,6983693,10.325370711835236
1037798,5280267,10.317768006477497
1037798,2450246,10.31530684294273
1037798,5691823,10.31530684294273
1037798,3883427,10.31530684294273
1037798,789998,10.300298515612328
1037798,3347494,10.292596151827198
1037798,2697971,10.289121593103024
1037798,8451823,10.289121593103024
1037798,3216048,10.263068948365756
1037798,3150377,10.26002899802085
1037798,48886,10.26002899802085
1037798,46265,10.254966414102329
1037798,2926271,10.244358629198548
1037798,6809699,10.227667287842975
1037798,7827289,10.222741498824433
1037798,3150376,10.221950454435781
1037798,1780966,10.221950454435781
1037798,5732886,10.219094433663622
1037798,408448,10.219094433663622
1037798,408449,10.217381587127337
1037798,4375831,10.211905222992726
1037798,4092426,10.203016978381017
1037798,4092424,10.203016978381017
1037798,8553372,10.200513118410807
1037798,8385580,10.186990032180459
915593,82113,29.402748855493435
915593,3538167,28.640727766410073
915593,3538164,28.635296552157644
915593,6923052,27.859634141184806
915593,82109,27.42910432751715
915593,3538166,26.56698566956755
915593,8178998,25.952127531864633
915593,7742098,25.231207025150617
915593,3890492,25.086078197304435
915593,2210594,24.997506023580172
915593,2210595,24.997506023580172
915593,82107,24.53521312934916
915593,2210597,24.408690288166678
915593,1396701,24.215355507809193
915593,7885529,24.18986680246475
915593,3357360,23.875447192068545
915593,275732,23.875447192068545
915593,4566816,23.72414382602478
915593,2210591,23.60618036958055
915593,5931269,23.54575953442913
915593,6564325,23.48664457907487
915593,210379,23.44848791748798
915593,4566815,23.256744473910693
915593,3573479,23.192166833388505
915593,3538162,23.148936267620538
915593,82106,23.132724110718943
915593,82111,23.067687035864132
915593,8103065,22.941563114892773
915593,3485338,22.818343760335573
915593,8455306,22.79769274990017
915593,82114,22.79769274990017
915593,1772930,22.771226477039296
915593,649106,22.760581376683874
915593,4910037,22.696481101195985
915593,2588143,22.63172430129675
915593,8178996,22.57595210260381
915593,8103067,22.57595210260381
915593,3143377,22.468154906197366
915593,8402971,22.468154906197366
915593,8029530,22.45673426628047
915593,1396707,22.411030515585054
915593,8178999,22.3782414535958
915593,3523602,22.305854114345088
915593,4691129,22.06329724303589
915593,4566819,22.028010655542346
915593,3523599,21.94404316827012
915593,8402972,21.709468647915763
915593,8029524,21.709468647915763
915593,2210593,21.594103783174894
915593,82105,21.594103783174894
915593,4566818,21.480799285883585
915593,6923054,21.38618362099606
915593,7861750,21.29168727473425
915593,5931264,21.27770690145734
915593,4566823,21.255442973391347
915593,8402973,21.222466071402316
915593,3538163,21.152850865044098
915593,7837086,21.14496574641145
915593,1033076,21.095929135988612
915593,2923498,21.093103943474212
915593,3991910,20.95373649184495
915593,8179001,20.820489501347964
915593,3538159,20.566787703399434
915593,2210598,20.327296647315443
915593,7837084,20.3069831157008
915593,5931268,20.29126661268005
915593,8402968,20.217753321377806
915593,3710119,20.170495393987462
915593,8402970,20.163239081481315
915593,8402974,20.045484434626132
915593,8420020,20.045484434626132
915593,2923496,20.03173905110966
915593,8455303,20.01922478541526
915593,5931262,20.00630451039258
915593,2923497,19.95953740484564
915593,3573480,19.786574689586804
915593,3918680,19.771853710256778
915593,4566817,19.717647088334097
915593,8029533,19.661755843919142
915593,5931263,19.470824296600366
915593,3538165,19.345065178068452
915593,8455302,19.323721033105198
915593,2744909,19.21446526131607
915593,5015095,19.195071416171437
915593,8002846,19.178823850763568
915593,8002853,19.00728319233187
915593,7861747,18.967291108708174
915593,341356,18.947843909246526
915593,6923053,18.938346828341576
915593,3573477,18.91717486348248
915593,5931265,18.64435704111367
915593,6923050,18.64435704111367
915593,1907207,18.620332309453808
915593,7861756,18.61873290730377
915593,8179005,18.56412259884975
915593,8103068,18.359355240808192
915593,6761344,18.2478321983718
915593,8029525,18.222353130745894
915593,7861749,18.1644737740812
915593,8455304,18.093447174133775
264014,1610712,25.55241654571489
264014,4834547,24.810583170970183
264014,96854,24.76997200669249
264014,6337909,24.034567825441083
264014,6641238,23.431967483979083
264014,1610714,23.127056883900092
264014,3764482,23.093010621827055
264014,5611210,22.851532917745242
264014,3666584,22.56031352713289
264014,96852,22.17281140345594
264014,5849270,22.167214423171103
264014,4239616,22.104134756816524
264014,5328095,21.90938998991908
264014,5635521,21.707280329307167
264014,2572557,20.53018208366197
264014,1610709,20.441161661530884
264014,5635519,20.38368772071582
264014,6501719,20.372365344902587
264014,3120993,20.25544885243954
264014,528379,20.193152062960586
264014,6105572,20.135885617624588
264014,7317297,20.037968383492206
264014,96856,19.7774325005562
264014,5583426,19.76845056412491
264014,96857,19.700259491576944
264014,8531389,19.67605847088968
264014,5896177,19.65325072710603
264014,3577342,19.60279303977056
264014,5269173,19.574505747655728
264014,3338825,19.530654594088574
264014,96859,19.379193850777128
264014,3666583,19.36480627489636
264014,7196300,19.30906827940988
264014,3338827,19.20701948095961
264014,3577344,19.13704223203885
264014,1313260,19.098955473406992
264014,2718300,19.057758986840714
264014,7418044,18.93749118055543
264014,2223171,18.78457634856565
264014,5950723,18.75490524984269
264014,5587285,18.679846856372734
264014,96855,18.57400801487946
264014,1163962,18.477823615653328
264014,8008355,18.442699718727084
264014,5310096,18.442699718727084
264014,1804644,18.440521237795725
264014,96851,18.360583973827048
264014,3154992,18.339597475293676
264014,5950726,18.3231742001365
264014,935825,18.28056521272635
264014,340490,18.205248231036563
264014,7326934,18.12689892601096
264014,2420367,17.99322213711756
264014,340485,17.974063957470655
264014,528372,17.9389738321913
264014,2991665,17.885832747441377
264014,3577343,17.86074244088897
264014,8531391,17.86074244088897
264014,5950722,17.65200279471481
264014,5698125,17.549911802449564
264014,1610713,17.529499183449634
264014,5950721,17.461118364696212
264014,4647186,17.34978117974329
264014,8193533,17.31604620378275
264014,8502491,17.31565325864519
264014,4834545,17.31565325864519
264014,331933,17.31565325864519
264014,4834544,17.295117318038383
264014,3844364,17.210743703659723
264014,3841908,17.192908577902042
264014,3338823,17.173364785130243
264014,3201487,17.093067055638343
264014,2873068,16.92115157719336
264014,2633248,16.908640883561283
264014,1473907,16.888078334002067
264014,5386309,16.759088259183955
264014,5063302,16.759088259183955
264014,96853,16.705320645093565
264014,2474342,16.6854718668503
264014,4425760,16.638205887108352
264014,447992,16.58805302160853
264014,8623793,16.493832241849837
264014,1610710,16.493832241849837
264014,4125994,16.493832241849837
264014,276903,16.467424084932773
264014,3512010,16.410445110211654
264014,2508581,16.26208272568346
264014,4425759,16.248104971086093
264014,528380,16.236842123464793
264014,3987380,16.155524456815698
264014,95169,16.155524456815698
264014,4125998,16.11132696833826
264014,421719,16.11132696833826
264014,5635515,16.079333465493445
264014,1716850,16.005389873553376
264014,3418861,15.987737459241611
264014,4834548,15.987737459241611
264014,5063309,15.987737459241611
264014,2384837,15.975848039139965
264014,3683674,15.95741733128095
1121402,8052622,24.7616084398667
1121402,8052624,22.845487990570682
1121402,182373,21.851656472600805
1121402,182370,21.72516176936948
1121402,188213,21.573090453581152
1121402,188217,20.978997493028558
1121402,188215,20.797435605335068
1121402,5189913,20.336322306795573
1121402,188218,20.22399898395212
1121402,182368,19.905572036504395
1121402,7125978,19.57045255483212
1121402,182364,19.453067169547495
1121402,7125983,19.306644022738276
1121402,3785310,18.76412017745713
1121402,7125985,18.462351584110877
1121402,8052619,18.314720808509705
1121402,188214,18.021374185753007
1121402,182365,17.977151799356474
1121402,188210,17.698083141444506
1121402,8052621,17.46653315439829
1121402,188209,17.441412055725376
1121402,7125981,17.251737028254187
1121402,188211,16.98817888188033
1121402,8052617,16.825597053496363
1121402,188216,16.493628201214765
1121402,8052620,16.483060131463844
1121402,182372,16.233010658592637
1121402,182369,16.233010658592637
1121402,1249683,15.365145454462873
1121402,7142994,14.779923796513396
1121402,8235730,14.190881778318488
1121402,3511795,13.905929551035417
1121402,8453588,13.684721419623344
1121402,8718639,13.4970783794705
1121402,6717342,13.387741295690462
1121402,3785309,13.018437438995917
1121402,1756426,12.986910725180536
1121402,7125980,12.727764282453467
1121402,7572308,12.55169839545583
1121402,7125982,12.359807749061227
1121402,1865061,12.14470958464383
1121402,6717338,11.969812778817944
1121402,133239,11.95095473559218
1121402,6717336,11.78393275325643
1121402,1865066,11.671643303238575
1121402,95998,11.671643303238575
1121402,4616915,11.492577647252162
1121402,5805824,11.492577647252162
1121402,3120488,11.427045878750333
1121402,3498103,11.318923399015983
1121402,3511789,11.286200171721342
1121402,1756424,11.234049471015862
1121402,2801731,11.184102452504165
1121402,2801732,11.126394187196478
1121402,5576722,11.074172023883074
1121402,2741628,11.03042630329568
1121402,3142014,10.986896703853741
1121402,647025,10.90691149566145
1121402,3747588,10.828082463812311
1121402,6717337,10.816781482106942
1121402,5831283,10.750384719607677
1121402,2741622,10.651733450360611
1121402,4893520,10.651733450360611
1121402,1623219,10.4326923556594
1121402,1623225,10.425403827656597
1121402,7011506,10.374703927707298
1121402,7477360,10.364461930984211
1121402,1623224,10.337492672903675
1121402,4042707,10.27037671211892
1121402,6039386,10.236228755004412
1121402,8487132,10.125084915455654
1121402,6392404,10.123032980844185
1121402,1471445,10.11171906072289
1121402,3785306,10.10315679938051
1121402,1679028,10.081426248863892
1121402,4305983,10.041505690980362
1121402,2614504,10.018922909426854
1121402,3708987,9.919027880006642
1121402,8278682,9.898090538088898
1121402,4305982,9.887943683074514
1121402,752297,9.841792011553808
1121402,1270548,9.836237859810222
1121402,1679022,9.832677534252582
1121402,8487136,9.79232778901027
1121402,5614623,9.76561143549179
1121402,1905694,9.733378011591297
1121402,5614622,9.724991569193062
1121402,4494914,9.70572229145862
1121402,8644866,9.644757218017523
1121402,5614621,9.644757218017523
1121402,5786863,9.644757218017523
1121402,167779,9.627997037304404
1121402,1702461,9.6202708328583
1121402,8487134,9.6202708328583
1121402,8756354,9.6202708328583
1121402,4305985,9.592377859943175
1121402,6683285,9.561258412184314
1121402,5816919,9.55887973191065
1121402,1702465,9.537193641114111
1121402,96452,9.505678174726638
962179,8689054,21.180207419926173
962179,3705165,20.451067068114405
962179,5773189,20.433020102208815
962179,2978866,19.686274243034553
962179,8785374,19.686274243034553
962179,4309122,19.4157624105053
962179,5653659,19.356414838507405
962179,2329697,18.992763281211214
962179,5773184,18.66217116595044
962179,3422321,18.596436928640735
962179,8689053,18.46634796007889
962179,3982060,18.372517188400227
962179,4511499,18.370911956547353
962179,534563,18.284135785683308
962179,6575560,18.245531465769293
962179,5320368,18.082213226468795
962179,1006866,18.082213226468795
962179,1006860,18.001645634479203
962179,5653652,17.948706194435506
962179,6898290,17.940474595863574
962179,6898292,17.870435298246377
962179,5427070,17.869544099619503
962179,4606387,17.75452382559419
962179,1006868,17.663560607431574
962179,8689058,17.61367037145476
962179,3173623,17.595662666631775
962179,1006867,17.595662666631775
962179,1006859,17.528284720321125
962179,4511501,17.528284720321125
962179,8811426,17.51259060220685
962179,3422317,17.395065098589505
962179,302865,17.395065098589505
962179,4511504,17.395065098589505
962179,1882903,17.324422163937818
962179,7126025,17.31387197658554
962179,8689055,17.31387197658554
962179,8785370,17.263855211393576
962179,8032269,17.119612546121495
962179,2131893,17.070710262933275
962179,2929469,17.046363739182887
962179,536178,17.026292186471352
962179,7588230,17.024108386112786
962179,4606389,16.998886417665442
962179,2978870,16.94830900983176
962179,8032264,16.944330157029924
962179,4606390,16.944330157029924
962179,6575567,16.92966388137504
962179,2017003,16.92966388137504
962179,2929465,16.81159265764955
962179,8689056,16.81159265764955
962179,5919341,16.74388406814358
962179,5653655,16.718675097521565
962179,4511498,16.697101838336025
962179,1006865,16.6435353420132
962179,6904865,16.636417916450995
962179,8768354,16.562137353863008
962179,6980697,16.562137353863008
962179,2017001,16.47273558912456
962179,8785368,16.45698420034632
962179,7428146,16.42219466848397
962179,7428143,16.42219466848397
962179,6675261,16.42219466848397
962179,6980701,16.384293816790585
962179,3422318,16.339496704830882
962179,2632688,16.247575437594275
962179,8785373,16.21022905627526
962179,5886688,16.187359418197865
962179,4257873,16.10948337639848
962179,8689057,16.10194751511809
962179,6186348,16.042132537764036
962179,536180,16.039823902563565
962179,536176,16.00434372858921
962179,4355819,15.998602245761326
962179,4606388,15.997044217999584
962179,5427063,15.996174055235942
962179,302868,15.955957800727155
962179,6898294,15.955957800727155
962179,931124,15.955957800727155
962179,6898295,15.872964144718633
962179,8746010,15.872964144718633
962179,6675258,15.872964144718633
962179,7126017,15.790829391108591
962179,1006861,15.790829391108591
962179,4717426,15.790829391108591
962179,181089,15.725853757324087
962179,1645087,15.70954027534681
962179,6980699,15.70954027534681
962179,6327380,15.700863093255135
962179,5642479,15.629083804620848
962179,2925975,15.549447250932964
962179,8768974,15.549447250932964
962179,4717424,15.549447250932964
962179,6675265,15.549447250932964
962179,8689051,15.512450488480386
962179,302866,15.509093400456221
962179,302861,15.509093400456221
962179,302864,15.470618144387641
962179,7428148,15.470618144387641
962179,6675259,15.470618144387641
962179,5919338,15.470618144387641
1117099,1798620,15.230971606237347
1117099,1445087,15.033386845123442
1117099,5752877,14.907176001353452
1117099,5699286,14.816369794287446
1117099,8714085,14.01245746816823
1117099,1798612,14.00298828041756
1117099,8446502,13.8491646319722
1117099,8714082,13.779773793504202
1117099,6177939,13.660612712216604
1117099,8093934,13.494627317493244
1117099,4775947,13.439705822182457
1117099,8446505,13.408931660336155
1117099,8446504,13.345399140156433
1117099,4458512,13.345399140156433
1117099,3349612,13.240898961976201
1117099,6993942,13.098392658057218
1117099,8446501,12.783469027188799
1117099,5258462,12.783469027188799
1117099,6122722,12.685768740620716
1117099,8093932,12.62457281185937
1117099,4441325,12.552625795721003
1117099,5149273,12.421752816643275
1117099,3543106,11.794845626109076
1117099,4059509,11.54397042751729
1117099,3931642,11.54397042751729
1117099,2036717,11.54397042751729
1117099,4458510,11.518993452844866
1117099,7498422,11.386093322406204
1117099,7959195,11.27831006801365
1117099,1798619,11.192453093838076
1117099,429704,11.107893429001098
1117099,7518838,10.942550163053614
1117099,5286539,10.896683718607143
1117099,4458509,10.896683718607143
1117099,4573811,10.782057038433582
1117099,5286538,10.68042299714743
1117099,103429,10.671248633910377
1117099,4886519,10.626203730552607
1117099,7498420,10.523922368362161
1117099,8644539,10.25559530963673
1117099,6534818,10.251743170279827
1117099,8417516,10.18455429292106
1117099,2867224,10.037731002233002
1117099,3973316,10.037731002233002
1117099,6177941,9.90996696472141
1117099,8144476,9.82697088818528
1117099,3186369,9.800861027255536
1117099,3960678,9.755685127891182
1117099,7278716,9.75314668507684
1117099,1632955,9.752059185360103
1117099,7610601,9.728981401153941
1117099,114509,9.715030000648605
1117099,1854343,9.70744897535719
1117099,3019333,9.696407274325407
1117099,6455489,9.678280956532138
1117099,769819,9.664668800288153
1117099,4457444,9.622264030422565
1117099,6940549,9.605610669311497
1117099,5020960,9.601200881636393
1117099,3186367,9.580229745954941
1117099,5912483,9.577447815040477
1117099,1181844,9.544920958011335
1117099,1080414,9.53856111267339
1117099,6858994,9.53856111267339
1117099,4001647,9.516293185891595
1117099,6622237,9.51511659423359
1117099,5699291,9.499660351651944
1117099,6411704,9.47673338952066
1117099,6848331,9.47673338952066
1117099,6411786,9.470725290511142
1117099,7748653,9.464203014833805
1117099,7253197,9.463461742110837
1117099,7172078,9.456301879716701
1117099,1602606,9.456301879716701
1117099,5602219,9.456301879716701
1117099,6858991,9.44676888256608
1117099,2789022,9.431209868991644
1117099,7278719,9.431209868991644
1117099,3833637,9.421899037520433
1117099,5793496,9.411280572892618
1117099,6622231,9.411280572892618
1117099,1542027,9.400888553306324
1117099,3104267,9.400888553306324
1117099,3427785,9.397674218152085
1117099,606629,9.397674218152085
1117099,6858988,9.375449300488807
1117099,2109699,9.366078542327639
1117099,8019445,9.349596376839218
1117099,1692843,9.340827082790124
1117099,2710571,9.340827082790124
1117099,4528335,9.332897620990483
1117099,951903,9.302007957397842
1117099,7431540,9.302007957397842
1117099,1257728,9.302007957397842
1117099,3427786,9.302007957397842
1117099,2194893,9.302007957397842
1117099,5817491,9.302007957397842
1117099,3784399,9.295967599670389
1117099,1181847,9.292995908243354
1117099,6398907,9.28152819536156
744366,8597232,14.332753883756606
744366,8597234,13.266867749060232
744366,760507,13.058765623665634
744366,8318774,12.791243550911798
744366,1286409,12.597686255598258
744366,8318773,11.602770844021618
744366,3152828,10.731873910139164
744366,2110902,10.550533453283567
744366,6214375,10.309610254688355
744366,5335826,10.205636594082735
744366,8318775,10.205636594082735
744366,8318779,10.04150818064847
744366,1485836,10.04150818064847
744366,8318776,9.882575282460103
744366,2110896,9.804980663924532
744366,8597238,9.804980663924532
744366,8597235,9.728595045814766
744366,1485842,9.728595045814766
744366,2110901,8.771874102110594
744366,5335825,8.650347689279108
744366,7219555,8.532142541241864
744366,3410315,8.250296215371698
744366,3410311,7.986475179209558
744366,8318771,7.739003821367651
744366,2110903,7.691338588299048
744366,3410313,7.330161501959615
744366,6214370,7.1211601805510885
744366,6214366,7.0807820034826054
744366,6214367,6.66506928923102
277780,4840387,29.869145756342768
277780,4840386,27.33767457519024
277780,4840391,26.543577314556018
277780,4840389,25.669306228995485
277780,3730468,25.467876383700883
277780,1162122,25.180633132263054
277780,2529668,23.56878713863688
277780,5507433,23.24742957152334
277780,5912313,23.24742957152334
277780,7197373,22.865540447793826
277780,917777,22.61616258943178
277780,6018365,22.072665366192318
277780,5852844,22.00736115070992
277780,8042974,21.978302628147148
277780,4840388,21.299131801140177
277780,552785,21.28637621481476
277780,8013188,21.268188559420743
277780,803915,21.204990710462617
277780,803921,20.971634047222956
277780,4131748,20.631362112944803
277780,5342822,20.53877477975849
277780,8013189,20.50702630599674
277780,3983028,20.328973863275287
277780,8013190,20.240838011421936
277780,2300745,19.72572284660007
277780,7880141,19.58214135265881
277780,1853981,19.474035391318978
277780,8523731,19.140645843774294
277780,3730469,18.939129775456465
277780,6790286,18.74777538813273
277780,3129224,18.725556518621193
277780,4251012,18.71257993559711
277780,7049627,18.384247592656223
277780,5080608,18.370811930955124
277780,7675945,18.351992319143385
277780,776238,18.33985275164653
277780,7579282,18.28637332406705
277780,3582168,18.158895299471272
277780,6001075,18.09858686082808
277780,7545717,18.023854468873942
277780,7423352,18.02193252084554
277780,1350042,18.02193252084554
277780,6600967,17.975027103544573
277780,5072847,17.801346456183193
277780,8545109,17.715498001975227
277780,8503078,17.680127092046856
277780,4630736,17.611423454411973
277780,4575349,17.577485566113722
277780,3791295,17.573615185111976
277780,6548937,17.569065426943947
277780,1095048,17.501929693582092
277780,302366,17.500910829456053
277780,977263,17.2347795795434
277780,6833813,17.21884059109346
277780,7417835,17.1558134869494
277780,6001961,17.1086790126962
277780,8545104,17.046289669848342
277780,6616823,17.021509454512532
277780,977264,17.012384284242167
277780,1253444,17.00831856167884
277780,6596360,17.00486252548002
277780,1820658,16.93760616680894
277780,7602507,16.89140646800017
277780,3665133,16.888820054457923
277780,5999246,16.835672136152713
277780,6312967,16.70189042831535
277780,6810441,16.63285851494034
277780,5441965,16.510138993976422
277780,6531773,16.508037549694045
277780,2101025,16.487891148963737
277780,784779,16.4876964995713
277780,6001076,16.48315206531637
277780,4109614,16.431639813835673
277780,5150244,16.42724617774683
277780,552784,16.425800069873006
277780,7799823,16.425800069873006
277780,1072433,16.403428150174108
277780,3730466,16.34128090682608
277780,4109615,16.33027042186824
277780,5265550,16.315047276230132
277780,5540893,16.31232096654496
277780,7675941,16.28911663528921
277780,6001074,16.258447271969526
277780,4404302,16.245837524088877
277780,5827473,16.229966892873
277780,917778,16.229966892873
277780,3798149,16.182017455771494
277780,6810438,16.17206613972837
277780,4376976,16.163372797691984
277780,4763971,16.163372797691984
277780,8644353,16.15209679637698
277780,3354933,16.142127321789598
277780,4109618,16.141808245508102
277780,2134966,16.1089969401092
277780,3461392,16.1026562858532
277780,6548249,16.1007649845483
277780,917780,16.056854229478418
277780,7695726,16.045140306303985
277780,6001069,16.0322758386804
277780,5514240,15.99508759152474
1114563,8118044,21.65267251637112
1114563,8118043,19.544761348264135
1114563,8118049,19.455070127936143
1114563,8118042,19.41755221896191
1114563,8118048,18.481816600836048
1114563,8118047,17.876972207429745
1114563,6867488,15.028522613900215
1114563,8118045,13.429191744492087
1114563,6739268,12.906098278985759
1114563,7764799,12.846533726931018
1114563,6739271,11.97332880521108
1114563,8118046,11.91105047980141
1114563,6867490,11.849416673571163
1114563,8118041,11.78841743282008
1114563,6961178,11.677567405012713
1114563,2980153,11.322138381957757
1114563,2134056,11.256614459495351
1114563,6875690,11.102562999301204
1114563,6867493,11.102562999301204
1114563,6867489,10.995938380518165
1114563,6867491,10.995938380518165
1114563,3147463,10.943390386499667
1114563,452445,10.788717243680155
1114563,7760179,10.011929992996118
1114563,7233221,10.003084946712525
1114563,6867495,9.925142626856287
1114563,8117407,9.655506374631607
1114563,8785986,9.6545752473229
1114563,2875785,9.642090296883428
1114563,8354373,9.63379035184208
1114563,7488460,9.612534574733084
1114563,7039502,9.609200358446968
1114563,3116846,9.608576068360152
1114563,3992795,9.60482843793407
1114563,4985658,9.601188208595556
1114563,8290276,9.593189408671718
1114563,2142409,9.592535085548649
1114563,1099892,9.592471735263123
1114563,6956251,9.533668559163788
1114563,7488468,9.528156053410592
1114563,258034,9.512837453104188
1114563,924689,9.507114931685885
1114563,1864288,9.478123388213811
1114563,8527547,9.458617130419723
1114563,3220711,9.45211156505749
1114563,7760180,9.434453211849213
1114563,8617314,9.419573317224636
1114563,673869,9.406990824081674
1114563,7149403,9.404329695097053
1114563,6130251,9.404329695097053
1114563,5040789,9.36404178663143
1114563,8617315,9.363805713793706
1114563,7991857,9.358173449760882
1114563,574997,9.351846943570793
1114563,6130246,9.345362964207126
1114563,1183928,9.34046999870818
1114563,6130244,9.326992720697024
1114563,6130249,9.326992720697024
1114563,4749400,9.323483199810267
1114563,6130247,9.30869455652518
1114563,71729,9.307480418194611
1114563,1088168,9.29302308616737
1114563,4122466,9.29236053400573
1114563,8472128,9.290468048295606
1114563,6130248,9.290468048295606
1114563,3156122,9.284086596146519
1114563,7273012,9.281497142782813
1114563,7569801,9.275639093749268
1114563,6130245,9.27231277592188
1114563,6030562,9.258943615203023
1114563,6315749,9.254228322594884
1114563,5263302,9.250091146886126
1114563,5075441,9.245639861780338
1114563,3011755,9.24401488784216
1114563,488661,9.24401488784216
1114563,4234372,9.236443957872826
1114563,5803884,9.228283511546216
1114563,7731077,9.228283511546216
1114563,7845841,9.212605587298114
1114563,1134633,9.211340544619638
1114563,7149402,9.208204571105068
1114563,1893242,9.200395757295285
1114563,8766215,9.200395757295285
1114563,3429153,9.192204219939079
1114563,3887966,9.189685672257681
1114563,5943400,9.182590476501321
1114563,4024702,9.165889816365969
1114563,157851,9.154958835889556
1114563,4040083,9.147185866282335
1114563,4857319,9.133421549427574
1114563,1708134,9.12958574431428
1114563,6130250,9.122365686846072
1114563,6089327,9.119645432735192
1114563,6089335,9.112053221151847
1114563,1708135,9.112053221151847
1114563,1708138,9.112053221151847
1114563,5261916,9.094587908089784
1114563,5497003,9.094587908089784
1114563,8090689,9.089074213921519
1114563,574996,9.073865337394395
1014126,6028962,25.743327170130605
1014126,7754005,25.426682413192395
1014126,5404297,25.067377255417007
1014126,3340638,24.261185631983857
1014126,3581450,24.227489157219914
1014126,7514802,24.0432597925664
1014126,2434214,23.764980877268126
1014126,4297300,23.764980877268126
1014126,6608991,23.66345569763198
1014126,4896626,23.65681992258942
1014126,7320797,23.549288854734087
1014126,7652173,23.496404748412694
1014126,2197889,23.45059284660695
1014126,8407170,23.425062520442943
1014126,2804919,23.422083273852078
1014126,3822763,23.131194655232235
1014126,3687817,22.988587079472783
1014126,4970792,22.87498391631019
1014126,1744987,22.85675565950448
1014126,3534084,22.806188134515715
1014126,6514699,22.694241373928055
1014126,2379306,22.622169280570454
1014126,2707795,22.591037588775926
1014126,726858,22.591037588775926
1014126,2160418,22.503793225247776
1014126,6919890,22.43267617283202
1014126,8589064,22.396016562392166
1014126,7556553,22.287159933878023
1014126,966207,22.249570145162238
1014126,3587542,22.215468044770756
1014126,5461798,22.16285228930713
1014126,3340637,22.154650493683278
1014126,7556555,22.08921855251004
1014126,2999701,21.985275847684235
1014126,4970791,21.982619125306314
1014126,4970794,21.982619125306314
1014126,3822766,21.953037137600376
1014126,566147,21.923318336640364
1014126,6028959,21.903998087666075
1014126,5896207,21.855849000183888
1014126,7876789,21.838253594507382
1014126,923699,21.838253594507382
1014126,2665735,21.734643862549824
1014126,3955647,21.708792863437544
1014126,1977658,21.708792863437544
1014126,7061355,21.706061391506978
1014126,37945,21.693065813347587
1014126,4970798,21.690407058352207
1014126,318807,21.686794711159926
1014126,2707791,21.657668248017174
1014126,2968301,21.641419118466807
1014126,848261,21.63572929207955
1014126,8282782,21.62850664182239
1014126,178082,21.557597419789538
1014126,7859616,21.52168283193788
1014126,8128490,21.51974168243506
1014126,5404302,21.496040077455895
1014126,3581451,21.488222225074423
1014126,7754002,21.482884913048878
1014126,600636,21.383198874409693
1014126,4750857,21.377909235389453
1014126,6028964,21.375836014628227
1014126,1053042,21.37246716026726
1014126,5059923,21.353533386047157
1014126,7226461,21.33914214954622
1014126,2379304,21.318229768459904
1014126,5873658,21.318229768459904
1014126,2883363,21.29371795667476
1014126,2696221,21.26448170343497
1014126,1086395,21.255338653747657
1014126,6393020,21.245424818369578
1014126,726860,21.23845943438206
1014126,8622588,21.235230666193253
1014126,769285,21.235230666193253
1014126,6393016,21.233001097810483
1014126,178080,21.22590287080905
1014126,1466595,21.181704168711097
1014126,4970793,21.15336244693985
1014126,6367092,21.15146995936901
1014126,7556557,21.151428479199545
1014126,2468998,21.132977525652784
1014126,4238979,21.080683534581286
1014126,1397728,21.057056178626645
1014126,2572034,21.043561698494656
1014126,496697,21.042131038868163
1014126,3687815,21.03855422553283
1014126,4987928,21.0262863517798
1014126,2832876,21.015970343225543
1014126,37950,21.01574660289254
1014126,2197891,21.012317932737226
1014126,8407169,20.98287135606765
1014126,1094856,20.97847680839479
1014126,1020878,20.97772621530151
1014126,1094858,20.967117282137703
1014126,1539557,20.956136440176213
1014126,5134405,20.932587624336577
1014126,6886953,20.927483129675544
1014126,5577363,20.927483129675544
1014126,4605181,20.927483129675544
1014126,6951007,20.925933776698905
1117346,8091627,68.63333767495655
1117346,8091629,59.623025146135205
1117346,8091630,54.33859131870671
1117346,8091632,48.33497749870378
1117346,8091625,45.65488163589683
1117346,8091626,40.80367140347865
1117346,8091628,39.80193246226649
1117346,8091624,39.11682452221912
1117346,8517839,23.335098398583593
1117346,2393386,20.392949913601644
1117346,3372102,19.974980730752478
1117346,8091631,19.818476231608127
1117346,1781590,19.224757824041262
1117346,2207570,18.55190611572144
1117346,97605,18.226495159298576
1117346,6502487,17.85320780229557
1117346,8378167,17.447308297780395
1117346,3311039,17.34534575149398
1117346,8378170,17.207189600287823
1117346,8047654,17.18927120227185
1117346,7247116,17.102411741919646
1117346,3251776,17.04146646438867
1117346,3230712,17.002388581584583
1117346,602649,16.974399260811424
1117346,1882,16.974399260811424
1117346,4876041,16.948306818115114
1117346,4029781,16.898815584883724
1117346,5651390,16.8776470841401
1117346,702127,16.8496329715801
1117346,3170549,16.822408878371725
1117346,3871790,16.814248364301633
1117346,6730466,16.787073768659845
1117346,2208585,16.75340423496876
1117346,3862494,16.72865296558731
1117346,8622681,16.722585135136704
1117346,3871795,16.67311621294482
1117346,2299914,16.64974051252299
1117346,1890,16.63263764334205
1117346,2372097,16.63016658851427
1117346,2019156,16.626674017215723
1117346,2612436,16.62393910644282
1117346,3774456,16.59346762577085
1117346,2128736,16.576020997234828
1117346,2207948,16.56252387309397
1117346,1009793,16.55936468478816
1117346,3311043,16.535854015357607
1117346,4858539,16.52777797412559
1117346,2128735,16.520694855393998
1117346,3691721,16.502770593076875
1117346,3871794,16.476912642855304
1117346,4543099,16.476912642855304
1117346,2372513,16.460720725546807
1117346,4876043,16.420967330826826
1117346,2493593,16.326245861949126
1117346,1889,16.312745382139163
1117346,6615426,16.312745382139163
1117346,7537974,16.310924439380603
1117346,2818970,16.273249280246112
1117346,2299913,16.26649194044567
1117346,2372517,16.25445337728813
1117346,4434169,16.232507741776296
1117346,3251775,16.21848208845848
1117346,702129,16.21722206856364
1117346,8651233,16.21446265731275
1117346,796411,16.20345930429802
1117346,1374566,16.195303144910326
1117346,5504949,16.19184953033877
1117346,3122704,16.16068431400312
1117346,1083474,16.152192867674962
1117346,1215735,16.149369772174094
1117346,3862491,16.140119341023365
1117346,5900001,16.125058912954533
1117346,3539472,16.118671036112712
1117346,1374568,16.09224686686205
1117346,2019157,16.06549071687381
1117346,7034567,16.053903772546406
1117346,3275218,16.032139019761793
1117346,4280129,16.027783589299617
1117346,838894,16.014058352051713
1117346,3854316,16.01384067332361
1117346,324571,16.003554702653837
1117346,4487131,16.002968141397115
1117346,1895161,16.002501462856234
1117346,2299910,15.98156736797807
1117346,815679,15.972528797196741
1117346,8378169,15.942613447904106
1117346,362942,15.937960410992703
1117346,6283879,15.937960410992703
1117346,3153866,15.926389415893215
1117346,8020380,15.913409530874958
1117346,367182,15.889843824820922
1117346,8659150,15.882712295569927
1117346,2372095,15.868089097872847
1117346,8190944,15.854774677396644
1117346,2211212,15.846861089805385
1117346,1778424,15.839360768840706
1117346,2454649,15.8232595912629
1117346,2263420,15.8232595912629
1117346,1468893,15.81452183664969
1117346,6909191,15.809520355449704
148538,985491,22.36877615692389
148538,985488,22.013875985297233
148538,5077707,21.6360491262221
148538,8283527,21.6360491262221
148538,4539657,20.861438406823154
148538,985493,20.72741612262717
148538,5077704,20.122416946602115
148538,7407803,20.04904037864881
148538,4264129,19.954312203553474
148538,231455,19.85368247919884
148538,8283532,19.474925020750195
148538,1950976,19.411348163554326
148538,3557943,18.942826774810012
148538,6894608,18.838565443081556
148538,1985491,18.78345586859703
148538,1950977,18.73848755932746
148538,8181574,18.515676391092427
148538,1950979,18.505624622819404
148538,5171603,18.48223503267352
148538,2805681,18.259945218584864
148538,6438297,18.259945218584864
148538,5843047,17.821323490218234
148538,5305311,17.80738213423496
148538,3918785,17.791506111181178
148538,748726,17.767972980912436
148538,6425028,17.71494094195673
148538,4447601,17.70150103418279
148538,5588137,17.62378454004807
148538,6567031,17.565436309984555
148538,1311204,17.51510117790516
148538,7529434,17.412042678196315
148538,5809605,17.378343883370988
148538,1039921,17.32868599996488
148538,4447659,17.326157619676774
148538,5588133,17.326157619676774
148538,748730,17.24370563569384
148538,1039918,17.128649395212044
148538,3701822,17.074207064849197
148538,2308906,17.04618372321962
148538,4607267,17.02827242944786
148538,8730430,16.98059227985021
148538,4539654,16.971586370297157
148538,615405,16.864105130104235
148538,1311206,16.852023843347737
148538,7696609,16.788466962848112
148538,4976409,16.75258137304422
148538,5844625,16.752411066412662
148538,5450246,16.749484503842137
148538,1039920,16.742118467859875
148538,2506091,16.725387686650073
148538,615404,16.717034829371475
148538,4976410,16.67563295816855
148538,1039922,16.5553219551781
148538,6499829,16.5553219551781
148538,1950974,16.543460849412718
148538,6377909,16.53896224887172
148538,6543859,16.53896224887172
148538,1147038,16.538548575422457
148538,2419541,16.52589774505643
148538,615406,16.46558775133963
148538,4185812,16.439221879498582
148538,1039926,16.416970422025027
148538,3138645,16.38424628966716
148538,820312,16.38424628966716
148538,7696610,16.37264773115927
148538,2731871,16.371712147276597
148538,1384448,16.333993151525814
148538,3008692,16.30147296023999
148538,7407812,16.30022590762228
148538,3693077,16.2828140682197
148538,6499828,16.2828140682197
148538,3353303,16.245662780244423
148538,8080460,16.22576589740161
148538,208317,16.178307171282526
148538,7157816,16.153284908232475
148538,7017881,16.106072044439756
148538,1950983,16.082856776159566
148538,7157818,16.08179157859696
148538,1449795,16.080793209920493
148538,3353304,16.066190368755965
148538,4185809,16.061558959682912
148538,4539660,16.055011944500578
148538,820304,16.027465156310647
148538,451561,16.019132102268486
148538,941451,16.01426082193506
148538,5588135,16.01426082193506
148538,69395,16.01426082193506
148538,8483984,16.010941044334672
148538,615401,15.991211952758213
148538,5693666,15.953171042955905
148538,1147043,15.944063761352616
148538,1392971,15.944063761352616
148538,2368185,15.914536076704424
148538,820313,15.914536076704424
148538,6017975,15.910405989974429
148538,2368187,15.887364267351137
148538,7529428,15.87449159897794
148538,6090334,15.848037933846165
148538,7840761,15.807154639324263
148538,2033793,15.80215906578167
451602,2176453,22.346350997167114
451602,2176450,21.944150829428274
451602,5179251,20.267707218625866
451602,2244882,19.484069141675135
451602,5475308,18.998763562889607
451602,8540468,18.953677889250848
451602,1640289,18.68437498391862
451602,2482418,18.296806382010203
451602,3177691,18.276489645805484
451602,7864188,18.163605303877013
451602,5018391,18.12406769859302
451602,4345752,17.968165733343753
451602,8390518,17.96800369443919
451602,4487185,17.87885204824603
451602,7326276,17.864765511865027
451602,1277289,17.627854419277824
451602,1277290,17.60288921332711
451602,3090666,17.574366146354503
451602,2176455,17.564656629922162
451602,2922145,17.440511294055085
451602,2176459,17.39523805107608
451602,7315074,17.288275356011695
451602,3052112,17.254401704791995
451602,1277287,17.209010139842736
451602,96224,17.164602581722203
451602,7792099,17.130484399454136
451602,7403454,17.060809523175806
451602,1626653,17.04416904519656
451602,3090672,16.886129199949913
451602,8383465,16.87151330051362
451602,2084909,16.87151330051362
451602,3177692,16.788952681138074
451602,8485136,16.778431734098334
451602,3090663,16.777394792464776
451602,6618756,16.686371610054557
451602,5913111,16.562488868359516
451602,3090670,16.510602375736326
451602,7804169,16.455358421094232
451602,7510020,16.2408198697384
451602,8214452,16.2408198697384
451602,990521,16.226639016660993
451602,8485131,16.154549614431403
451602,1575781,16.111015143944883
451602,1078134,16.110848633786993
451602,7859334,16.034636678240744
451602,1078133,15.984729774092706
451602,4453605,15.984729774092706
451602,5538938,15.901151738373294
451602,2176454,15.901151738373294
451602,2922147,15.88642346335215
451602,2922142,15.88642346335215
451602,2942563,15.834270877319806
451602,8485132,15.83239136812376
451602,1277293,15.803958920265877
451602,7966445,15.743159505537648
451602,8787234,15.736590517389029
451602,1094138,15.736590517389029
451602,6286982,15.730416315134406
451602,5538936,15.726285477962195
451602,3371386,15.56447224067249
451602,4453608,15.498770869462888
451602,8033474,15.49603748473492
451602,4874641,15.47684603241045
451602,1715030,15.473518693332398
451602,3630659,15.428864237249488
451602,5902818,15.428864237249488
451602,6250347,15.424705931783599
451602,6286974,15.403632844358166
451602,5538940,15.390332496595384
451602,2154597,15.38010079582732
451602,96223,15.339713298756475
451602,8540473,15.304908330956447
451602,3177700,15.279130003869232
451602,7563247,15.26272801991105
451602,6164534,15.26272801991105
451602,104049,15.26272801991105
451602,1277294,15.26272801991105
451602,3090671,15.255665056287999
451602,8019870,15.22055092407533
451602,7966441,15.22055092407533
451602,8033472,15.151098443226674
451602,1078132,15.13723832897197
451602,5902821,15.111662826235483
451602,7792100,15.111662826235483
451602,5053852,15.111052616767228
451602,5018392,15.111052616767228
451602,3371382,15.05494923791803
451602,2244875,15.001622730014361
451602,340748,14.998731090035655
451602,7279414,14.973662958411303
451602,2231421,14.889108847867616
451602,8735661,14.889108847867616
451602,3090668,14.881003448718452
451602,6286977,14.851978337158936
451602,2084905,14.83726693181464
451602,4852600,14.72853419658932
451602,6994768,14.72853419658932
451602,8002401,14.71134816445251
451602,1078138,14.70941698244917
451602,8390525,14.70941698244917
474735,1740069,44.464272946405345
474735,3501855,43.639391884879515
474735,1039490,40.5716813431052
474735,8443459,39.86634183634766
474735,625071,39.186532672920386
474735,540118,39.06328442529953
474735,1565529,38.88273666569274
474735,540116,38.856298718371484
474735,1565526,38.42335412010636
474735,3501858,38.30964510960741
474735,1565527,37.32224888416838
474735,1039489,37.32224888416838
474735,6959173,36.75096860441312
474735,1756202,36.684132436288564
474735,1740068,36.60124161902029
474735,3501854,35.91676602316451
474735,8160762,35.8262466812364
474735,8619467,35.363068015166554
474735,5086558,35.09413841753599
474735,7962379,34.98822898967946
474735,4428988,34.612580232453965
474735,340479,34.513916974575146
474735,8619464,34.51230866448515
474735,5528585,34.13079034642559
474735,3765222,34.13079034642559
474735,7897865,34.12958306262105
474735,755080,33.995127624050205
474735,7437211,33.99034379751822
474735,7588185,33.89596237661395
474735,705873,33.89596237661395
474735,1895272,33.69570700533006
474735,340480,33.418388369996904
474735,1039494,33.24730176742065
474735,1499368,33.08207639534288
474735,7670429,32.685526175282135
474735,5086556,32.639879561207195
474735,1936162,32.60815676458803
474735,7644512,32.27688239342811
474735,540121,32.223224404743135
474735,6860081,32.18828589852319
474735,6959171,32.11175695818277
474735,8619461,32.10037948705412
474735,5417616,31.887725501883843
474735,5957398,31.739708780978162
474735,8609132,31.69173560564216
474735,3049711,31.69173560564216
474735,6085459,31.610413630099558
474735,1935503,31.564060127822387
474735,3765227,31.483740796466858
474735,6458055,31.446845344343455
474735,2114787,31.430420078344053
474735,6354711,31.42087635721842
474735,7154946,31.316655201528164
474735,4058281,31.162165899272686
474735,5957393,31.162165899272686
474735,4058283,31.079507420549128
474735,1565530,31.066785681223365
474735,5632731,30.970073950755598
474735,469604,30.922763163184616
474735,1875898,30.865423806038894
474735,6959169,30.86239917639383
474735,3765226,30.801637815428876
474735,6023111,30.69403477121685
474735,6403354,30.66881892163903
474735,340474,30.634193612849618
474735,5836881,30.62700424460649
474735,1895275,30.60795854774707
474735,2114785,30.598423640196227
474735,1835392,30.340863605413666
474735,2009522,30.33365229782217
474735,325503,30.252743492995158
474735,1686050,30.25235071808532
474735,1134756,30.207929072786634
474735,7853587,30.116180112683274
474735,5171680,30.090646507320926
474735,6354712,30.06624172676082
474735,8426122,30.0471419473516
474735,1047602,30.037915448907132
474735,3407759,29.9966178415386
474735,7087452,29.98186575296221
474735,4873009,29.768759868951125
474735,5902485,29.660736130953726
474735,4267216,29.598687387551703
474735,2492992,29.58599970426061
474735,783806,29.53570153216006
474735,5136004,29.52609839229742
474735,2968243,29.402049591743268
474735,7151790,29.374265171582266
474735,6011045,29.364324779818208
474735,5606239,29.320433656157793
474735,4533248,29.235089061921695
474735,340478,29.225667872219518
474735,7087147,29.16860533197854
474735,4267215,29.161359726856006
474735,6015166,29.14390444758726
474735,2619954,29.116382050439817
474735,6443140,29.1110859743182
474735,1425345,29.107079076031535
474735,4837701,29.106857300675998
474735,8824633,29.070796130422462
359349,576629,23.8071050983931
359349,68653,22.652923207927415
359349,68648,22.524279581745546
359349,68647,22.219951526897848
359349,2293820,21.303127278247363
359349,2826510,20.442128454843278
359349,3223833,20.17060639442531
359349,68649,20.12901978465694
359349,943229,19.776519055837166
359349,3223831,19.463645788783253
359349,6108721,19.071279104553426
359349,5615181,18.424607043401128
359349,576628,18.343275641647903
359349,3193824,17.51403796011816
359349,457673,17.42113342351904
359349,576635,17.004363862160933
359349,3900185,16.931019549417833
359349,1830517,16.683891873665054
359349,3176541,16.280095206528088
359349,576632,16.246816361841873
359349,3176542,15.757141633850573
359349,4020472,15.414358102312763
359349,4020479,15.316811912072895
359349,4020478,15.172785728820712
359349,4013723,15.042057590586193
359349,576627,14.96236635846532
359349,4020476,14.689819208757786
359349,5345720,14.323435980228144
359349,4020470,14.222822926474482
359349,3176548,14.192117116859137
359349,7857629,13.858733150078832
359349,4474866,13.6413471115384
359349,4087265,13.491760562264645
359349,5615187,13.491760562264645
359349,68650,13.489085078901702
359349,3176543,13.37239002309423
359349,4881617,13.283089930872322
359349,6113313,13.265455064880422
359349,15803,13.265455064880422
359349,15804,13.166975895886065
359349,7277971,13.142112405512899
359349,5773718,13.142067243403172
359349,4344098,13.02923976519523
359349,15802,12.881123559694318
359349,5773719,12.881123559694318
359349,5806106,12.835974331633324
359349,6440028,12.774634226443682
359349,5219970,12.714109345180834
359349,8748954,12.536297469491924
359349,5219971,12.395329537707553
359349,15806,12.29328632075642
359349,4344099,12.246766141243072
359349,1830509,12.179652859385492
359349,1622452,12.173865610364812
359349,15801,12.162330831650081
359349,5773715,12.162330831650081
359349,15800,12.073060639646561
359349,5773717,12.03425154679799
359349,4087268,12.030738876065968
359349,4020471,12.026423921584351
359349,4013720,12.012550525567303
359349,4013725,11.969676253673077
359349,4344100,11.969676253673077
359349,15808,11.81785376106789
359349,5219976,11.687753464637312
359349,4474872,11.639430197425419
359349,7857634,11.633970896099978
359349,3176544,11.491518751391904
359349,5773713,11.411393306808884
359349,2964479,11.260576535932488
359349,15805,11.185081609069625
359349,3176540,11.118804773746556
359349,8058869,11.115125148446587
359349,5151802,10.958505214375702
359349,2259899,10.936856899982896
359349,1979830,10.892165018554772
359349,4013719,10.884423279171724
359349,1622458,10.748777818111098
359349,6834174,10.675515999277088
359349,6834178,10.60846744304342
359349,6834180,10.60846744304342
359349,8811558,10.576438362047313
359349,943235,10.509459012866747
359349,8811555,10.489482893186933
359349,4551556,10.483559071849614
359349,15807,10.449937252803155
359349,2229869,10.445233372766873
359349,1935183,10.410663233998568
359349,2229870,10.408742964740556
359349,3900183,10.365485735509886
359349,2259900,10.365485735509886
359349,943230,10.358754797184737
359349,1622457,10.32345963385978
359349,7824512,10.32345963385978
359349,2229871,10.31503122727029
359349,8588959,10.312993729277311
359349,2293821,10.312993729277311
359349,1955314,10.311633515019826
359349,2826513,10.279291973063321
359349,4013724,10.236544726596282
903469,7547138,13.61804232998882
903469,3365634,13.18118293306969
903469,593827,13.16302489583662
903469,7194962,13.052733343554044
903469,5266317,13.052733343554044
903469,312530,13.032233397391593
903469,3585452,13.01238872778056
903469,8678781,12.955878983917861
903469,246102,12.865161277284264
903469,720090,12.855523068746486
903469,1724530,12.829643986497524
903469,3452834,12.777776386305323
903469,3820726,12.757670503695877
903469,3820725,12.683642408785813
903469,3046421,12.602070913136838
903469,2586307,12.560619116179922
903469,6340623,12.552248658342126
903469,963158,12.546515060824376
903469,2712761,12.546515060824376
903469,8381660,12.520882764886021
903469,937496,12.466885925172253
903469,4572685,12.466672587089144
903469,8465987,12.461638065188884
903469,2241937,12.409585593381598
903469,693330,12.40737081619224
903469,1065154,12.361100318030442
903469,8722641,12.353583730965477
903469,973652,12.342480011748467
903469,865772,12.329035156335552
903469,8744842,12.275612685414817
903469,8465990,12.275612685414817
903469,5754449,12.275612685414817
903469,4067739,12.275612685414817
903469,6659391,12.275612685414817
903469,8072728,12.247424285111515
903469,6227860,12.227796426303952
903469,813861,12.19815082895204
903469,434418,12.195039333243145
903469,1066384,12.195039333243145
903469,246096,12.18763184630538
903469,300447,12.14450160331143
903469,4541743,12.14450160331143
903469,7472078,12.143109357298531
903469,84575,12.143109357298531
903469,8032118,12.129607296226801
903469,720097,12.118354169825825
903469,7014285,12.091628341833026
903469,959231,12.090010633109875
903469,4032232,12.085860732155677
903469,2530867,12.079990743496644
903469,4022791,12.079990743496644
903469,7588729,12.043338189050093
903469,4813856,12.043338189050093
903469,6502694,12.042532504815018
903469,5601737,12.042532504815018
903469,8090353,12.016161617941139
903469,3868055,12.016161617941139
903469,1284356,11.973402001850086
903469,6779602,11.973402001850086
903469,813855,11.971985937049222
903469,838151,11.957428592802795
903469,590625,11.954956557320017
903469,1241946,11.939820501852473
903469,5172706,11.939820501852473
903469,141205,11.936317022252656
903469,7623434,11.93417478534267
903469,2817881,11.931085761604093
903469,6941401,11.923669032523588
903469,6389255,11.902298565905667
903469,2179826,11.890505795276908
903469,6281646,11.890077287803503
903469,5603767,11.890077287803503
903469,1782131,11.850026128725712
903469,1559189,11.843074801507784
903469,1584747,11.828658267220927
903469,5352891,11.824199555652163
903469,1181833,11.82376784910735
903469,903818,11.791846798522144
903469,6538768,11.791846798522144
903469,2921739,11.776147251764023
903469,7783020,11.776147251764023
903469,4960379,11.776147251764023
903469,2376260,11.776147251764023
903469,3374454,11.767450800017087
903469,7148741,11.767450800017087
903469,1155989,11.766708864329566
903469,2147990,11.760848761411328
903469,7888359,11.751157008686295
903469,4072733,11.743389003995489
903469,398659,11.73315866428251
903469,221639,11.73315866428251
903469,4231417,11.731858279510739
903469,4242860,11.731858279510739
903469,2499957,11.716166001509393
903469,4572686,11.70687350881779
903469,5819856,11.70687350881779
903469,2986823,11.70628555612377
903469,625912,11.695255324322288
903469,8728569,11.691877528348792
903469,1420768,11.691877528348792
1115776,8106324,25.535787510995974
1115776,8106323,22.752515228337327
1115776,600966,21.147484375381545
1115776,4314171,20.80801147970412
1115776,8106318,20.509088322968214
1115776,5605159,17.784413826918186
1115776,8106321,17.6758244619318
1115776,4314178,17.30158452487492
1115776,5605160,17.161943497023493
1115776,4314176,16.84953460269481
1115776,8106320,16.34115034655966
1115776,4314169,16.066253673375208
1115776,4314172,15.5759706272883
1115776,5264931,14.766973024444578
1115776,4314173,14.087288711731752
1115776,3469357,13.747479933981523
1115776,3081626,13.077856384122907
1115776,8106322,12.768046863632625
1115776,8345724,12.706512470746283
1115776,1440035,12.692827589794287
1115776,7945139,12.473592520039869
1115776,7840022,12.349536313300787
1115776,7148875,12.231726329995634
1115776,6614876,12.124370527361362
1115776,6747926,12.061242735007506
1115776,1333526,11.922246549896558
1115776,1826911,11.900705889789068
1115776,3411245,11.77729132328816
1115776,6934015,11.766577542906187
1115776,1593008,11.735930288523774
1115776,5232955,11.715351023136323
1115776,7618008,11.680068309955038
1115776,6934013,11.664020035023844
1115776,1593007,11.644938985558218
1115776,8388343,11.62791204934478
1115776,7129173,11.62791204934478
1115776,7618006,11.627318257126113
1115776,7129178,11.58161313424516
1115776,8108815,11.575483869464682
1115776,8108818,11.541037354758457
1115776,8030542,11.536853716878245
1115776,8706770,11.514979188201432
1115776,3575871,11.512259638032475
1115776,1551031,11.478312212170502
1115776,3469363,11.472120411168907
1115776,2054814,11.448321364024448
1115776,6397841,11.444902459521744
1115776,480800,11.444902459521744
1115776,4351142,11.405674375469863
1115776,6616842,11.405277309818102
1115776,5599692,11.40004664508946
1115776,3927245,11.398087208315173
1115776,414967,11.363097452229889
1115776,8046348,11.355541063280077
1115776,4673195,11.35217705028735
1115776,6934014,11.35217705028735
1115776,4051141,11.351568129447301
1115776,3673924,11.35030948940313
1115776,5121261,11.345683009180947
1115776,4984390,11.338588017878816
1115776,8054247,11.33381077802724
1115776,6005645,11.314324032892712
1115776,3927242,11.314324032892712
1115776,4591599,11.314324032892712
1115776,1440028,11.311381628139069
1115776,8706766,11.304707934432091
1115776,7318317,11.296377574627229
1115776,1548673,11.277359779464177
1115776,791578,11.27425916505024
1115776,7442432,11.267564317023552
1115776,5756364,11.263122261457898
1115776,499309,11.228039269401222
1115776,23964,11.22127864881479
1115776,4885821,11.195823720962059
1115776,8366767,11.193174155548038
1115776,6838047,11.179770753922726
1115776,7796114,11.164652981923409
1115776,6251729,11.146116806630396
1115776,2196566,11.138125825620119
1115776,2903177,11.138125825620119
1115776,838947,11.138125825620119
1115776,3306050,11.124089493940874
1115776,3227499,11.120147172987721
1115776,8099693,11.118736004909458
1115776,2606097,11.11780220282701
1115776,194166,11.10038197766269
1115776,8172087,11.099892573906295
1115776,7318320,11.095148490207182
1115776,2939003,11.089865973988669
1115776,4063442,11.089865973988669
1115776,8172089,11.089865973988669
1115776,3680291,11.063312276572768
1115776,3296854,11.05347310956924
1115776,2514463,11.05347310956924
1115776,3330004,11.028025866219382
1115776,2729811,11.028025866219382
1115776,8616787,11.028025866219382
1115776,7278415,11.022046807478846
1115776,6354957,10.991583974444348
1115776,3958242,10.991583974444348
1104492,8213722,40.102128451357665
1104492,8213727,37.51159008733719
1104492,8213728,33.07024632304329
1104492,8213724,28.754739465723254
1104492,3509113,26.765910368530626
1104492,5403173,26.13225879620955
1104492,5633568,24.87466664765163
1104492,6869953,24.603464473927726
1104492,2142864,23.102403546900035
1104492,6208797,22.977328218430927
1104492,5779598,22.977328218430927
1104492,8141036,22.893106181552916
1104492,5633564,22.467401103651206
1104492,5425490,22.28001405705787
1104492,266579,22.04635812012509
1104492,144542,21.96587341185883
1104492,365431,21.65202195398264
1104492,6616380,21.599716469828888
1104492,1703744,21.53189572954868
1104492,5633566,21.53189572954868
1104492,7549267,21.25612933766616
1104492,3569072,21.138160919527042
1104492,6763105,21.137447407922753
1104492,8213723,21.090378937725408
1104492,6616379,21.00850630009532
1104492,4957083,20.803981724340563
1104492,5731792,20.795273510701875
1104492,507257,20.634792871448393
1104492,3459033,20.631996098763548
1104492,4660231,20.63113606111796
1104492,2474623,20.427487177959044
1104492,5633563,20.354611541544486
1104492,934328,20.326780793553922
1104492,8213729,20.30652710302861
1104492,4392156,20.178780494937577
1104492,6915350,20.15719381688919
1104492,7419113,20.15719381688919
1104492,2068185,20.003745679840993
1104492,4897161,19.970845912972464
1104492,7669188,19.778452095327268
1104492,314149,19.70375310798365
1104492,8103318,19.529744798410295
1104492,6881141,19.517211259151473
1104492,8012479,19.398341338986235
1104492,144541,19.397441531131907
1104492,8012477,19.37395750975344
1104492,4241013,19.04852776143495
1104492,5789230,18.941816632985947
1104492,144547,18.869065432588933
1104492,374332,18.843790057314195
1104492,507260,18.49346931286334
1104492,3509116,18.34935750660957
1104492,7050210,18.34491141719218
1104492,4293824,18.144197013911523
1104492,8655994,18.077154153975414
1104492,5260305,17.942683310796603
1104492,7844957,17.872454278286614
1104492,6448534,17.809800329783698
1104492,8532780,17.7402040027636
1104492,82408,17.63891191197696
1104492,8313190,17.440144438750963
1104492,7192882,17.425125065923687
1104492,594210,17.37358466685617
1104492,3569234,17.3694130949227
1104492,93615,17.156791172833067
1104492,8095244,17.10872337047673
1104492,7882785,17.10255748550985
1104492,1260524,17.04541968339838
1104492,7611755,17.00708305905714
1104492,563786,16.966497013100938
1104492,365432,16.933121435435574
1104492,1029648,16.92790298773646
1104492,6657454,16.92402209658337
1104492,8516254,16.917316427830713
1104492,217701,16.85139320900981
1104492,1308137,16.81893627690095
1104492,278962,16.786906315199413
1104492,7360122,16.786906315199413
1104492,1144384,16.786847961951477
1104492,5846033,16.755457438929916
1104492,8502908,16.71598554354527
1104492,2674368,16.707352323380167
1104492,266584,16.70646461869577
1104492,8609521,16.686338548981222
1104492,4936799,16.611628259504734
1104492,7669187,16.61071143783623
1104492,3509112,16.59417723079051
1104492,2438227,16.53221616767853
1104492,8107047,16.51483206763647
1104492,889644,16.49856805776463
1104492,2347085,16.49109542275535
1104492,7167902,16.463521912169263
1104492,7788788,16.432694583626567
1104492,3647138,16.328631574966117
1104492,1357196,16.312316949462662
1104492,1445439,16.305010631106803
1104492,2045038,16.305010631106803
1104492,266581,16.254621914017907
1104492,1035675,16.25300680195214
1104492,7192883,16.240715551061832
315637,1716588,22.881640100904743
315637,1716589,22.881640100904743
315637,286306,21.631644671058204
315637,6411882,20.853133785805756
315637,8158147,20.23156714134477
315637,6169779,20.177958325432407
315637,6283005,19.70839340375246
315637,6374274,19.41611518420702
315637,479198,19.41611518420702
315637,1716590,19.250113247804272
315637,893621,18.899422871707657
315637,1716587,18.397942362127104
315637,8158153,18.187819666995086
315637,7571616,17.932813041431416
315637,4155314,17.875788522452453
315637,8295683,17.382721816081304
315637,8260527,17.20729455110252
315637,3187944,17.172423494352216
315637,4749626,16.985291154926625
315637,5748499,16.95449252350461
315637,5823649,16.921964374588697
315637,560557,16.88728575728393
315637,2107434,16.807161445286035
315637,8158155,16.671244653066243
315637,8813792,16.67055270299586
315637,7091165,16.669529422507413
315637,1716586,16.647339580010353
315637,4921989,16.61892011027778
315637,2004049,16.499964206675568
315637,4991428,16.44545321427919
315637,693302,16.387955322245666
315637,1909753,16.38339643238542
315637,6361702,16.375614646749277
315637,4291217,16.341312294094486
315637,1704485,16.338743834066257
315637,1716593,16.32168616957159
315637,7565406,16.280836759401986
315637,3166341,16.22777353903419
315637,6971489,16.223499690601372
315637,8158151,16.156232503376447
315637,1635105,16.148730358265276
315637,893626,16.142867086403335
315637,861428,16.048276436574486
315637,7565411,15.783060964717217
315637,2107438,15.758741823374402
315637,5507992,15.710049426305254
315637,6374277,15.700489083461157
315637,719797,15.694295307092196
315637,4593900,15.690786496027862
315637,7565413,15.66278115366688
315637,3049871,15.624565468152934
315637,4624431,15.593465693029266
315637,4271831,15.45445761733307
315637,1716592,15.423922931494493
315637,8445723,15.40977533648402
315637,319283,15.406943942527885
315637,2826572,15.404490185382684
315637,8728245,15.404261311064179
315637,6320049,15.398684941031153
315637,8756817,15.393648893946548
315637,8765451,15.393648893946548
315637,4095989,15.353904604077226
315637,3073814,15.34593441611377
315637,8242461,15.340807084549601
315637,2107433,15.321133797038474
315637,2822274,15.320576098026432
315637,8158148,15.319265444012068
315637,2628073,15.310002912923764
315637,3049864,15.302116091194508
315637,4095988,15.252418625274855
315637,2021240,15.249880051694173
315637,48672,15.246562926720829
315637,4711237,15.129358586626402
315637,1014789,15.107052913916846
315637,3878781,15.096644717094433
315637,8158146,15.073014589209466
315637,48674,15.046452648734743
315637,1600289,15.023588661390155
315637,1876753,14.979068022117026
315637,1876758,14.979068022117026
315637,3187941,14.956846092690604
315637,4711233,14.950259889985047
315637,1003636,14.94385229120838
315637,4711234,14.9277039591055
315637,3126057,14.923880422513015
315637,7367709,14.923866123610882
315637,5620992,14.923866123610882
315637,3049870,14.88899149412821
315637,706458,14.882209373836293
315637,5257933,14.880807246179156
315637,451062,14.87274864926789
315637,414461,14.810884365552788
315637,286312,14.8072299295826
315637,1876751,14.794772907614302
315637,1876755,14.794772907614302
315637,1662008,14.755025578711178
315637,7830087,14.733362454960595
315637,3842913,14.730488806206436
315637,1355682,14.725941250738384
315637,8647925,14.70335616376613
1112341,8139256,17.382519535834316
1112341,1288918,17.163901396549406
1112341,8139255,16.95833353177267
1112341,8223035,16.459718803889146
1112341,7747884,16.42148027858162
1112341,550571,16.387582540561617
1112341,8139258,16.24617603187986
1112341,2096429,16.233887665799596
1112341,8424594,16.06699862505182
1112341,1940835,16.045550490752074
1112341,2096427,15.887909587062907
1112341,8629184,15.862044540578342
1112341,6740558,15.857233004230057
1112341,1288917,15.802748972475506
1112341,6478665,15.749021820718738
1112341,7757513,15.315389755924395
1112341,7610638,15.307945588319935
1112341,7242813,15.045666409438471
1112341,2123937,14.91837775915243
1112341,2735215,14.702337897796667
1112341,90432,14.58061594758199
1112341,7349793,14.471029076313519
1112341,6718885,14.430182464308226
1112341,274210,14.23469581217377
1112341,7818543,14.194140818742222
1112341,7133242,14.121531905149714
1112341,6110181,14.06668090460843
1112341,5616047,14.026276280223788
1112341,1788702,13.760643662166714
1112341,8555308,13.713482281021758
1112341,6416487,13.703699250352019
1112341,4928660,13.697675571807363
1112341,2965277,13.697675571807363
1112341,1675296,13.671709715935666
1112341,4588686,13.662353038951398
1112341,7341994,13.578938706293254
1112341,1434400,13.578938706293254
1112341,957934,13.578938706293254
1112341,2434425,13.571382959491043
1112341,952562,13.565501638878562
1112341,1267520,13.530640234617234
1112341,400582,13.522901102279477
1112341,4951060,13.516016666035425
1112341,1940833,13.508918819109065
1112341,7261114,13.470057298550026
1112341,439507,13.466283347819083
1112341,5273535,13.46355113075909
1112341,8467584,13.462242666253356
1112341,251522,13.462242666253356
1112341,2596431,13.37962313404076
1112341,7149610,13.347535284061479
1112341,7050364,13.347535284061479
1112341,439512,13.345582764371967
1112341,3820794,13.344189225854516
1112341,1045315,13.343784405451572
1112341,8500486,13.310506942043865
1112341,4977768,13.310265126942165
1112341,5663133,13.284909252566706
1112341,7450605,13.284909252566706
1112341,5804447,13.284909252566706
1112341,90433,13.239430842440827
1112341,2391583,13.234766155082937
1112341,3580374,13.234766155082937
1112341,733687,13.234060545285658
1112341,7303510,13.191859314795966
1112341,4952379,13.191859314795966
1112341,2236176,13.191859314795966
1112341,5415837,13.182139933494069
1112341,8139249,13.180962478819264
1112341,2817424,13.17683186907854
1112341,49838,13.148187674926106
1112341,7744715,13.12388656382365
1112341,162151,13.12388656382365
1112341,1970909,13.12388656382365
1112341,7023361,13.112063586583051
1112341,4872418,13.112063586583051
1112341,4664272,13.101740414119604
1112341,4073004,13.101740414119604
1112341,7023364,13.027373231555849
1112341,2735219,13.02609960495749
1112341,2855447,13.014849413760771
1112341,1181966,13.014849413760771
1112341,6327835,13.014849413760771
1112341,4562784,13.014849413760771
1112341,3183845,13.014849413760771
1112341,4226571,13.012881578368095
1112341,1493657,12.993676201902286
1112341,6127931,12.99275796911622
1112341,7609905,12.967805316784428
1112341,7818788,12.949835761681724
1112341,5998997,12.943806337452102
1112341,7250911,12.933791585706668
1112341,8834530,12.933791585706668
1112341,1849080,12.933791585706668
1112341,1180260,12.925529645277841
1112341,1247284,12.925255938580097
1112341,6102033,12.921985110867986
1112341,6164791,12.910513549688524
1112341,251523,12.90760916064234
1112341,4495116,12.90760916064234
588587,1740348,21.872425307510536
588587,889946,21.62594059456743
588587,6244255,21.00834752133753
588587,8548223,20.897332778024605
588587,3404524,20.605264320154866
588587,5493916,20.471159810750876
588587,7608895,20.383246149798325
588587,2196631,20.233357894109027
588587,4450862,20.138574317579007
588587,3737795,20.03257028764672
588587,63670,19.854125670714325
588587,6327366,19.818060199025496
588587,1865041,19.77321096982213
588587,1740350,19.771557260634104
588587,4450864,19.771557260634104
588587,1681970,19.74738285064946
588587,4450863,19.476990708554368
588587,2651121,19.426240276454394
588587,1761636,19.13460989311534
588587,8298568,18.932565857335042
588587,3439255,18.929585623422668
588587,7904684,18.87895515419328
588587,5498412,18.76903321261147
588587,2651117,18.5635302834113
588587,2934181,18.51735691783782
588587,8735858,18.43698939123997
588587,2283485,18.174008355129885
588587,3023284,18.144971480523548
588587,7608902,17.761630624477267
588587,5343477,17.757338343256922
588587,3975255,17.72430052872868
588587,3134521,17.693518625783597
588587,1262891,17.693518625783597
588587,6112114,17.675367379759827
588587,4938401,17.63935192862013
588587,1865043,17.590058928047494
588587,231795,17.587694420930386
588587,6616234,17.57475801159306
588587,2286578,17.562632148193366
588587,2741452,17.542567469600154
588587,275294,17.505287243275674
588587,95929,17.445164228221532
588587,7728002,17.444380454177324
588587,627700,17.433807387032694
588587,8548224,17.399973510665998
588587,2652351,17.35778186667542
588587,3406317,17.353438939920995
588587,4450870,17.352051187095924
588587,8420479,17.3179523929634
588587,8415659,17.195270000240818
588587,172563,17.194149733343135
588587,3404520,17.144961972439006
588587,2161713,17.144961972439006
588587,1584008,17.128121353494844
588587,3022188,17.12458261484584
588587,132216,17.121669583627387
588587,3439249,17.121407006315927
588587,3710030,17.012157648896927
588587,7295292,16.9745958593818
588587,7572463,16.961991702589117
588587,4411102,16.94151105238306
588587,2652348,16.913143101134708
588587,4486058,16.89955588560136
588587,275288,16.876184516766973
588587,7259455,16.85084908862543
588587,2652354,16.817184809516487
588587,6121538,16.755387473134295
588587,554638,16.75381553187492
588587,1223185,16.749901455999513
588587,782872,16.717727176439055
588587,8004364,16.713575614921243
588587,3185484,16.70559824623154
588587,8480960,16.698307120187877
588587,530197,16.692925706588117
588587,388081,16.684528627678823
588587,6237579,16.654193138116124
588587,184603,16.649655624289515
588587,4323948,16.64306528748228
588587,627039,16.642712459100153
588587,5348043,16.640363510773987
588587,7491511,16.62137489192477
588587,2702471,16.56102289840003
588587,6093855,16.54315432155996
588587,2694038,16.535733736143683
588587,8339998,16.52321112170482
588587,8325909,16.486606531093276
588587,646701,16.486606531093276
588587,145484,16.473282231980477
588587,6725550,16.465376154230007
588587,5917031,16.397545900207888
588587,7183728,16.340704435814423
588587,7827594,16.32834000884764
588587,2277010,16.322733984220495
588587,3951332,16.318338274764006
588587,6211952,16.300129684103815
588587,7531044,16.298235178423027
588587,2445529,16.284556333106586
588587,8782453,16.267505810052963
588587,4614735,16.267505810052963
588587,2996210,16.21810810304897
706080,3697341,17.418135481055533
706080,1432129,17.20631256850379
706080,7685226,17.088334401059846
706080,1432123,16.77810675517654
706080,793295,16.623184650786087
706080,8207883,16.464302050234636
706080,97888,16.229726440556533
706080,3239150,16.212406829607275
706080,1589047,16.171395166173316
706080,8603066,16.0028117840326
706080,3239149,15.76340197546833
706080,3697342,15.658370193892136
706080,6800351,15.491867429021344
706080,3136459,15.473639376663815
706080,6845356,15.45090015276564
706080,3697340,15.395862789619242
706080,3463450,15.375735730190069
706080,3968938,15.374213564306473
706080,2074405,15.360545231745904
706080,4177012,15.334120260848216
706080,3697334,15.32392114672055
706080,2112520,15.307216162433697
706080,3697339,15.290408963986097
706080,3136458,15.19901221296345
706080,8603068,15.172030036515316
706080,8186136,15.122041938714414
706080,7791187,15.105346525818439
706080,4414914,15.039258343503349
706080,1386052,15.012623282310692
706080,2404681,14.973757400625235
706080,6401153,14.911528654677847
706080,3895089,14.875665297007913
706080,3697337,14.86569207612145
706080,7691347,14.85717244426494
706080,5043079,14.85717244426494
706080,7691348,14.85717244426494
706080,8207879,14.796746662617945
706080,1589041,14.757434732932271
706080,724522,14.752038907548101
706080,8433315,14.718403274737677
706080,4587386,14.716163681885313
706080,5452435,14.68704657295997
706080,6285097,14.685156256005303
706080,8210368,14.668858054014947
706080,8642914,14.657964709227398
706080,5041202,14.655661062389413
706080,6835947,14.654788365977609
706080,2633022,14.592649069308596
706080,164567,14.592649069308596
706080,2729942,14.563995362560146
706080,641465,14.55987459192822
706080,4215411,14.548897927133591
706080,2560438,14.531044359808185
706080,8418705,14.518645930784267
706080,3697343,14.509520310872816
706080,4914198,14.500153693933033
706080,1355842,14.484214291714101
706080,315886,14.472779779188071
706080,6242181,14.448302764541815
706080,7188039,14.44105208123218
706080,3239144,14.398275809717815
706080,7759287,14.39463723499967
706080,3697335,14.366845160089131
706080,5149501,14.365693295732346
706080,1379618,14.324534984977905
706080,2181249,14.289833377483575
706080,2410836,14.268560699339304
706080,2811044,14.249180494346351
706080,4555695,14.239049892018576
706080,606941,14.211569004385547
706080,1379619,14.179296343845463
706080,8433710,14.160203470529208
706080,2074402,14.153840733437452
706080,6460006,14.13562627303685
706080,724529,14.114207672055255
706080,1501056,14.107775899961588
706080,164560,14.107775899961588
706080,2020211,14.085243578459682
706080,4226162,14.039032733339095
706080,5701694,14.036973334072997
706080,5930400,14.021685553746124
706080,7352443,14.013689045330025
706080,844702,14.00244660115317
706080,6887954,13.999544122370914
706080,2757048,13.994040171702249
706080,8496117,13.994040171702249
706080,331035,13.994040171702249
706080,958891,13.994040171702249
706080,1128295,13.982525708986952
706080,6460004,13.964802990989519
706080,2181252,13.91605258878021
706080,6583273,13.884207490393518
706080,1589049,13.86639684715549
706080,985943,13.864617169047039
706080,604320,13.836829070334549
706080,44050,13.818728537788171
706080,716278,13.7939742134215
706080,217273,13.783266813405445
706080,2198760,13.768563670148772
706080,8603067,13.760729936137768
117831,3930689,16.599826493929886
117831,5114039,14.63622263628919
117831,1004729,14.010882161568926
117831,3672136,10.29255100131746
117831,6270416,10.185652803784459
117831,6270412,9.956936948671142
117831,3930688,9.94171591997572
117831,7615110,9.811832117918996
117831,2511437,9.748560020962522
117831,1593570,9.723706707215502
117831,5490903,9.693903735851872
117831,6699898,9.46344457179194
117831,5490907,9.455722312296494
117831,7549317,9.42103466265425
117831,7628460,9.406035604514821
117831,6270413,9.393652807545095
117831,6319389,9.323327531567434
117831,4857320,9.315167121641831
117831,906655,9.315167121641831
117831,75850,9.25404740687768
117831,6650998,9.230197871075745
117831,5315018,9.169437203396143
117831,5521760,9.160989426080366
117831,75847,9.152036473670472
117831,7658752,9.140696691542088
117831,125200,9.11213578418084
117831,4901260,9.11072478655421
117831,1455281,9.107695770197402
117831,1261170,9.09882871034148
117831,5594854,8.999654943907906
117831,1785018,8.978431798161626
117831,7372393,8.973561382098971
117831,1335682,8.958480214213367
117831,6699897,8.957810633996312
117831,5521765,8.954616100770085
117831,6270414,8.954616100770085
117831,75849,8.915063624384672
117831,4603047,8.915063624384672
117831,5594852,8.892454803682359
117831,2344062,8.892454803682359
117831,1096440,8.889917185530642
117831,1335681,8.885691038876237
117831,2041222,8.885691038876237
117831,1722475,8.877250788435902
117831,4250956,8.867454447198657
117831,29022,8.862899629188433
117831,8425825,8.84973822478676
117831,6350385,8.84973822478676
117831,2452291,8.84973822478676
117831,2681949,8.820351064166351
117831,4317547,8.820351064166351
117831,2388713,8.820351064166351
117831,3903480,8.820351064166351
117831,61159,8.809354198241822
117831,2838747,8.782823374122671
117831,8344743,8.778698412443687
117831,5618603,8.77374545763297
117831,8264635,8.770460102212992
117831,5098774,8.770460102212992
117831,7170194,8.756451874084055
117831,1193879,8.730238267252302
117831,7530374,8.727629778510089
117831,7530377,8.727629778510089
117831,2388707,8.727629778510089
117831,447325,8.718022493611668
117831,5594856,8.708790038393714
117831,5490900,8.704181139836647
117831,2624570,8.68231020396624
117831,7530369,8.681996341868802
117831,3930685,8.681996341868802
117831,7530376,8.681996341868802
117831,7197993,8.678279094875059
117831,2122297,8.678279094875059
117831,2452288,8.674251727253369
117831,125201,8.639986285868966
117831,8740004,8.639986285868966
117831,7353630,8.639986285868966
117831,2624569,8.639986285868966
117831,6753191,8.639986285868966
117831,1606278,8.639986285868966
117831,2624452,8.639986285868966
117831,29024,8.605990493254964
117831,4087075,8.605990493254964
117831,70147,8.60148973231342
117831,8277923,8.59879153469532
117831,2584933,8.592146251629678
117831,6674805,8.57226117892164
117831,4357831,8.57226117892164
117831,2133928,8.538795221889417
117831,3913521,8.538795221889417
117831,1311655,8.527368085853038
117831,4311841,8.526047385193475
117831,7403120,8.514395975309714
117831,5074034,8.505589549726187
117831,6154408,8.505589549726187
117831,7183584,8.50413683171657
117831,8682496,8.50413683171657
117831,6270410,8.50413683171657
117831,5406957,8.50413683171657
117831,5521763,8.50413683171657
1120868,8057920,26.25960614846803
1120868,8057916,26.18776729435268
1120868,8057914,22.193143871580016
1120868,8057912,22.193143871580016
1120868,1852164,21.46212014441842
1120868,6859285,19.795397547307328
1120868,6859287,19.37427294043823
1120868,6859289,18.593194140778493
1120868,3458826,17.9738260697758
1120868,6078836,17.91722829712954
1120868,1852162,17.873443075784937
1120868,1852166,17.58558062468143
1120868,148391,17.179380926128943
1120868,4739532,17.179380926128943
1120868,8412153,16.921141706556455
1120868,4200047,16.921141706556455
1120868,8500879,16.650661103495757
1120868,5454591,16.56403147344704
1120868,4939058,16.408713252581503
1120868,5596060,16.311911797729188
1120868,719409,16.226015504150833
1120868,882579,16.06372237384575
1120868,6078832,16.010334302405877
1120868,148396,15.996961956894953
1120868,6809386,15.847208814336415
1120868,5874219,15.759683025675518
1120868,3959711,15.692172506794405
1120868,8519759,15.682146574515725
1120868,7487133,15.682146574515725
1120868,3959715,15.621820913636764
1120868,7487127,15.605369335068216
1120868,5874222,15.605369335068216
1120868,8057913,15.442285483518113
1120868,8519758,15.329699927292284
1120868,882582,15.285915802517628
1120868,4739530,15.18642440001058
1120868,4939061,15.088280945756598
1120868,1167862,15.067755793965016
1120868,1779320,15.048508826038498
1120868,1374124,15.003838366122617
1120868,6731195,14.927911577534587
1120868,719408,14.80596771717756
1120868,1866945,14.76722039454421
1120868,5223089,14.690887542430461
1120868,8057917,14.677283251552183
1120868,3907599,14.601336532307734
1120868,1852161,14.552712566397464
1120868,8057915,14.493011861480198
1120868,8519760,14.3415216906324
1120868,8500880,14.311382323713016
1120868,8057919,14.22546703922332
1120868,7379916,14.148481124024771
1120868,2902482,14.148481124024771
1120868,1852160,14.061394319879852
1120868,4779643,14.025983810002444
1120868,825718,14.025983810002444
1120868,4739531,13.968001858186934
1120868,8057921,13.968001858186934
1120868,8519756,13.9359578413481
1120868,4888071,13.806693745000278
1120868,5652444,13.775785958803684
1120868,4329087,13.633292374200085
1120868,8519762,13.578123099719384
1120868,4739534,13.559739930284508
1120868,8005808,13.543688497686151
1120868,4739533,13.4032786974463
1120868,2251161,13.250512826376735
1120868,6859290,13.241253363816705
1120868,1779316,13.136762030812315
1120868,2846845,13.132147578786292
1120868,4739525,13.132147578786292
1120868,6078831,13.130384346719797
1120868,4739528,13.024825127401723
1120868,7283891,13.024825127401723
1120868,2836174,13.023946171135709
1120868,4975956,13.023946171135709
1120868,407845,12.988442567745889
1120868,148397,12.919242641218922
1120868,4739526,12.919242641218922
1120868,7283896,12.919242641218922
1120868,8436971,12.919242641218922
1120868,8808384,12.919219748535028
1120868,1779318,12.853973867037823
1120868,1779321,12.853973867037823
1120868,8713989,12.816164115347739
1120868,7034992,12.816164115347739
1120868,7006799,12.713131009617946
1120868,3157875,12.664211545075887
1120868,6610987,12.664211545075887
1120868,7588001,12.620670512213074
1120868,6859286,12.612521881982076
1120868,6859288,12.612521881982076
1120868,6610988,12.594946484968725
1120868,7006795,12.513492651621352
1120868,6330171,12.513492651621352
1120868,7731226,12.473647591907534
1120868,4905023,12.416006394007098
1120868,3157870,12.391762943421224
1120868,4739527,12.320027326356765
1120868,7911236,12.320027326356765
1111906,8143530,30.791752871714245
1111906,5275764,28.421331770263635
1111906,8143536,28.2138266007653
1111906,8143535,28.2138266007653
1111906,8143532,25.612451741947527
1111906,8143534,24.740939895580674
1111906,8143533,22.86302456696444
1111906,8143527,20.961106627358784
1111906,8143529,19.979180254415493
1111906,8143531,19.42032545488898
1111906,948872,18.137024324971243
1111906,8143528,17.74056615515142
1111906,5275763,17.40991625925556
1111906,8083536,17.371160181576837
1111906,948875,16.95806461197247
1111906,8083535,16.805197341187167
1111906,6613033,15.990134341279191
1111906,3792167,15.786782048816185
1111906,6941751,15.69865313070031
1111906,1751642,15.37801267349739
1111906,948870,15.2084199732812
1111906,5275758,14.71310173471468
1111906,5275760,14.532550726173314
1111906,4160791,14.320269106841558
1111906,8083537,14.040612133269345
1111906,5034947,13.947867849821455
1111906,7915544,13.828001269650532
1111906,8083531,13.710177377605877
1111906,243736,13.368452692428047
1111906,4326191,12.83525704138699
1111906,8083533,12.733681433227272
1111906,1717814,12.535278160354196
1111906,1688470,12.420625421548422
1111906,412582,12.398667422822601
1111906,8708571,12.342962669858256
1111906,8748571,12.156459000339524
1111906,2275063,11.71396057233385
1111906,6985828,11.71396057233385
1111906,5034949,11.545851709991126
1111906,8692710,11.309989811737736
1111906,6153481,11.223705439968791
1111906,581532,11.222438123881192
1111906,8587039,11.06906792451685
1111906,2512677,10.993651144341657
1111906,8587038,10.988366772519253
1111906,7139410,10.95230570057481
1111906,1965112,10.904251285847574
1111906,2304930,10.677191393852905
1111906,462435,10.576332198182264
1111906,57271,10.543961031310548
1111906,7635573,10.525938027998244
1111906,8305001,10.518118754475415
1111906,3457810,10.502710828105258
1111906,7424865,10.484838016926064
1111906,57270,10.46181839296091
1111906,7424870,10.451767224511036
1111906,2796695,10.353794838313119
1111906,5072373,10.337301084822414
1111906,1706939,10.289493988059755
1111906,2796693,10.257642134649837
1111906,7195971,10.25426510113207
1111906,6038916,10.225986871991012
1111906,8692712,10.225986871991012
1111906,5514476,10.22106559653881
1111906,3618869,10.201871768563551
1111906,7640270,10.194526385635237
1111906,7435610,10.194526385635237
1111906,2356357,10.16325888339474
1111906,2738906,10.16325888339474
1111906,3988445,10.16325888339474
1111906,254027,10.139815091450245
1111906,2156780,10.139815091450245
1111906,2020314,10.137678934834367
1111906,7640271,10.137678934834367
1111906,7878463,10.13218259500171
1111906,2102540,10.13218259500171
1111906,8803962,10.13218259500171
1111906,2191915,10.13218259500171
1111906,3757687,10.128887650921463
1111906,2796692,10.10417917675664
1111906,3398671,10.101295771774192
1111906,1501941,10.101295771774192
1111906,4691032,10.09683874454517
1111906,2020315,10.09649375208828
1111906,1353625,10.070596686288063
1111906,435344,10.070596686288063
1111906,5551775,10.070596686288063
1111906,57272,10.069583376549508
1111906,6447658,10.055641851967488
1111906,1840554,10.055641851967488
1111906,4232484,10.038964929947694
1111906,6563458,10.033875801252266
1111906,7980707,10.025865036311151
1111906,2282651,10.009754923206266
1111906,6288694,10.006539111377784
1111906,4102358,10.004396384509379
1111906,3562930,9.97482684419822
1111906,3647309,9.971693253551699
1111906,1637790,9.93504587721511
1111906,1965111,9.93504587721511
523270,8372979,57.389075738269945
523270,2292971,52.08469117688256
523270,8372977,51.46929075446134
523270,8372982,51.46929075446134
523270,1119553,50.16537935892477
523270,5765850,50.16537935892477
523270,2292976,50.16537935892477
523270,8372975,50.141466419534396
523270,5966287,48.94356078089126
523270,4859930,48.50054656182936
523270,7540621,48.41527115368038
523270,8372976,48.10088477899721
523270,5966288,48.00626791821045
523270,1300609,47.966374603946
523270,7696361,47.939078796100915
523270,7696363,47.918378972416136
523270,7540624,47.48438149829252
523270,1337589,47.448814828796415
523270,7096316,47.24155028456745
523270,413639,47.06807748089484
523270,1300612,47.03612050104438
523270,6618496,47.021080374442306
523270,5966289,46.850715867066526
523270,4859929,46.58837604314856
523270,2137928,46.53934592768329
523270,7821242,46.451752483125674
523270,4893265,46.19383245210085
523270,1300606,46.15521752449865
523270,5765852,46.15521752449865
523270,2292969,46.15521752449865
523270,5752993,46.040022921067546
523270,4210680,45.72881551608669
523270,1376654,45.66295436869117
523270,8433129,45.43782918504487
523270,3010424,45.161830013383366
523270,5922225,44.24754733193697
523270,4210674,43.45820781631318
523270,3027224,43.15791289180714
523270,3010428,43.14396845134988
523270,413016,43.09900519839076
523270,8433125,42.76979456893437
523270,7893046,42.76593696499365
523270,2695060,42.75063126654198
523270,7096323,42.44415878084133
523270,958851,42.06572677302303
523270,1952712,42.06572677302303
523270,1119549,41.97102869637237
523270,1046093,41.95064234599774
523270,6777741,41.939607971701534
523270,3507954,41.84227617031393
523270,4893268,41.84227617031393
523270,5752990,41.8171144759615
523270,4469454,41.683817408512674
523270,5765846,41.65809466649842
523270,8433124,41.621186936397024
523270,1419104,41.47179041258653
523270,457154,41.45915882207279
523270,7096317,41.4024218365043
523270,8227852,41.281382708007804
523270,5966291,41.03306465925186
523270,3507957,40.971718973193646
523270,8542262,40.92263740348783
523270,5323332,40.83563579616456
523270,6185190,40.75971055358394
523270,7540618,40.67782073781436
523270,8718319,40.294850530260966
523270,224334,40.068499690581184
523270,4846671,39.698437860706306
523270,7020821,39.67248045212188
523270,8718316,39.668372891067456
523270,4100220,39.50496968781003
523270,1494171,39.155919758087464
523270,958853,38.945974811192045
523270,566909,38.77961228339707
523270,3345508,38.75436355423347
523270,4100221,38.70259706074253
523270,5654430,38.61834412463416
523270,4210675,38.564628492384564
523270,3940166,38.54228120956187
523270,1655443,38.47645735609433
523270,7235725,38.47645735609433
523270,6728504,38.402703966438686
523270,7096321,38.376742203262445
523270,7696364,38.296903026689165
523270,7696357,38.26741429589069
523270,457155,38.18952961652259
523270,224336,38.110676147068304
523270,2137933,38.104206395501464
523270,1300605,38.083882159884745
523270,8372978,38.03676245642727
523270,7554011,37.955216717266815
523270,3769232,37.68346880215646
523270,5240283,37.6572216649474
523270,1419113,37.49635615092353
523270,3507956,37.464119083957115
523270,6130933,37.3814491561951
523270,3027221,37.3814491561951
523270,4893264,37.380902952917324
523270,4044455,37.380902952917324
523270,7696359,37.37394326298373
133358,8104531,23.12388980740863
133358,8104526,16.138969261629747
133358,7822666,15.976410011110548
133358,879100,15.488771244785182
133358,1467836,14.23998760023813
133358,8494371,14.019335377156725
133358,2357530,13.959763362321937
133358,5244456,13.569981093406014
133358,1907698,13.348309565041852
133358,7294410,13.346352196750399
133358,1980214,13.129974466896721
133358,8104530,12.60050435762966
133358,3136323,12.424936966631819
133358,8104532,12.41761507578717
133358,7840807,12.237194655503012
133358,122952,12.145353806310265
133358,3195018,12.03122572840465
133358,8157381,11.98042698142282
133358,8220610,11.965983454035014
133358,7108325,11.878231602543671
133358,6319354,11.617162850994129
133358,661882,11.528473731862894
133358,2642190,11.528473731862894
133358,4391397,11.528473731862894
133358,1062412,11.458095191894639
133358,838771,11.454605282748652
133358,4566904,11.377609339963021
133358,6766698,11.326895282831568
133358,7304993,11.256499250834384
133358,2390540,11.196969160268974
133358,3372159,11.195407339757633
133358,2763589,11.187980497632863
133358,642184,11.17927029627606
133358,2606452,11.17091293737774
133358,7107423,11.17091293737774
133358,8473340,11.135405655874605
133358,235240,11.134974972137723
133358,7875905,11.134974972137723
133358,4225697,11.133284488085188
133358,8120106,11.077458833409036
133358,3844446,11.075191524749634
133358,7107424,11.028656129667283
133358,4432669,11.019460530361467
133358,306193,10.844384857599696
133358,8000688,10.842342290157134
133358,6817498,10.823600348094805
133358,8117337,10.815733573196976
133358,7597292,10.809098374340127
133358,7449682,10.803519713460954
133358,7696809,10.78565183094915
133358,8079710,10.775242406494002
133358,4309140,10.775242406494002
133358,8146663,10.772587852617395
133358,4432677,10.76602100343739
133358,882370,10.748505801265598
133358,5756755,10.748505801265598
133358,325637,10.726263021049935
133358,8682923,10.709686945914036
133358,4225693,10.709686945914036
133358,7282869,10.703492464403197
133358,6882215,10.697741881923571
133358,235241,10.677825545357411
133358,1046755,10.674501505527616
133358,8104524,10.650741828922056
133358,8104528,10.6420984212862
133358,5465650,10.601562686315859
133358,6598490,10.595304747880391
133358,661878,10.595304747880391
133358,8396601,10.564696802199135
133358,1498770,10.563745125593496
133358,2436210,10.563745125593496
133358,7172447,10.510865364950345
133358,6629871,10.48928981661883
133358,8274897,10.485856888262868
133358,1141684,10.485856888262868
133358,6828730,10.483658192779146
133358,818192,10.483658192779146
133358,2151253,10.478587777736932
133358,484172,10.458786236716335
133358,364606,10.457579732839692
133358,4203705,10.44010316965651
133358,544457,10.428826826568885
133358,226291,10.428826826568885
133358,1117255,10.428826826568885
133358,544456,10.428826826568885
133358,4218157,10.428826826568885
133358,1390721,10.388902822228436
133358,5454256,10.388902822228436
133358,6468393,10.388902822228436
133358,662231,10.374639396552197
133358,710881,10.372343780886666
133358,4405930,10.35890318700471
133358,1388862,10.353093431324156
133358,6043977,10.353093431324156
133358,7107428,10.353093431324156
133358,5364290,10.352613013305737
133358,4627306,10.352613013305737
133358,6618113,10.352613013305737
133358,2817039,10.321083356280278
133358,1388860,10.31999325792479
67262,8326584,22.585943433447788
67262,8326580,19.140424750219154
67262,8326585,18.90912806850793
67262,8326581,18.507495258941944
67262,6973593,18.29434937968747
67262,6973590,17.682759023323154
67262,8326583,17.218451152213753
67262,6973594,15.50084588199356
67262,6973592,15.308341740803595
67262,8326586,14.811025396910116
67262,8326582,14.414047145288293
67262,7003248,14.055850615355391
67262,3116641,13.597134637303009
67262,6203502,13.262065080393684
67262,8326589,13.253562870565995
67262,2490873,13.007069559833937
67262,6292688,12.986355506272014
67262,1700421,12.898373632002954
67262,8326588,12.890146517084144
67262,6717003,12.831293238054503
67262,3097555,12.768255474818355
67262,4321351,12.457103232566448
67262,2397083,12.449050095710291
67262,3787176,12.431311699878508
67262,818783,12.397139603983781
67262,2490876,12.36319792771566
67262,5760488,12.3174853313716
67262,6973597,12.311350273699343
67262,6459590,12.304158463686594
67262,6292690,12.238890565979467
67262,8725997,12.238890565979467
67262,7003242,12.161333519623842
67262,2663356,12.157959776330145
67262,6710096,12.141956323587848
67262,5232787,12.009248469314699
67262,2395604,12.009248469314699
67262,6973596,11.994886269979274
67262,5812188,11.938357228198374
67262,2663364,11.914750379202141
67262,2923301,11.867891131100972
67262,5043411,11.867891131100972
67262,1149925,11.774424209404344
67262,8326587,11.74467324611503
67262,5085949,11.716637635331264
67262,1537436,11.673466745444227
67262,2401787,11.645783319938143
67262,6507284,11.645783319938143
67262,3097554,11.57422584265403
67262,3750240,11.57422584265403
67262,8552958,11.47665809052397
67262,6994047,11.47665809052397
67262,4716746,11.42848847873855
67262,3747305,11.420126800332195
67262,8725996,11.420126800332195
67262,1725928,11.36915699107955
67262,8700907,11.35516585054832
67262,6881555,11.227867653973284
67262,4630842,11.125152403646233
67262,6124842,11.125152403646233
67262,4162109,11.108299892229846
67262,4022849,10.983181383923274
67262,8700911,10.903894723855643
67262,764764,10.774222928876963
67262,3040968,10.76421309542636
67262,5199144,10.751592758937637
67262,2356482,10.689627396408092
67262,764766,10.689627396408092
67262,2161119,10.689627396408092
67262,4630841,10.63535861588909
67262,506867,10.60634994548542
67262,2702430,10.53222813386527
67262,3690778,10.524360008734725
67262,2897916,10.524360008734725
67262,7210584,10.4500357439021
67262,2167692,10.443627956707472
67262,5911889,10.401663442908507
67262,1055632,10.36412506218063
67262,2663365,10.343183170324377
67262,4412815,10.338721228690144
67262,7513848,10.338721228690144
67262,5808325,10.310783172761974
67262,3116640,10.288071074800081
67262,1066374,10.285823466074858
67262,2707906,10.283974792950788
67262,7018263,10.258755974528782
67262,8476179,10.229822026867243
67262,2549624,10.208696144906003
67262,7050843,10.132716879690093
67262,6973595,10.096384566817216
67262,6973598,10.096384566817216
67262,8442174,10.075279738543715
67262,3961805,10.05786022622663
67262,4828362,10.001352745552673
67262,2386657,10.001352745552673
67262,5934807,9.992314719152436
67262,7257184,9.973114864396427
67262,6726338,9.939072971364958
67262,6973591,9.939072971364958
67262,5095137,9.911416682458439
67262,2656050,9.911416682458439
1121166,8625228,23.531616303238817
1121166,3720789,23.311023125168404
1121166,1438877,21.377633227171508
1121166,3722100,21.37349173557284
1121166,3817584,21.333657638710932
1121166,8054920,21.28614887510041
1121166,4265479,21.074292532501858
1121166,8378301,21.017247654204507
1121166,1483821,20.647078413296875
1121166,1933184,20.63990847991102
1121166,8054925,20.534735794295692
1121166,3865434,20.28526244760889
1121166,1327975,20.27577625895568
1121166,1999760,20.266725150783323
1121166,3865435,20.169838128003672
1121166,3852124,20.164881388625812
1121166,3773868,19.648818450793037
1121166,686027,19.504866731305047
1121166,8054919,19.424245599483122
1121166,8054922,19.422060779947167
1121166,8378303,19.38678830181676
1121166,8054924,18.92538268862108
1121166,3720796,18.89301127074266
1121166,6439529,18.826293400182223
1121166,4981513,18.733855048673142
1121166,8699880,18.703742286572446
1121166,4767948,18.524221350440957
1121166,3249451,18.503379343041306
1121166,77039,18.452184346946016
1121166,1577097,18.440031879012025
1121166,8773580,18.40843518361627
1121166,8773578,18.40843518361627
1121166,5987622,18.341614524342493
1121166,77766,18.32445992816405
1121166,3872801,18.240408387043583
1121166,3249450,18.239396220883457
1121166,1933181,18.182402517078653
1121166,4008362,18.15654277660858
1121166,4453799,18.15380026322538
1121166,3249452,18.13813156798432
1121166,7200361,18.097755884480353
1121166,5271678,17.963197297286335
1121166,4767947,17.876779084185337
1121166,3294688,17.550543143062846
1121166,8104385,17.53479910964425
1121166,8378299,17.467824658563046
1121166,1933182,17.451136840964352
1121166,6911527,17.451136840964352
1121166,3957567,17.43547288723233
1121166,5247073,17.43547288723233
1121166,3682526,17.43547288723233
1121166,603709,17.43547288723233
1121166,77774,17.43547288723233
1121166,8625223,17.350205599179446
1121166,4265478,17.243843039571303
1121166,7959272,17.122607641521455
1121166,6911531,17.05905944651723
1121166,3872805,16.983709700830456
1121166,77036,16.974229963834343
1121166,8099788,16.939089054167482
1121166,1933180,16.914150785998068
1121166,5963619,16.90102032418355
1121166,2900574,16.7625219134581
1121166,5987625,16.71763482628934
1121166,8625226,16.685204238901953
1121166,8625229,16.685204238901953
1121166,8625225,16.685204238901953
1121166,4265477,16.685204238901953
1121166,77034,16.640283492979066
1121166,7778074,16.61450851560492
1121166,8164170,16.61124742562673
1121166,2608473,16.61086839734567
1121166,4453797,16.544420665986905
1121166,599924,16.520304621825268
1121166,7150558,16.346674646589733
1121166,2823196,16.301248641802275
1121166,3249448,16.276213183592038
1121166,1300581,16.20087049193473
1121166,1933178,16.20087049193473
1121166,6911529,16.20087049193473
1121166,3163649,16.156852510262144
1121166,8690614,16.13788697872676
1121166,3817579,16.11832045196758
1121166,581670,16.042313931039327
1121166,3087309,16.036607399423954
1121166,8054917,16.036607399423954
1121166,2288303,16.034660657920696
1121166,3249446,16.020238110035308
1121166,6537466,16.008594979454525
1121166,2770141,15.948705264243761
1121166,112367,15.923307195143387
1121166,5499074,15.915690896330691
1121166,77035,15.85035148003928
1121166,3002304,15.705395103784818
1121166,8625222,15.696417412708456
1121166,2977053,15.691696589403476
1121166,8773581,15.624891446082565
1121166,313082,15.624891446082565
1121166,3478983,15.623722728085777
1121166,3600620,15.59380435034818
805321,8694709,40.71647007031392
805321,8694713,38.442412041854524
805321,8694706,35.50332319596236
805321,8694707,32.20993613750857
805321,8694708,32.20993613750857
805321,8694712,29.574738359325735
805321,424954,28.190635042220883
805321,29930,27.993132749975295
805321,8694714,27.935486941398423
805321,4315758,26.16399425149498
805321,5504785,25.88191109171769
805321,4597599,25.729237770848673
805321,8694715,25.388515222241967
805321,8694710,25.278053262040654
805321,7215302,24.682831828571832
805321,8694711,24.288677297186798
805321,1007722,24.184940064651812
805321,7113253,22.705091844075767
805321,2309454,22.381414945199765
805321,3731060,22.060394975359024
805321,7090102,20.702960968730572
805321,5130453,20.271532509421995
805321,7415617,20.163594087573586
805321,891171,20.136692297114905
805321,673699,20.114798806885382
805321,7122095,20.033278990416576
805321,8257710,19.839621020009496
805321,8836061,19.555323170560918
805321,3731056,19.35489304980118
805321,2694357,19.27163226668528
805321,3445569,19.199472489943922
805321,2949962,19.06076318948263
805321,7709024,18.901058707578652
805321,7005757,18.894441003080203
805321,6122185,18.82443594114857
805321,7113255,18.780340894443476
805321,7090103,18.70571257134589
805321,2486639,18.665052666439387
805321,7717363,18.662440732250765
805321,3445567,18.65939671522186
805321,7113460,18.574762539927182
805321,1007721,18.496403735685085
805321,1807773,18.42544026587129
805321,1577075,18.41792197421342
805321,1442389,18.403974705982165
805321,8323876,18.350904768816093
805321,8840712,18.306140132543675
805321,3306567,18.305379673788654
805321,6814129,18.28741151084545
805321,5697981,18.26308152765503
805321,1007727,18.219404900393677
805321,7048810,18.204017732897416
805321,5589460,18.169801241917124
805321,4871490,18.117361428559278
805321,1369345,18.107999521922743
805321,8202376,18.103769141833364
805321,4140614,18.08696682668794
805321,4112578,18.017256074554034
805321,5319062,17.97139329171717
805321,3261836,17.854964116867762
805321,2336650,17.823979675382734
805321,3055331,17.82280894298365
805321,1823443,17.81136468162667
805321,5697985,17.64880411876733
805321,5145817,17.617055674179326
805321,7843571,17.55278410960087
805321,2225317,17.54191478216569
805321,4295040,17.515176388940855
805321,1369347,17.43870991594528
805321,5630654,17.40810099739973
805321,3055339,17.356691907937673
805321,7113258,17.29389864173595
805321,7111786,17.265815631521065
805321,164460,17.234781541821043
805321,8294432,17.22696790587872
805321,7076925,17.17466333338924
805321,7354112,17.13465171131132
805321,7439933,17.12708747999135
805321,1369341,17.08752579627802
805321,1405919,17.030550200860112
805321,5037829,17.030550200860112
805321,8801442,17.02334458570519
805321,5518131,17.001028456366114
805321,1563583,16.95811961811691
805321,5388585,16.884438139551378
805321,4315762,16.867481091697144
805321,4726293,16.83428528435281
805321,848655,16.826065673461933
805321,8201931,16.778919762584827
805321,89469,16.736312090292763
805321,4783002,16.677753609606945
805321,4997083,16.655872519468755
805321,827962,16.627322925044883
805321,5425423,16.60908469278006
805321,8257708,16.569082495315396
805321,7282384,16.518743181160406
805321,1649930,16.47710051266525
805321,8373426,16.463654280274284
805321,2858241,16.386799224522512
805321,3230751,16.38198275289905
1129828,8535892,21.12325283714762
1129828,8535899,19.220162100524707
1129828,8535895,14.881692561839966
1129828,2688923,14.709079367131004
1129828,8535896,14.525211818752215
1129828,8535894,14.379051700437264
1129828,7791249,14.012839832515759
1129828,4532860,14.002449577230166
1129828,4189486,13.808642827705297
1129828,8535901,13.726650817638031
1129828,5224855,13.688376877250233
1129828,8535898,13.65161681956219
1129828,4420625,13.448909613986363
1129828,1173447,13.36686036934572
1129828,8535900,13.224380117084264
1129828,7281670,13.18695976039048
1129828,1859410,13.089582906550545
1129828,8359869,12.92564389275056
1129828,7298986,12.913199298631868
1129828,2688925,12.89909472376266
1129828,1748554,12.808633582120345
1129828,5322811,12.782885807796145
1129828,4595118,12.758876295809099
1129828,3723804,12.753551958662568
1129828,1790762,12.724992413914688
1129828,7020647,12.704353530445609
1129828,6479700,12.538849935969704
1129828,5839452,12.528953010645953
1129828,6072687,12.525303607432631
1129828,7172820,12.493250440577462
1129828,4869415,12.462115502453656
1129828,4420627,12.404067777108876
1129828,1485319,12.403506871624984
1129828,6499998,12.388182037398714
1129828,4902315,12.276779310002631
1129828,2779689,12.2623944401002
1129828,1067659,12.219167150733774
1129828,7325761,12.156615662989354
1129828,562177,12.156615662989354
1129828,6024677,12.14376577512904
1129828,7325759,12.134444303785145
1129828,7298989,12.097514895488665
1129828,5475054,12.097514895488665
1129828,5889518,12.091414189688852
1129828,3864887,12.091414189688852
1129828,6526503,12.087973697075785
1129828,2191262,12.080302150536077
1129828,55088,12.067587712685837
1129828,8611686,12.038144015909898
1129828,2191263,12.024857970220921
1129828,3789991,12.001740969301295
1129828,5925140,11.953864944120017
1129828,7850644,11.923997079421259
1129828,7257433,11.90003621480788
1129828,7400658,11.898901639739215
1129828,8439821,11.879470411530548
1129828,2688928,11.86542441943263
1129828,3982623,11.850426241871974
1129828,2789378,11.850426241871974
1129828,5855336,11.846020459802219
1129828,6500004,11.822040349122826
1129828,2160938,11.716384804897373
1129828,2333956,11.70189068821361
1129828,8094304,11.70106294284642
1129828,4389606,11.69038244211679
1129828,1530082,11.576375729051218
1129828,472934,11.574333944096766
1129828,7086592,11.53489692195863
1129828,7065760,11.52518286993077
1129828,5322817,11.521911809558032
1129828,5328449,11.511410924946546
1129828,3070877,11.443734904601175
1129828,5089318,11.435825289884516
1129828,5925146,11.430424272071061
1129828,296511,11.37161504804369
1129828,1950332,11.367005781181144
1129828,1760422,11.327817210287364
1129828,2634519,11.319272836417845
1129828,7503182,11.300722646104616
1129828,2043204,11.300722646104616
1129828,3954490,11.285277704181848
1129828,4624260,11.285277704181848
1129828,7033406,11.275416763908908
1129828,2369837,11.275416763908908
1129828,2688921,11.216020777557523
1129828,7149262,11.205300468762385
1129828,8817061,11.205300468762385
1129828,1780784,11.191498321380632
1129828,6040475,11.191498321380632
1129828,1979291,11.191498321380632
1129828,1648869,11.169388544558933
1129828,6105703,11.168896969288117
1129828,6539316,11.144457814134618
1129828,2680132,11.135489946212374
1129828,2900645,11.109985616433793
1129828,3871020,11.10881979384181
1129828,2829971,11.10881979384181
1129828,7577964,11.10881979384181
1129828,7195006,11.104174504684371
1129828,1606789,11.104174504684371
131843,985994,14.783695755078318
131843,8710813,14.264542671669872
131843,8305152,14.264542671669872
131843,985995,14.264542671669872
131843,8305156,12.311220431197292
131843,7707868,11.898416712706073
131843,8305153,11.688497021789221
131843,985991,11.387147701500556
131843,8305158,11.216913581812891
131843,985988,10.82877904248059
131843,985990,10.569638002404698
131843,2041693,10.403659599930748
131843,8305151,10.164241111567073
131843,985992,10.010658190198471
131843,2683747,9.861647495233585
131843,8305154,9.576549692873677
131843,985989,9.115383574772245
131843,4254836,6.307045688890693
131843,3884881,6.1186368190304306
131843,1941266,6.115477379886749
131843,97739,6.107681655512375
131843,5125375,6.004795923869723
131843,8085708,5.9779124499496925
131843,7678189,5.940731605714097
131843,6820615,5.940731605714097
131843,491120,5.940731605714097
131843,542347,5.940731605714097
131843,6782345,5.940731605714097
131843,3884882,5.922972397289762
131843,7208948,5.911318287094973
131843,4682759,5.911318287094973
131843,2034187,5.890863977860859
131843,8074471,5.877064527105585
131843,617668,5.877064527105585
131843,3152904,5.877064527105585
131843,3219547,5.877064527105585
131843,3363729,5.877064527105585
131843,1114080,5.877064527105585
131843,1331326,5.877064527105585
131843,2213812,5.877064527105585
131843,2476773,5.877064527105585
131843,2942442,5.877064527105585
131843,1857666,5.877064527105585
131843,7792356,5.877064527105585
131843,2178330,5.877064527105585
131843,1618969,5.877064527105585
131843,1725357,5.877064527105585
131843,6767150,5.877064527105585
131843,3983276,5.877064527105585
131843,7272856,5.877064527105585
131843,8609679,5.877064527105585
131843,7370319,5.877064527105585
131843,7466871,5.877064527105585
131843,5227680,5.877064527105585
131843,5371380,5.877064527105585
131843,5430008,5.877064527105585
131843,6546266,5.877064527105585
131843,37595,5.877064527105585
131843,385859,5.877064527105585
131843,4659772,5.877064527105585
131843,4335375,5.877064527105585
131843,526577,5.877064527105585
131843,5484838,5.877064527105585
131843,4840263,5.877064527105585
131843,4843649,5.877064527105585
131843,499216,5.877064527105585
131843,6694981,5.877064527105585
131843,1935431,5.877064527105585
131843,317313,5.877064527105585
131843,332773,5.877064527105585
131843,5630800,5.877064527105585
131843,8146836,5.877064527105585
131843,8386260,5.877064527105585
131843,8050441,5.877064527105585
131843,8339485,5.877064527105585
131843,836259,5.877064527105585
131843,1721919,5.877064527105585
131843,1762465,5.877064527105585
131843,6087979,5.877064527105585
131843,2135122,5.877064527105585
131843,55905,5.877064527105585
131843,5680352,5.877064527105585
131843,996938,5.877064527105585
131843,6958665,5.877064527105585
131843,4262451,5.877064527105585
131843,6349699,5.877064527105585
131843,947067,5.877064527105585
131843,186957,5.877064527105585
131843,20073,5.877064527105585
131843,2009826,5.877064527105585
131843,4165838,5.877064527105585
131843,418065,5.877064527105585
131843,8072547,5.877064527105585
131843,949720,5.877064527105585
131843,8083366,5.877064527105585
131843,452117,5.877064527105585
131843,7781503,5.877064527105585
131843,3159911,5.854448379581466
131843,571001,5.854448379581466
131843,606492,5.853310347660886
104861,6436838,23.78239969151015
104861,8260037,22.942470735475062
104861,409268,22.730715576708132
104861,5379458,22.55518182079056
104861,2958127,22.484180845291526
104861,8141081,22.373780961730766
104861,2958133,22.357189907025273
104861,5150431,21.73107735881389
104861,8259116,21.671035016211423
104861,6207614,21.405102644430038
104861,4930174,21.236736060595653
104861,5703400,20.628483734396106
104861,4019226,20.54653045912402
104861,6200735,20.496040422730278
104861,5405670,20.383702787219192
104861,8260035,20.316392929359885
104861,459676,20.01975889562833
104861,8260038,19.86917503536737
104861,4864622,19.781168909829745
104861,5703401,19.770328727928558
104861,5667474,19.704540947948825
104861,6056678,19.631133561735794
104861,5864693,19.47328182899049
104861,1304632,19.44433589590823
104861,5667475,19.420319650975763
104861,1995989,19.39107051617775
104861,2958131,19.32658095155248
104861,4275034,19.22225959386774
104861,6008066,19.21305868653566
104861,125332,19.167918997134432
104861,4197096,19.124731363568877
104861,6351571,19.10295472464042
104861,5801822,19.096392037858017
104861,5110656,19.09316304284487
104861,5138474,19.01015981560984
104861,8495099,18.75797331223358
104861,1811410,18.69277461219751
104861,8334094,18.666703337610407
104861,459675,18.615452583937486
104861,7204477,18.61284905184438
104861,8516154,18.59582127666341
104861,4017856,18.432308929390032
104861,5776561,18.390315729800346
104861,4019224,18.37535454433054
104861,4017858,18.135900329494618
104861,4017854,18.12517213046427
104861,6658615,18.12109070221729
104861,7666366,18.114570851275076
104861,5138469,18.067780462322066
104861,5755686,17.77994142782698
104861,8575900,17.736942864636525
104861,7034373,17.687615948377584
104861,3886242,17.59806916212304
104861,5399654,17.563480510635028
104861,4025903,17.526225693381974
104861,5864695,17.49055142413276
104861,4452306,17.479889584578423
104861,5438824,17.461288242642716
104861,6653676,17.44063633777227
104861,8451639,17.429719680006606
104861,5755687,17.4257361501013
104861,1275725,17.411664212884187
104861,6187055,17.406065959943437
104861,4223386,17.37407820174006
104861,8307049,17.36586704320824
104861,8286089,17.341351511169965
104861,2908929,17.320671208848637
104861,146178,17.22369767178176
104861,371771,17.196177047173894
104861,8454530,17.16954287948564
104861,5340890,17.15018251744715
104861,6596375,17.110448847524122
104861,8388256,17.107468471264575
104861,6241791,17.095437399946054
104861,8454532,17.083196941102095
104861,4760862,17.03022241853673
104861,1368064,16.978446879743917
104861,7766863,16.97840247298198
104861,1767226,16.9744775526777
104861,4936226,16.9744775526777
104861,8528821,16.97310430526953
104861,7302613,16.967280061837556
104861,1518669,16.966166839422293
104861,4446923,16.96294128733507
104861,7888098,16.91464763320493
104861,4936227,16.895774173644867
104861,5641419,16.893281260568806
104861,7199044,16.849114089993453
104861,5248341,16.752636203276726
104861,5670531,16.736075582965157
104861,5405668,16.71707812037565
104861,7490597,16.713299838898788
104861,4017860,16.630429106452915
104861,5688415,16.580778999367265
104861,7241013,16.502546801191862
104861,5073463,16.49823250434834
104861,8454528,16.454270093542398
104861,1683504,16.443045647095186
104861,1050551,16.443045647095186
104861,8307046,16.440090052439956
833860,3437288,17.98467013070624
833860,6230227,17.885294348029518
833860,6230226,16.90747076559401
833860,6230229,16.698675358888735
833860,8683095,16.527615065145497
833860,1524406,16.256782549958817
833860,1524402,15.314144905031213
833860,1524403,15.035025268715076
833860,2702357,14.915406962935435
833860,2829180,14.89934935126464
833860,1524644,14.84936286521226
833860,7184644,14.75379304444499
833860,3437289,14.741196925482196
833860,6230222,14.7071758238672
833860,6297606,14.545870706682749
833860,8344031,14.534561716751625
833860,2829181,14.506370810589022
833860,6610436,14.490245237945775
833860,5178289,14.341821544907681
833860,1969741,14.262068681767184
833860,1900577,14.196407632712223
833860,6230220,14.05185517975762
833860,7153355,13.921421370380424
833860,2188108,13.737284500961128
833860,2192806,13.673948198142973
833860,6230221,13.663035083043606
833860,1524401,13.64318132356857
833860,4114830,13.373163414067701
833860,1694695,13.372757199947863
833860,115142,13.356407000777189
833860,2488236,13.31607891751001
833860,280004,13.298506326480773
833860,2654111,13.281290329481832
833860,3107240,13.255603554424347
833860,1971028,13.242282493664238
833860,2386361,13.2197020648598
833860,3107242,13.193152285079105
833860,5967462,13.119983571518208
833860,7647523,13.041508075706084
833860,6277473,13.025917564726338
833860,1400521,13.009279997608532
833860,6406715,12.994635447763354
833860,456070,12.989792879623549
833860,2584789,12.950382224764109
833860,3798217,12.921156334149241
833860,4565141,12.866946943591103
833860,2192805,12.815913991015282
833860,6621413,12.803227036909703
833860,1524399,12.803005579671261
833860,2544309,12.739523534067493
833860,351210,12.58238044813891
833860,610180,12.573575984127197
833860,4229067,12.573069860041851
833860,4929098,12.557651647578862
833860,1160967,12.534458419609482
833860,2218671,12.534458419609482
833860,280008,12.503135700620202
833860,3196855,12.464912258623963
833860,4881965,12.453811508521094
833860,3767859,12.431744701006371
833860,8469913,12.429004438103808
833860,6058740,12.427930152599824
833860,2865284,12.375355117125839
833860,27065,12.351247494711728
833860,5684104,12.34493090250423
833860,3321715,12.344434953985772
833860,7548089,12.339117753873253
833860,1160959,12.310606313053908
833860,6277472,12.293510375550662
833860,1160960,12.246573665289237
833860,724261,12.243245798523839
833860,840451,12.233955034419758
833860,1409144,12.220867445395989
833860,3597102,12.220867445395989
833860,2488241,12.211988513084187
833860,1875953,12.169510166590499
833860,4911702,12.16080701814825
833860,6804388,12.141386652746279
833860,2239400,12.139695342853681
833860,5578511,12.12048615972434
833860,6822075,12.114675452453803
833860,8445962,12.084639305920073
833860,3087481,12.08164360585933
833860,4194239,12.037073403009579
833860,8256056,12.024253003657313
833860,6004853,12.024253003657313
833860,8742336,12.023603462131883
833860,1198424,12.005370588678801
833860,7406141,11.996968523137511
833860,1204007,11.996968523137511
833860,1937593,11.939208653526677
833860,1428785,11.936148977936345
833860,7379546,11.933224644190823
833860,561233,11.903308035922883
833860,8445964,11.897701483514144
833860,1799623,11.875942980934482
833860,6804385,11.869239383816687
833860,1448548,11.855499644973484
833860,786374,11.852930252385153
833860,546258,11.84797095784343
207786,8273755,24.865674137183454
207786,8273759,22.97724940365788
207786,7941579,22.524008611838912
207786,8273757,22.3806274373999
207786,2998723,22.352875341476043
207786,6031630,20.74866167477569
207786,8273763,20.51326902063075
207786,8273758,20.130476020801233
207786,7599318,20.052176549106193
207786,8273754,19.80166378326399
207786,7639366,19.158010113598944
207786,4759183,19.047873895052735
207786,493420,19.03423146164737
207786,2763917,18.962096580861928
207786,2051021,18.773531860056327
207786,8651150,18.503422261065182
207786,2775840,18.45040052099707
207786,2969229,18.36426097475175
207786,2775838,18.36426097475175
207786,4759179,18.194271650512732
207786,7777867,18.18254924940201
207786,1667536,18.042620981363104
207786,4900224,18.033000146775223
207786,493419,17.989277033070085
207786,7643816,17.838667617920663
207786,4900219,17.654666111130567
207786,4393129,17.654666111130567
207786,4759180,17.644691085654415
207786,4900218,17.619916659684556
207786,2775839,17.561423161678714
207786,2969232,17.49040979159608
207786,4900223,17.4524346155752
207786,493416,17.43681334580404
207786,8199151,17.349889974406146
207786,524449,17.317936107663165
207786,4393128,17.2410646622601
207786,8532111,17.184923172425812
207786,493414,17.160663086396042
207786,2440415,17.144339031853107
207786,7124120,17.1106542973934
207786,2763923,17.082515213006644
207786,8607465,17.074724671257606
207786,3753001,17.05448136052737
207786,8185064,17.048207513153894
207786,4644089,16.978936557124197
207786,6060398,16.78352431315482
207786,818662,16.773603821367338
207786,7643812,16.74922425419807
207786,4823378,16.74922425419807
207786,6822431,16.74922425419807
207786,2051022,16.676821518520157
207786,2775833,16.67464562207703
207786,493413,16.673447742432387
207786,8651149,16.651029890545587
207786,1667542,16.611471383827272
207786,4823380,16.60074200420877
207786,2775834,16.527504094323852
207786,2051020,16.515245659034427
207786,493415,16.483048818265587
207786,3322528,16.45492275960043
207786,4900221,16.45492275960043
207786,6031629,16.431948397137706
207786,2051015,16.382989036575697
207786,6882359,16.352008711886562
207786,4823375,16.337375144240184
207786,3522821,16.33682986647468
207786,7016165,16.32207803855216
207786,8273761,16.27301218821418
207786,1085406,16.261132299392244
207786,2557240,16.249660119299485
207786,3322533,16.249660119299485
207786,493412,16.245042513497392
207786,7643819,16.241029394848386
207786,7124123,16.188200626786276
207786,5989436,16.184307748532973
207786,6526580,16.151262216819283
207786,1201445,16.077025690940864
207786,5297038,15.99464113026749
207786,3212759,15.908020797513338
207786,817103,15.802867627849816
207786,6526575,15.797945190192568
207786,4393132,15.66107233406672
207786,3896743,15.508413029268974
207786,1025057,15.502989908730228
207786,706234,15.501183900805708
207786,1731873,15.500655850108824
207786,4315348,15.500655850108824
207786,5845834,15.500655850108824
207786,8273762,15.497260090717802
207786,524450,15.421673689207006
207786,5845832,15.421673689207006
207786,673361,15.292462573003345
207786,6226372,15.268810041398051
207786,8651148,15.266099685964864
207786,524451,15.189622115091293
207786,6526579,15.189622115091293
207786,2775837,15.189483851084734
207786,6904582,15.189483851084734
207786,8057908,15.166539013187279
207786,2051016,15.155046557748193
691330,8490460,21.25361390408277
691330,8490462,21.056748180667846
691330,8490463,20.757754238137437
691330,807730,19.344807855457262
691330,8490461,19.33780563991551
691330,8197717,19.270278392945258
691330,7626873,19.268374078602275
691330,1257015,19.0817541006372
691330,443525,19.012026417822952
691330,3692150,18.80864335311019
691330,1257011,18.640278729154794
691330,5425396,18.484394322810445
691330,2751554,18.117873060489703
691330,807732,18.067001891967823
691330,3346773,18.03514613847989
691330,5425399,17.871980633709544
691330,3692153,17.702073879980947
691330,4211863,17.0706788972762
691330,2751562,16.822835712029462
691330,7004346,16.822835712029462
691330,807724,16.68208681852802
691330,8197722,16.252108610234405
691330,807723,16.025354750765867
691330,7004347,16.01016102967197
691330,3416118,15.656604048070204
691330,7340503,15.361472471677224
691330,2212945,15.301774612178859
691330,2751558,15.188973486146304
691330,1257013,14.599889532979446
691330,807727,14.528084730782787
691330,8687224,14.50629178833449
691330,984135,14.378012639068663
691330,807729,14.301536799138129
691330,443524,14.241712170425492
691330,443527,14.089385740936482
691330,807728,13.825259989313778
691330,8687222,13.689786948386057
691330,1257016,13.469625962701492
691330,3692154,13.34271458937689
691330,6875222,12.465999058706762
691330,4579025,12.431191859212783
691330,443526,12.416347643618517
691330,7004344,12.284281234459208
691330,8149413,11.880929168858481
691330,5392691,11.558764051639956
691330,6348194,11.54686740956914
691330,6348201,11.486999431690526
691330,443528,11.44947092857268
691330,1208529,11.425980342646872
691330,807725,11.392691522102584
691330,5392687,11.382394467092167
691330,3598688,11.29621274644483
691330,6348193,11.263551123735045
691330,6348196,11.152128360524523
691330,6348200,11.127175942665392
691330,72971,11.03576361307908
691330,7105212,10.974878371465163
691330,4579023,10.914661261770155
691330,1257017,10.914661261770155
691330,8490459,10.855101346261858
691330,7307459,10.855101346261858
691330,1208537,10.737910527705562
691330,4579026,10.623223048970624
691330,6812929,10.510959546093037
691330,6348192,10.38659987732796
691330,8530992,10.293403438827285
691330,8399170,10.293403438827285
691330,3672869,10.283967860517825
691330,3672864,10.248645813463332
691330,25702,10.240414349844238
691330,715756,10.240414349844238
691330,7307463,10.1879680285058
691330,1710001,10.1879680285058
691330,2538006,10.1879680285058
691330,8186438,10.13605617794469
691330,7010442,10.111939483854556
691330,7004345,10.084670669540035
691330,8186443,10.084670669540035
691330,807726,10.06905595200887
691330,7307465,10.010170401943435
691330,8002844,10.010170401943435
691330,7645677,9.933593346535202
691330,72964,9.933593346535202
691330,8784497,9.884235139616461
691330,5392688,9.884235139616461
691330,8186437,9.739060315915411
691330,2376103,9.728677608746857
691330,1013138,9.716793693675733
691330,2780148,9.716793693675733
691330,6028177,9.691611760754164
691330,5311538,9.578749441888899
691330,8056663,9.530579739952085
691330,5311536,9.371394202760179
691330,3398158,9.36333764650101
691330,1782481,9.346593833130882
691330,1758722,9.343749309503027
691330,5796821,9.34280151967543
691330,4385036,9.340906516741637
691330,355712,9.316462926031681
691330,3480393,9.308444627845
1103528,2758782,17.439501796172852
1103528,2758788,15.744793748544637
1103528,2758787,15.536312472107985
1103528,8223067,15.243776891660227
1103528,2758780,14.865208365365033
1103528,8223071,14.530528193533177
1103528,8223065,14.21678731931427
1103528,2758779,13.217892072286958
1103528,2758783,13.12121815562119
1103528,8728323,13.021834388813232
1103528,8223068,12.89432882161743
1103528,2758784,12.76929602791753
1103528,8223069,12.235400954327543
1103528,8728328,11.008051730409926
1103528,2758785,10.850767154504993
1103528,2758781,10.259037492683106
1103528,2758786,10.179732374572598
1103528,1050825,8.26338641335243
1132213,1030078,20.54784408935562
1132213,1616866,19.654440285363425
1132213,2879508,19.510295315114867
1132213,7131650,18.127170438288587
1132213,6513388,17.60882006074071
1132213,7304815,17.510839491046966
1132213,6513392,17.472644642986744
1132213,6505382,17.429240342690697
1132213,5491567,17.32529496863029
1132213,1656015,17.182939827157274
1132213,2422564,16.971161116032448
1132213,6940535,16.540736176937564
1132213,6581337,16.262221764607332
1132213,8334473,16.16955899851172
1132213,4335087,16.134811282299548
1132213,6940534,15.851228404964552
1132213,3101716,15.844719283513559
1132213,4756596,15.828154585700311
1132213,6581339,15.806182589362155
1132213,7229137,15.798133196025635
1132213,1616859,15.454049790864808
1132213,8504767,15.376400986919844
1132213,8618742,15.233214604200422
1132213,8334480,15.223187369443785
1132213,460732,15.215593620518142
1132213,2965979,15.038553774368268
1132213,7670188,15.037727299056673
1132213,6513394,14.988748797505473
1132213,1885412,14.902987020459364
1132213,4447363,14.897022579458204
1132213,2965980,14.8526134837553
1132213,5606850,14.834576839415824
1132213,4589259,14.803927670201475
1132213,2427030,14.78749816002485
1132213,1030074,14.778966223778273
1132213,8618737,14.771447676453867
1132213,7041994,14.765148472116287
1132213,8229409,14.759334299250014
1132213,2703010,14.686998244723094
1132213,8326718,14.658893320926786
1132213,7557414,14.658893320926786
1132213,8326716,14.650399718358841
1132213,141077,14.635323623257733
1132213,2099735,14.559163776223212
1132213,7247657,14.54104045854627
1132213,4335086,14.516979008605114
1132213,4260397,14.506911763108766
1132213,5645087,14.448962057564279
1132213,1986279,14.399804105722243
1132213,7684871,14.390684461593139
1132213,8055784,14.308555329014393
1132213,5746002,14.308555329014393
1132213,2971294,14.251665177964533
1132213,6643552,14.242079614724815
1132213,3737549,14.238963046964635
1132213,3944456,14.22487865374816
1132213,1030072,14.22487865374816
1132213,8229410,14.221817727875983
1132213,4307694,14.220816539350281
1132213,341380,14.189957475767716
1132213,1986281,14.12202822484516
1132213,8622033,14.0827564971273
1132213,8666630,14.024770827758871
1132213,4584290,13.987119750316293
1132213,6440584,13.984818673798783
1132213,5209556,13.96891917480978
1132213,8531054,13.968734171669738
1132213,1977345,13.96804518403797
1132213,6454500,13.95202788699331
1132213,8229408,13.937400106600728
1132213,1616864,13.919543201568604
1132213,8334475,13.905797667947304
1132213,577621,13.89772993265182
1132213,2348170,13.885532584632422
1132213,2778097,13.876517818908898
1132213,5792528,13.850571839918594
1132213,4386332,13.80402620460044
1132213,90121,13.793241358502708
1132213,1030076,13.789311444640417
1132213,3446803,13.746185644800196
1132213,4458715,13.742862446979695
1132213,4401620,13.671967450809651
1132213,3081460,13.636496910271589
1132213,91433,13.621499275173864
1132213,4433555,13.618702114339758
1132213,6680330,13.618195569098742
1132213,218670,13.58397389902431
1132213,753470,13.572465422002452
1132213,5484987,13.567563625939863
1132213,6773285,13.565357089743294
1132213,2723525,13.555014003671538
1132213,1986277,13.519088954221452
1132213,6940532,13.486160887609998
1132213,1081801,13.472833114513564
1132213,1081806,13.468336889424473
1132213,1253776,13.468042970881875
1132213,3823500,13.460660578061447
1132213,91434,13.447265126432567
1132213,1597728,13.446520472930658
1132213,8031314,13.435016065414676
335594,5588114,13.400744406873322
335594,7899635,13.285022716801645
335594,4973685,13.267748179329708
335594,6280308,13.166286561333228
335594,4722772,13.166286561333228
335594,68717,13.090015452274562
335594,3319018,13.014655878400518
335594,5588113,13.014655878400518
335594,4864091,12.995093794094537
335594,5109214,12.99453435539359
335594,4864090,12.947794729353657
335594,6751755,12.940190981491664
335594,6001032,12.938094925433859
335594,4125228,12.918040572553313
335594,3319016,12.866604331109055
335594,4125231,12.72200210422308
335594,8835283,12.69408321013395
335594,5588115,12.584991529657254
335594,6001035,12.511297950456433
335594,8515794,12.511297950456433
335594,2406068,12.061596378573569
335594,936635,12.005998402644988
335594,3420791,11.920314572394263
335594,2412515,11.911280872986023
335594,68720,11.8372932488527
335594,3164988,11.681485848671116
335594,3319024,11.675725495893655
335594,6001037,11.675725495893655
335594,1155674,11.58904095057037
335594,3164985,11.14792876992787
335594,2412512,10.965810324494562
335594,3489000,10.961131406109683
335594,3291967,10.92400489933354
335594,2412514,10.895279114347456
335594,7899639,10.852987399766587
335594,6114040,10.739165297367286
335594,6280311,10.692858353414842
335594,68725,10.557928716647623
335594,68724,10.526131771770572
335594,4166072,10.521188043730403
335594,3319019,10.507986160793088
335594,5791332,10.47912830763514
335594,7734598,10.46310901239447
335594,8515790,10.286550345134472
335594,4166074,10.273774947725851
335594,8515789,10.214797868393964
335594,4166068,10.154381258781061
335594,4166076,10.154381258781061
335594,1680064,10.144039457574664
335594,3291972,10.12954347551088
335594,1583785,10.076315279572176
335594,3135742,10.037730689563885
335594,3291970,10.037730689563885
335594,5704363,10.037730689563885
335594,780021,10.021889969494488
335594,4129232,9.999440471344798
335594,6001039,9.923729777270488
335594,3319017,9.886302741003055
335594,8457431,9.886302741003055
335594,6280305,9.870544456056207
335594,1583791,9.84915695380538
335594,68718,9.84915695380538
335594,2406070,9.812289257334456
335594,7734605,9.812289257334456
335594,3291969,9.775696540360583
335594,5704370,9.749009554348198
335594,68723,9.703323830319784
335594,3319021,9.667537842579637
335594,2412513,9.641437333154656
335594,4722776,9.596751944175141
335594,2494504,9.588536565614703
335594,6280310,9.574564218857583
335594,7734599,9.536213143568018
335594,1155677,9.484457666807993
335594,1155680,9.433260938095804
335594,2406063,9.419737141138906
335594,2406065,9.39048011502422
335594,6280306,9.382613957711754
335594,2412511,9.332507918181218
335594,8358535,9.282934199168656
335594,4421252,9.233884362533539
335594,4166073,9.233884362533539
335594,5791326,9.192888886570618
335594,2370399,9.189226092660569
335594,6114043,9.185350147542161
335594,7734606,9.185350147542161
335594,8515795,9.137323466229672
335594,3546682,9.137323466229672
335594,4166067,9.089796398906875
335594,5791333,9.089796398906875
335594,3420793,9.075330026742183
335594,1583790,9.042761189806496
335594,1583789,9.042761189806496
335594,7899638,9.042761189806496
335594,5791327,9.042761189806496
335594,4166075,9.042761189806496
335594,780022,9.003441588666375
335594,1155673,8.996210242863949
335594,4754364,8.996210242863949
335594,1155679,8.996210242863949
1134138,487623,13.577216352911833
1134138,7083751,13.435236214448306
1134138,1311431,12.750308627832862
1134138,1311432,12.6671334492094
1134138,35742,12.445424324016042
1134138,1555414,12.347760081048438
1134138,487626,12.28831144969182
1134138,487620,11.769562665145298
1134138,7504521,11.74798999042857
1134138,854486,11.537001834886608
1134138,4291539,11.333458462876422
1134138,6625007,10.964832925282606
1134138,1032417,10.922430892403048
1134138,487619,10.76375474743819
1134138,175307,10.586371552762195
1134138,1123714,10.569456164995705
1134138,7083753,10.499854451161413
1134138,1123715,10.444139664764261
1134138,2174467,10.32185867276414
1134138,2675736,10.248584830417897
1134138,1123719,10.248584830417897
1134138,4045844,10.027342350492805
1134138,3833678,10.00906029267898
1134138,7145034,9.742766701071009
1134138,4628357,9.633800105520393
1134138,7644724,9.542124058291755
1134138,4902462,9.491458412843537
1134138,2204280,9.35326174136059
1134138,1434734,9.237534927829845
1134138,7145033,9.228635596587129
1134138,3077547,9.153351054257712
1134138,7145029,9.116781351038851
1134138,80410,9.088599731232105
1134138,7145026,8.884620164044046
1134138,1854316,8.838503438490264
1134138,6081498,8.718546773512557
1134138,1979157,8.617016536642431
1134138,7145032,8.581793092559987
1134138,3181081,8.548931380830531
1134138,8084734,8.492540773264528
1134138,467122,8.488143649029917
1134138,1854315,8.488143649029917
1134138,5914900,8.377449142945876
1134138,1361560,8.32317755737553
1134138,393139,8.32317755737553
1134138,2528845,8.294828527520801
1134138,189425,8.269604620419187
1134138,7886130,8.121799071785938
1134138,7977697,8.108090843292414
1134138,8575991,8.084565719813806
1134138,4307923,8.062036315973877
1134138,3129915,8.034116769151321
1134138,110653,8.034116769151321
1134138,6846929,8.011762210560216
1134138,3455090,7.990981764503341
1134138,8255879,7.984648082246177
1134138,8666691,7.971005152206582
1134138,3324682,7.948307468194804
1134138,8639682,7.948307468194804
1134138,3953218,7.948307468194804
1134138,3929137,7.906086538460997
1134138,963808,7.8757046001244495
1134138,3904198,7.864632862804379
1134138,8575996,7.864311788708991
1134138,3305938,7.864311788708991
1134138,1830167,7.864311788708991
1134138,7702580,7.850905762018443
1134138,8730384,7.849895072342727
1134138,7997599,7.844059691446737
1134138,7997603,7.844059691446737
1134138,8730388,7.844059691446737
1134138,7610692,7.82297618343965
1134138,8131313,7.82297618343965
1134138,3387042,7.782072834297561
1134138,1126706,7.782072834297561
1134138,187285,7.762716682020965
1134138,2553344,7.751585799114937
1134138,8489496,7.751585799114937
1134138,5900401,7.741594996244271
1134138,7186683,7.72279313711267
1134138,8694942,7.701772503569964
1134138,1832598,7.701536063850298
1134138,7790569,7.701536063850298
1134138,8062888,7.691613831819356
1134138,1530862,7.683804909806922
1134138,6759154,7.679925537004994
1134138,6759157,7.679925537004994
1134138,6759156,7.679925537004994
1134138,6759159,7.679925537004994
1134138,3909457,7.67666543057878
1134138,1540024,7.661889567701692
1134138,6248849,7.661889567701692
1134138,3543239,7.661889567701692
1134138,3034157,7.631069135887367
1134138,2462886,7.622649170917024
1134138,6302376,7.622649170917024
1134138,2618360,7.622649170917024
1134138,4184445,7.622649170917024
1134138,4358295,7.615733280281582
1134138,8061516,7.583808665770833
138632,6350715,15.045171132423292
138632,1345752,14.700581709943886
138632,7719411,13.531072589864227
138632,4217237,13.025284466741233
138632,2997002,12.562222791980542
138632,4879158,12.27389542782765
138632,569256,12.21064621968746
138632,1643837,12.023733423600977
138632,5913736,11.90243787680601
138632,7044454,11.783565150031999
138632,7630355,11.756116321440299
138632,5289649,11.725014771873159
138632,5152933,11.64255610533265
138632,4765705,11.53267977097328
138632,7126508,11.372115956398563
138632,7630353,11.319689583976132
138632,6370300,11.164972671124277
138632,569252,11.065363561346068
138632,1999976,10.979524990353424
138632,6956942,10.978207578898223
138632,2966699,10.918710647298047
138632,26026,10.788610745705693
138632,5937966,10.77625691152202
138632,8113743,10.729671492959984
138632,4000461,10.65357955500351
138632,4765707,10.415664185995109
138632,1108967,10.33807827305943
138632,544254,10.292984070096068
138632,5415910,10.032322309726807
138632,136054,9.94968745310309
138632,439391,9.945915218293013
138632,2996995,9.920753679437048
138632,4173094,9.900763570743264
138632,1693165,9.86628236318762
138632,7076105,9.784398156685494
138632,4499947,9.72347344346856
138632,3298890,9.723256927893893
138632,5943664,9.721853864807112
138632,4173095,9.667318211710057
138632,597878,9.545433869545606
138632,3114921,9.506528116039831
138632,3114918,9.491585724117453
138632,569253,9.46678584928782
138632,5843592,9.411651909799538
138632,8187581,9.411651909799538
138632,1303036,9.410487004573785
138632,4765706,9.40177195856428
138632,1324791,9.263857732905866
138632,1999972,9.254996799350184
138632,3114922,9.227148874533992
138632,6509186,9.204371701510988
138632,5843597,9.19920767568926
138632,136058,9.191129805953521
138632,8741211,9.152610206793247
138632,7304201,9.11429312904514
138632,816970,9.11429312904514
138632,4217235,9.0865092277898
138632,4765704,9.066984901230663
138632,8109448,9.057543368687263
138632,5659540,9.050669403018254
138632,8111408,9.050669403018254
138632,4125959,9.050669403018254
138632,6350714,9.008990047607826
138632,2272898,8.97957875002174
138632,119100,8.97283095758016
138632,8183840,8.97283095758016
138632,1073611,8.913912685817296
138632,3928408,8.90137662649384
138632,6509191,8.88661740898075
138632,2579932,8.866074533533986
138632,1999971,8.844913186402328
138632,7684088,8.831051344584552
138632,4379715,8.781227272037963
138632,7059984,8.781227272037963
138632,8055612,8.761828561471168
138632,569255,8.740145619304085
138632,6476029,8.740145619304085
138632,3751751,8.716354909107896
138632,7938757,8.716354909107896
138632,3200573,8.706793605689302
138632,5805664,8.693682552765676
138632,569254,8.693682552765676
138632,6370303,8.660005517927914
138632,2270882,8.652434021663248
138632,4680572,8.626588388199842
138632,3835153,8.626588388199842
138632,136063,8.625980932500283
138632,2270884,8.589443829323491
138632,8613120,8.589443829323491
138632,136056,8.58640537328977
138632,2734525,8.560521901216497
138632,1693158,8.560521901216497
138632,418256,8.560521901216497
138632,1654827,8.560521901216497
138632,119098,8.547012390423774
138632,6545283,8.547012390423774
138632,4098623,8.53982268562995
138632,4341687,8.527364152463779
138632,5485810,8.506291099009765
138632,225502,8.506291099009765
671071,7615574,28.768775993889772
671071,8632272,28.561057684368404
671071,7615575,28.508132949042388
671071,8632276,28.4607626802102
671071,7615582,28.001263311004486
671071,5092547,27.645567503059162
671071,3049333,27.270554056779538
671071,2605963,27.151787171466697
671071,8302976,26.967725823824644
671071,208813,26.65762121485759
671071,5092540,26.180232529119657
671071,634211,26.168983504897152
671071,5092543,25.96961860725625
671071,5092539,25.91662269385887
671071,8507309,25.672003144406464
671071,2660613,25.39906561169683
671071,4958939,25.059709267746065
671071,617788,24.908061268665378
671071,5636766,24.56951787400893
671071,3089530,24.552125635984975
671071,7102670,24.399817320934176
671071,7873130,24.217078067666655
671071,5535987,24.136439832910323
671071,5535989,24.007043292382363
671071,4823172,23.764031642004543
671071,8632270,23.668644042222432
671071,8333109,23.626220850036063
671071,7377287,23.565031356033614
671071,8333107,23.55591374818518
671071,7863994,23.504395848291267
671071,4172362,23.44682611314327
671071,4638546,23.37583406610673
671071,4606207,23.364649335228453
671071,8333104,23.297349706523022
671071,7682166,23.278803770977376
671071,8333103,23.27223220541521
671071,6225480,23.27093391169737
671071,8261074,23.261948100352697
671071,5518666,23.134579956373464
671071,4185819,23.06605748817042
671071,6000829,23.007330479286225
671071,594160,23.002017782914066
671071,513070,22.941050122424812
671071,791573,22.879904758089577
671071,2559410,22.856012762808934
671071,8536390,22.780251797702995
671071,7177175,22.75389493094831
671071,948853,22.75090987121129
671071,6699274,22.71994268607468
671071,4756068,22.694370883648023
671071,3957589,22.6052709136092
671071,8420534,22.557777738431202
671071,4939858,22.532918790997442
671071,7796881,22.49027998396556
671071,5108111,22.39753318497787
671071,4958936,22.39553687366475
671071,7689449,22.38361643135135
671071,8452013,22.1934288692245
671071,4167140,22.1612102540371
671071,5636764,22.144901533661386
671071,7425040,22.12557700167968
671071,1280007,22.119456758833813
671071,1950592,22.11284196531137
671071,7796876,22.110788033368458
671071,5513368,22.106380912043406
671071,4756069,22.105660762214935
671071,6225481,22.007205740859572
671071,7321706,21.993265963846504
671071,6000827,21.989321229933843
671071,4167142,21.970917231957525
671071,3076326,21.95855197751247
671071,5875970,21.90182398360855
671071,77580,21.88142958238737
671071,1034585,21.87773925959043
671071,8285877,21.855041954973174
671071,6291458,21.852564350767995
671071,4404034,21.84656738303743
671071,6172684,21.838687354897658
671071,8632278,21.76388668266263
671071,1199440,21.733625312762445
671071,514369,21.733625312762445
671071,514373,21.67008302734937
671071,7321708,21.66118519821693
671071,6675617,21.642066113256856
671071,7796874,21.619955850431698
671071,8632274,21.605104624028144
671071,5286610,21.56075041785266
671071,8236758,21.56075041785266
671071,2387222,21.534827446097225
671071,8333106,21.528566649523054
671071,3679749,21.512745458794004
671071,5439188,21.458225580531288
671071,1698731,21.454681364313696
671071,6841800,21.401559968311417
671071,1995371,21.361863763937222
671071,7909079,21.353410090822976
671071,1426025,21.351288172939505
671071,1426023,21.312404820102607
671071,3529515,21.290492906717823
671071,308820,21.280151274972145
705609,4136242,14.078922136509778
705609,6565370,13.656047034477085
705609,2092610,13.632656217981669
705609,6615196,13.587479004044996
705609,4607416,13.283802588333671
705609,2060219,13.171644770451781
705609,4832217,12.87511917059799
705609,1717682,12.724948989457586
705609,1717685,12.724948989457586
705609,1598854,12.709280738213884
705609,1717691,12.699610929818487
705609,4136240,12.641051773671702
705609,6927629,12.637257037248327
705609,5870734,12.599724930601006
705609,3218861,12.59785455139189
705609,7856692,12.579663914321463
705609,1717684,12.550917156490625
705609,8424009,12.550917156490625
705609,772287,12.52821058321365
705609,1717690,12.483581084972194
705609,8719672,12.462514160384437
705609,193594,12.386250205087531
705609,5871712,12.37853664135873
705609,8580006,12.371033332295731
705609,1881843,12.211987178445263
705609,6539250,12.192132180682831
705609,5609869,12.186427044560986
705609,1960291,12.152843141087933
705609,2287088,12.048940539798693
705609,4504584,12.032669754851016
705609,4101074,11.997306761234995
705609,4848556,11.99131965543325
705609,3218859,11.952453146331285
705609,4059149,11.952453146331285
705609,317358,11.943059659288092
705609,2170607,11.891970622901999
705609,7674484,11.858787614795894
705609,3011764,11.832170212133375
705609,3907897,11.832170212133375
705609,422558,11.832170212133375
705609,2171460,11.832170212133375
705609,1795680,11.832170212133375
705609,2085476,11.832170212133375
705609,2092602,11.773039219548973
705609,7196100,11.772598684472822
705609,4755678,11.760129651189892
705609,4494060,11.71456528783099
705609,4494063,11.71456528783099
705609,691822,11.702588513831605
705609,1367528,11.685124850653608
705609,274445,11.599540794081902
705609,7108680,11.549128313032519
705609,1594952,11.5429671007589
705609,1702522,11.5429671007589
705609,2490258,11.482776547142347
705609,4958446,11.44054469269187
705609,3231626,11.424376642793792
705609,6123972,11.412007758245071
705609,1870485,11.359160128104438
705609,7868833,11.327507314634937
705609,2852794,11.25672855105074
705609,5673993,11.255265363368592
705609,8285170,11.229389744946335
705609,6299592,11.22835093817135
705609,3145226,11.201895220093128
705609,7708682,11.186805561227056
705609,6682025,11.186805561227056
705609,4777363,11.146925950463967
705609,6776269,11.124083815824383
705609,5472785,11.119207551377253
705609,1171247,11.119207551377253
705609,2490257,11.111488679785417
705609,7868828,11.086839151624623
705609,5746402,11.05507865953874
705609,7559506,11.052454512174263
705609,53001,11.052454512174263
705609,7408954,11.03070706408831
705609,4581768,11.00864944042829
705609,4079665,10.99937979461302
705609,5871713,10.995002271512245
705609,1374151,10.986530072775054
705609,7674483,10.986530072775054
705609,5871709,10.959454475409874
705609,8104716,10.926878221858765
705609,7866186,10.92141829767756
705609,4966094,10.92141829767756
705609,6649278,10.92141829767756
705609,5871707,10.912508047754852
705609,7962329,10.865361780675894
705609,2222044,10.860621278172648
705609,6867857,10.857103671907165
705609,7559505,10.857103671907165
705609,6173897,10.796084023439807
705609,5494595,10.796084023439807
705609,3273269,10.793571086818519
705609,1203547,10.793571086818519
705609,6867859,10.793571086818519
705609,4893983,10.793571086818519
705609,5003473,10.793571086818519
705609,7277097,10.793571086818519
1114819,8022279,26.798112021576454
1114819,8088109,26.357847082793583
1114819,8022281,25.754654402019295
1114819,1724528,24.749335928595784
1114819,8022277,24.749335928595784
1114819,8754404,24.612995366300957
1114819,6900773,24.276682208659697
1114819,1419801,24.2713007042818
1114819,8088111,24.253549887302114
1114819,6900767,24.18187047604092
1114819,1419798,24.048806080656533
1114819,2590453,24.005833554618338
1114819,3906952,23.919959217977258
1114819,988373,23.916673131779298
1114819,1851540,23.62080415715354
1114819,5521373,23.381060074999045
1114819,5156171,23.36076663897181
1114819,4890560,23.296420835496818
1114819,8115440,23.284150728717314
1114819,1738242,23.257654331686773
1114819,7132894,23.206385194817607
1114819,5718417,23.19233270166761
1114819,1315998,23.173616599969854
1114819,8480574,23.071298583472434
1114819,8096824,23.071298583472434
1114819,1735443,22.957389167779468
1114819,785028,22.93041637079046
1114819,8115706,22.79015397795314
1114819,1816958,22.472736030423818
1114819,8115703,22.433628960502418
1114819,1315993,22.43021113860458
1114819,5165249,22.375093982872922
1114819,2192058,22.34114332965396
1114819,6900769,22.33186281122175
1114819,1852066,22.32997506631171
1114819,1724520,22.322937783463754
1114819,8754398,22.284797374465803
1114819,988378,22.231057943557246
1114819,694735,22.231057943557246
1114819,750446,22.219230557726387
1114819,5019832,22.10309077839191
1114819,8579830,22.096642249398084
1114819,2831393,22.080569127059746
1114819,8754397,22.047961852919677
1114819,7803429,22.047961852919677
1114819,1009500,21.97935349590165
1114819,8754400,21.97935349590165
1114819,771719,21.9583366259267
1114819,8508255,21.869447110837868
1114819,988370,21.799329603801667
1114819,3781419,21.692627403821742
1114819,8625086,21.64775670523401
1114819,8336231,21.629094496765674
1114819,5521371,21.61738519168129
1114819,8336223,21.589977376394863
1114819,8336232,21.551113549043684
1114819,1315994,21.539430541898103
1114819,6202319,21.485859019500964
1114819,3906954,21.440573930636504
1114819,5019830,21.40172515117711
1114819,6941478,21.34226538695734
1114819,255279,21.189053779808017
1114819,988375,21.17908638045978
1114819,6900774,21.17908638045978
1114819,3353671,21.129634065197095
1114819,8579832,21.091173056137798
1114819,988369,21.069495063697204
1114819,862869,21.069495063697204
1114819,8031756,21.056581406722227
1114819,8115439,21.03233382130422
1114819,8115435,21.03233382130422
1114819,1103684,21.016413272355237
1114819,2590451,20.975639886135312
1114819,8321012,20.961032070344903
1114819,7851748,20.78454784517473
1114819,7156443,20.739405869811705
1114819,2212058,20.70672926453466
1114819,7132895,20.69805777123522
1114819,6202321,20.676938347299732
1114819,6578914,20.642241427106953
1114819,344350,20.59069618317113
1114819,8027210,20.579935931717134
1114819,5628952,20.57482941789625
1114819,126884,20.538121854892385
1114819,1625836,20.443944729992136
1114819,5019838,20.434739540194236
1114819,3213416,20.407621632524243
1114819,785027,20.334882860981875
1114819,2590455,20.30929338788532
1114819,4700106,20.285588133363966
1114819,6631098,20.274828277280953
1114819,1396258,20.274828277280953
1114819,2839945,20.274828277280953
1114819,8601477,20.176428272774636
1114819,1770772,20.112457436585338
1114819,7851754,20.110651758652015
1114819,6900766,20.063194747402857
1114819,4064011,20.032891806952534
1114819,5628950,20.030426689177638
1114819,5628953,19.983919987963226
855434,8304504,21.46876468995817
855434,2364465,18.56137297416453
855434,7052029,18.465754874555365
855434,8269435,17.45985782740197
855434,6974540,17.419596758381896
855434,2082697,17.3403782176035
855434,5597217,17.311355510223525
855434,1908357,17.125251366248577
855434,1908360,17.125251366248577
855434,598181,17.008373494107374
855434,4689202,16.981777666037193
855434,1542537,16.944022011873802
855434,6405045,16.91988269563446
855434,2674131,16.565427027944086
855434,5043396,16.565427027944086
855434,4296910,16.169003574064163
855434,399737,16.169003574064163
855434,2082699,16.082749328317448
855434,1864147,16.04104537532483
855434,6368620,15.90187096582327
855434,6991862,15.881930406716002
855434,6473,15.839313225150963
855434,4274684,15.826300717651801
855434,976067,15.796406659088477
855434,8185273,15.791110121371853
855434,5208459,15.791110121371853
855434,3541282,15.791110121371853
855434,3648452,15.791110121371853
855434,2009186,15.653825092888116
855434,4018036,15.621674539633787
855434,6208779,15.530012742310948
855434,4018035,15.473354428953053
855434,6945960,15.458385918761415
855434,2987729,15.407473712947198
855434,2384673,15.346194261837951
855434,5208460,15.313898926266774
855434,3935056,15.16295673103565
855434,4178931,15.154997410146358
855434,6210661,15.079007359704812
855434,2370548,15.061609779495768
855434,6738453,15.057442744738058
855434,1976655,15.00107002348761
855434,1942088,14.952199125411102
855434,752708,14.908856507328696
855434,4601208,14.785844649659445
855434,7184532,14.784476677487032
855434,1733038,14.770144281201347
855434,6436547,14.75660920748167
855434,5011025,14.75660920748167
855434,2075927,14.75660920748167
855434,6991087,14.728005942742811
855434,2082696,14.693635167008846
855434,7594911,14.693144595803552
855434,7871790,14.632979762267015
855434,8327651,14.632979762267015
855434,4310792,14.618090760293219
855434,5499280,14.613045749602652
855434,4059063,14.563661927746358
855434,8114761,14.54349036079045
855434,5402002,14.522421461074579
855434,5357554,14.511404617400743
855434,6428435,14.511404617400743
855434,7213106,14.480004407803893
855434,6053309,14.433953049933397
855434,6991086,14.419869939779495
855434,1635632,14.402999063619209
855434,3242781,14.391832991575505
855434,7216825,14.224488700595145
855434,6101705,14.184759486071902
855434,598178,14.163434252571461
855434,1845205,14.162279884312309
855434,1845203,14.162279884312309
855434,8213703,14.158505404738062
855434,4692252,14.158505404738062
855434,3226099,14.158505404738062
855434,5249600,14.066452016582101
855434,440061,14.061551196467027
855434,2868945,14.044655915426073
855434,5011024,14.044655915426073
855434,4703153,14.044655915426073
855434,5893293,14.044655915426073
855434,8409106,14.04093728912332
855434,4059253,14.000762200177698
855434,732017,13.99385227229886
855434,6673740,13.954500999911257
855434,3365333,13.932622763545828
855434,1943891,13.932622763545828
855434,1482599,13.919355825942365
855434,1482601,13.919355825942365
855434,7145363,13.912951301647356
855434,440062,13.901553761328453
855434,8597056,13.899428032364657
855434,7213375,13.897347383124881
855434,512657,13.897347383124881
855434,352731,13.892588449278055
855434,1976658,13.88478574922615
855434,5640136,13.877967972945594
855434,5255930,13.862637108826043
855434,7437750,13.845272638707552
855434,6522883,13.831710228355814
1134463,8138506,32.46479374842663
1134463,1040028,30.35290904806051
1134463,5626882,29.753832608280877
1134463,8138499,28.8272515396352
1134463,8138507,26.320502824335115
1134463,8577979,25.44940264045423
1134463,8138503,24.51462091998171
1134463,8138505,23.895281017407115
1134463,6835507,23.497899068868087
1134463,6469512,23.38857369484437
1134463,1040026,23.1754045675721
1134463,1040031,23.1754045675721
1134463,8138502,22.961691491947622
1134463,8138501,22.800782147344066
1134463,5557757,22.716434100629325
1134463,1040029,22.581939951016977
1134463,1040032,22.581939951016977
1134463,3413218,22.2402296862992
1134463,1040034,22.128612848967254
1134463,2156811,21.723855377990816
1134463,1040035,21.49378808108206
1134463,8779210,21.044709100454035
1134463,5843044,20.34502908307796
1134463,8613697,19.277623875188574
1134463,2826663,18.742374282373532
1134463,1043598,18.421535264797107
1134463,6693100,18.165712366479237
1134463,8761240,18.165712366479237
1134463,1586421,17.68966488096969
1134463,8577980,17.586086343649797
1134463,6012708,17.44691364069998
1134463,8030653,17.41026815608247
1134463,3263233,17.175073577321584
1134463,2156809,16.53114486307431
1134463,2156808,16.408110126605944
1134463,5739152,16.254954324842416
1134463,4812617,16.04975431243188
1134463,4289941,15.819421802630238
1134463,1040030,15.819421802630238
1134463,2991557,15.819421802630238
1134463,1928289,15.078618075011011
1134463,2165757,14.794265436045439
1134463,6256172,14.662120788560806
1134463,8761242,14.662120788560806
1134463,4725423,14.652226385903063
1134463,2312430,14.563389890788667
1134463,1852164,14.550867760846518
1134463,5803816,14.544288033260495
1134463,3117437,14.542580782784198
1134463,4554574,14.447385635216381
1134463,8833320,14.400020106795672
1134463,4725426,14.351035876007808
1134463,4005526,14.241089564564431
1134463,3235175,14.159235549213026
1134463,6032295,14.1479047809801
1134463,2165756,14.1479047809801
1134463,2826569,14.113944841884516
1134463,1322777,14.040802932620947
1134463,5315101,13.992125751023885
1134463,4900376,13.985717601125687
1134463,798185,13.921430107244156
1134463,5208712,13.855845814401
1134463,6237348,13.819494480666176
1134463,7508395,13.803163700267458
1134463,1921396,13.792428420047063
1134463,395176,13.776151080921181
1134463,8710114,13.765220530190131
1134463,5309070,13.747833771174541
1134463,3535778,13.718027421408031
1134463,5848349,13.702758744033197
1134463,8602280,13.658884043354243
1134463,1889698,13.657926967644864
1134463,6391652,13.607222133010684
1134463,1322772,13.60391407100937
1134463,3535777,13.59618916694327
1134463,2964555,13.591477071648905
1134463,2873998,13.563302408583507
1134463,2165755,13.559165357059655
1134463,8188498,13.553866673806391
1134463,1889696,13.542704278227266
1134463,4448468,13.50783276700122
1134463,1889695,13.50545093239363
1134463,1605964,13.498626592703616
1134463,4812773,13.472370549499773
1134463,5848347,13.428639171043784
1134463,5865326,13.420630104950392
1134463,1784322,13.40865095668702
1134463,3164811,13.371612632959687
1134463,1938173,13.368244812080277
1134463,1080140,13.35730606667778
1134463,5683796,13.34907081076813
1134463,4077211,13.32500829778937
1134463,6074487,13.311160896657341
1134463,3584105,13.306352900077684
1134463,1916488,13.306352900077684
1134463,3932832,13.299007471313384
1134463,8126788,13.288170729257674
1134463,6471362,13.275321724085078
1134463,211463,13.264723094623442
1134463,5252467,13.254144753896995
747511,8429262,15.669512126487747
747511,8429265,12.043898681394563
747511,8429261,11.050487692699555
747511,8429264,10.574725911819181
747511,7173480,10.351883682887918
747511,2703318,8.650486584937564
502261,8420334,46.2125893137405
502261,8420330,44.27911090343068
502261,8420332,42.38304335047798
502261,8420329,41.24951537911551
502261,8420326,40.307857776251566
502261,1363478,37.706816807177084
502261,1587591,37.39280831490154
502261,1125600,36.99526749461932
502261,6216989,36.32702372786557
502261,7991867,36.32702372786557
502261,8123190,36.07605688318459
502261,1018251,36.07605688318459
502261,2169820,36.07605688318459
502261,5851451,36.075941455806166
502261,1632041,36.075941455806166
502261,1593808,36.00926486358402
502261,8367190,36.00926486358402
502261,8420331,35.99192094058514
502261,2987380,35.894814186889974
502261,6802345,35.856505415365035
502261,2989576,35.605710064558366
502261,8813395,35.517235571785534
502261,1221622,35.517235571785534
502261,7642954,35.33284473789246
502261,641910,35.30157737719307
502261,6157443,35.28167349618397
502261,1011493,35.28167349618397
502261,3481139,35.25536887006185
502261,7641069,35.23331706954266
502261,7997694,35.23331706954266
502261,7283070,35.11929957850219
502261,155862,35.11929957850219
502261,1018252,35.11929957850219
502261,1117586,35.11929957850219
502261,7837524,35.11929957850219
502261,7365747,35.11334907923567
502261,3974229,35.10760163776864
502261,6775440,35.04978320964375
502261,8367191,35.04978320964375
502261,7991864,34.90525332799199
502261,6216986,34.90525332799199
502261,1124803,34.90525332799199
502261,155853,34.776309041957916
502261,3100047,34.730694249677306
502261,2689348,34.730694249677306
502261,3714294,34.730694249677306
502261,2918737,34.730694249677306
502261,5273555,34.730694249677306
502261,361075,34.730694249677306
502261,3740846,34.730694249677306
502261,2319812,34.696894667777684
502261,641915,34.593582926514934
502261,7116761,34.592085626719225
502261,4819259,34.55006533042186
502261,5521108,34.52556020841992
502261,6775437,34.42092516167074
502261,8367184,34.42092516167074
502261,6157445,34.42092516167074
502261,7642961,34.42092516167074
502261,7365741,34.39435849232429
502261,155859,34.39435849232429
502261,6551628,34.37649193176282
502261,8114284,34.35063865930206
502261,7186809,34.35063865930206
502261,1018253,34.147177089936875
502261,2233689,34.07661232111879
502261,1199816,34.07485236129803
502261,1639380,34.07466269459828
502261,3481136,34.07466269459828
502261,855268,34.07466269459828
502261,8661006,34.07466269459828
502261,6683758,34.07466269459828
502261,3740844,34.07466269459828
502261,1221614,33.97194960364398
502261,4365713,33.97194960364398
502261,6914726,33.96404470474016
502261,5521109,33.88917329311714
502261,6043242,33.88917329311714
502261,7991871,33.88917329311714
502261,7283069,33.85014724761458
502261,155858,33.85014724761458
502261,1117585,33.85014724761458
502261,5678317,33.85014724761458
502261,7954249,33.85014724761458
502261,1018259,33.80154073053675
502261,4769235,33.78166347985763
502261,4819267,33.761845834946925
502261,1593806,33.694088299373945
502261,7853394,33.52419247618265
502261,8637128,33.47854693652876
502261,2168643,33.47854693652876
502261,1316146,33.47854693652876
502261,5540922,33.47854693652876
502261,622071,33.455938319663844
502261,7565830,33.435000241819075
502261,2233687,33.434825813628734
502261,2918739,33.43011687687974
502261,8591211,33.421182983717955
502261,6998785,33.39402294348475
502261,2766784,33.383739366183
183378,2533260,14.357161419244607
183378,8079970,13.948168741039705
183378,324175,13.698945218972277
183378,8079968,13.692972134096486
183378,424997,13.621231889015181
183378,7878227,13.21543745325776
183378,7952865,13.202933942539232
183378,711450,13.078609221963536
183378,2805325,13.001675626500427
183378,2095187,12.96816694178661
183378,5286899,12.885672880784076
183378,6960777,12.845640243222448
183378,1603314,12.766644392428525
183378,5728400,12.69452827022267
183378,324177,12.682583984458418
183378,665785,12.534947509121503
183378,324178,12.534266853403093
183378,2796241,12.500220793677762
183378,2095179,12.497434721012311
183378,145653,12.317473700188469
183378,952906,12.317473700188469
183378,7315393,12.212155786186003
183378,7135097,12.212080628587703
183378,5657854,12.208476811137462
183378,4638380,12.178960466352862
183378,3576220,12.134015461104248
183378,2978908,12.104917889476585
183378,3576225,12.046753718699176
183378,6569755,11.990873399609242
183378,2978914,11.962050513521469
183378,3093215,11.874725948211731
183378,2978915,11.840437508981687
183378,2655895,11.840437508981687
183378,7132812,11.808507463083899
183378,1603312,11.769851245221025
183378,8756893,11.718761285752713
183378,772180,11.714148415476313
183378,295459,11.714148415476313
183378,5534711,11.692751384830494
183378,5534703,11.657430359091332
183378,5652928,11.63914507561782
183378,4810797,11.639019562281675
183378,2863617,11.631605533941709
183378,4493915,11.62934778380301
183378,4727412,11.616863516164717
183378,4493916,11.60447563431274
183378,4493920,11.597649219078887
183378,3773460,11.577134463283194
183378,1261035,11.573810215297854
183378,6295431,11.516586405647363
183378,5652927,11.492113994707053
183378,5887828,11.472853320714925
183378,4727418,11.416034451992203
183378,400861,11.415822121458392
183378,5843332,11.40381973714534
183378,5105265,11.4010361162612
183378,4803856,11.398815433761335
183378,229739,11.387600541450777
183378,6876205,11.377746939776848
183378,3924767,11.377746939776848
183378,4620359,11.348914989283465
183378,2863620,11.348260499159863
183378,2863619,11.348260499159863
183378,1111809,11.278703896268574
183378,5745912,11.278703896268574
183378,7449751,11.255458187699743
183378,4493921,11.249640445506868
183378,8570256,11.246152686098142
183378,2095186,11.232773164782719
183378,7504966,11.232773164782719
183378,1603316,11.225534592519725
183378,1036816,11.209393569367723
183378,804584,11.209393569367723
183378,719552,11.207054857097376
183378,5331361,11.201702309402076
183378,129221,11.159702252515249
183378,5508903,11.159702252515249
183378,892679,11.150537636560967
183378,8458194,11.140966024960354
183378,4652794,11.140966024960354
183378,4296968,11.073403774577011
183378,2796242,11.053784142403249
183378,2866200,11.053784142403249
183378,1830741,11.053784142403249
183378,3389580,11.040781203682368
183378,7677975,11.008615290342417
183378,8198010,11.00668980737315
183378,4803850,10.989938607042046
183378,8764470,10.989781039675737
183378,3773463,10.974004216459306
183378,7449750,10.957186005486147
183378,5391353,10.957186005486147
183378,4620361,10.949857692881361
183378,4309301,10.940807573363266
183378,1603317,10.923422944036169
183378,8209853,10.911202506293908
183378,8577215,10.902368659386426
183378,26799,10.894750143115045
183378,2863612,10.87156556603029
183378,3607830,10.851301366021186
654723,2124250,12.09651689423305
654723,158712,11.529486675701131
654723,7780411,11.456477691534076
654723,2379823,11.421514017277453
654723,3786677,11.354590831544693
654723,2124247,11.258743968555171
654723,8036318,11.177628986331321
654723,5709267,11.127916762344817
654723,7751376,10.85032779319179
654723,1037589,10.770317924101986
654723,7751372,10.684224135561326
654723,3498746,10.667430637191428
654723,8545841,10.667430637191428
654723,7126770,10.639558482606772
654723,8369843,10.633570318244283
654723,8545840,10.60306493459989
654723,8476202,10.557633627726666
654723,8476203,10.507959716721231
654723,1403921,10.470505340763701
654723,7751375,10.467442709470369
654723,7751370,10.467442709470369
654723,6672077,10.455365982983412
654723,7751371,10.434838143799736
654723,7780412,10.434838143799736
654723,2134690,10.392548709674042
654723,2402224,10.341219342398643
654723,8669851,10.338231865892507
654723,8256296,10.29093295218407
654723,1854323,10.28951650060636
654723,7126771,10.248954621421891
654723,8545842,10.21217210053279
654723,4365222,10.190229044297386
654723,2098993,10.181136048188959
654723,7751367,10.150288069060217
654723,5396063,10.125049621562601
654723,3073527,10.05885562958049
654723,8369841,10.004104740619534
654723,8066791,9.998810330753123
654723,3194744,9.964429322945113
654723,6286897,9.939477646455098
654723,8010888,9.901100637428279
654723,2886077,9.854500181156501
654723,5660222,9.854500181156501
654723,6286896,9.847269060317856
654723,202779,9.847269060317856
654723,7126767,9.847269060317856
654723,6672070,9.838332092631212
654723,3498749,9.808825494917906
654723,6286900,9.808825494917906
654723,2379821,9.780797190492212
654723,5396064,9.770680928239972
654723,3880065,9.76260297303724
654723,8728630,9.741663448516826
654723,7178417,9.721269953207916
654723,1107989,9.695274945776186
654723,6286892,9.695274945776186
654723,8622816,9.695274945776186
654723,3837207,9.68533473121181
654723,8476206,9.672403886665903
654723,1897275,9.65800674040489
654723,8159503,9.65800674040489
654723,8369846,9.653072230115752
654723,1528983,9.627926497993645
654723,1037596,9.621023952546782
654723,4443426,9.621023952546782
654723,8256289,9.612409676324049
654723,1252604,9.612409676324049
654723,4246425,9.605238923970076
654723,2343097,9.584323315916123
654723,1478249,9.584323315916123
654723,6286893,9.547901613876459
654723,7780414,9.547901613876459
654723,7780407,9.54307894493111
654723,1635200,9.527421799226197
654723,1528984,9.489016977628824
654723,2469583,9.487743934312778
654723,6286891,9.47588238965314
654723,6286899,9.47588238965314
654723,4443425,9.47588238965314
654723,8678152,9.47588238965314
654723,5446630,9.449721997020635
654723,8669844,9.435564086786982
654723,5696399,9.424790190808782
654723,7463821,9.404941504585624
654723,2402229,9.404941504585624
654723,1897276,9.404941504585624
654723,1219017,9.404941504585624
654723,7340253,9.404941504585624
654723,2652890,9.404941504585624
654723,5577795,9.404941504585624
654723,2143796,9.404941504585624
654723,8710467,9.381292660122883
654723,1057426,9.381292660122883
654723,1304660,9.36986789906835
654723,2886072,9.33044482107118
654723,4049537,9.328957803075905
654723,7035694,9.304529959274014
654723,6286895,9.300499672489291
654723,7751369,9.300499672489291
654723,708293,9.300499672489291
1117387,5744592,23.29521074783272
1117387,8091236,21.478521690260045
1117387,8601196,19.651500741146528
1117387,7170936,19.36506043411611
1117387,1410151,19.238458520740878
1117387,43791,19.067038884332643
1117387,7170931,19.04018765827252
1117387,7170935,18.953901498018737
1117387,8091238,18.791830527206635
1117387,5897422,18.76025358851222
1117387,3033235,18.746957548883003
1117387,261158,18.61490903289244
1117387,7170937,18.61490903289244
1117387,261156,18.54307803593284
1117387,261161,18.471799269283714
1117387,8601194,18.401066389084374
1117387,7170932,18.330873148272033
1117387,261154,18.261213394742587
1117387,5897420,18.175977443126627
1117387,7170933,18.123470205165262
1117387,8494302,17.99567185217532
1117387,511889,17.987789435398316
1117387,372097,17.972045299525014
1117387,7170934,17.920708036701967
1117387,261159,17.894588754885902
1117387,261160,17.722432605732962
1117387,2958809,17.719528358754992
1117387,3784542,17.61922524378174
1117387,3784538,17.579783503178746
1117387,3784541,17.518730707187416
1117387,3784537,17.456354110915186
1117387,5744595,17.421080428568615
1117387,192350,17.38681187898824
1117387,1472111,17.017381096107663
1117387,7170938,16.9274634316265
1117387,1132240,16.838490999528176
1117387,8091230,16.838490999528176
1117387,8091232,16.784881771158936
1117387,3779722,16.577098364201525
1117387,5897423,16.407299018595744
1117387,3784539,16.379491057182406
1117387,8091233,16.379491057182406
1117387,8601198,16.323697141127965
1117387,6541348,16.323697141127965
1117387,3784540,16.311068771124138
1117387,261162,16.240942915824277
1117387,4247531,16.15902351599901
1117387,2934326,15.93599041734285
1117387,6541354,15.839446516336404
1117387,3384901,15.769185649620745
1117387,3139133,15.761517634822024
1117387,3784536,15.630091940087105
1117387,2440155,15.415111200174206
1117387,2656103,15.348602506058137
1117387,5744601,15.263401037684295
1117387,2939570,15.093200948105643
1117387,8601192,15.059990797519637
1117387,8601191,15.059990797519637
1117387,3784535,15.001491965977642
1117387,2934329,14.960407549949378
1117387,6349706,14.952310977108645
1117387,3384902,14.820031249412827
1117387,3599755,14.735599210536726
1117387,8601195,14.646866175587201
1117387,857255,14.601020126921247
1117387,7005718,14.514149131834696
1117387,8268650,14.454924982101572
1117387,6541351,14.454924982101572
1117387,2440160,14.412928413941788
1117387,5147448,14.383815621290266
1117387,5899668,14.383815621290266
1117387,4050113,14.297777234775868
1117387,261157,14.27391454965698
1117387,2633223,14.255802004781788
1117387,1694701,14.137751307501023
1117387,5147451,14.130046888665376
1117387,4476816,14.130046888665376
1117387,296121,14.126947132368532
1117387,3784543,14.035212924752026
1117387,4732741,14.006491026648714
1117387,8403689,14.006491026648714
1117387,6830198,13.973991997269586
1117387,4381450,13.88507722672059
1117387,43785,13.88507722672059
1117387,5505285,13.841360039781593
1117387,4732742,13.765750262879484
1117387,2165391,13.765750262879484
1117387,4176327,13.594645552557019
1117387,4732743,13.53314527119465
1117387,4732740,13.53314527119465
1117387,6830199,13.502803338609572
1117387,2656101,13.419765888549016
1117387,7623890,13.419765888549016
1117387,7098890,13.419765888549016
1117387,8091229,13.419765888549016
1117387,1074740,13.389929669408364
1117387,3457516,13.30827048511937
1117387,3188549,13.30827048511937
1117387,4476814,13.30827048511937
1117387,6068839,13.30827048511937
479871,8811622,10.290384382148135
479871,5176626,10.118834575395887
479871,1484949,9.975310956078872
479871,1161476,9.964152633216317
479871,6669635,9.931805924141033
479871,5757748,9.864327297242136
479871,5447206,9.781212624755781
479871,3836968,9.773172284006126
479871,1116535,9.70566616532492
479871,4423307,9.68162352963032
479871,8613731,9.675087311785477
479871,6263495,9.634258033693934
479871,8811619,9.60410619747617
479871,5615234,9.60410619747617
479871,2142098,9.58937519745681
479871,5904069,9.58937519745681
479871,8713765,9.58937519745681
479871,1018393,9.56780812969198
479871,3619246,9.55941235480826
479871,3432150,9.554754399139679
479871,8016251,9.533625030410262
479871,8206417,9.515132561465464
479871,4852085,9.515132561465464
479871,2957772,9.50004491012391
479871,5638923,9.50004491012391
479871,6764071,9.494478266140542
479871,4704488,9.47583797591936
479871,8713766,9.47063685194184
479871,3169928,9.444138620034504
479871,7869129,9.43686660482232
479871,1013917,9.412363583025932
479871,4073543,9.412363583025932
479871,6595041,9.405660931585553
479871,3432147,9.398214476646457
479871,7175193,9.398214476646457
479871,44612,9.383495042371084
479871,3708118,9.374685492388984
479871,4712479,9.368821642997782
479871,3042298,9.35987768466582
479871,6414196,9.35987768466582
479871,7381820,9.354803044910732
479871,6100476,9.354803044910732
479871,4972818,9.326285976128439
479871,7687352,9.321852385640083
479871,3818256,9.321852385640083
479871,5447207,9.321120573098465
479871,1567396,9.31323301530167
479871,5447205,9.312035520561668
479871,835872,9.291533681345024
479871,2796241,9.288397059744678
479871,6715105,9.26977026436925
479871,2273049,9.26977026436925
479871,3894494,9.266708732711288
479871,4691773,9.262134023374037
479871,643650,9.256642573320281
479871,3012454,9.256642573320281
479871,1240851,9.241768489309816
479871,1484943,9.236821078063729
479871,1567399,9.232919827493024
479871,835868,9.217984400727477
479871,3306735,9.213935378184743
479871,6690203,9.213935378184743
479871,2668871,9.209607939418339
479871,8571440,9.209607939418339
479871,5447202,9.184928612881151
479871,7687354,9.172791405214904
479871,7912385,9.172791405214904
479871,3552037,9.172791405214904
479871,19408,9.172791405214904
479871,3550883,9.172791405214904
479871,7976208,9.1723229864535
479871,3541464,9.158769088721826
479871,8571444,9.136268056165278
479871,7968690,9.136268056165278
479871,68028,9.136268056165278
479871,3132536,9.131432926086887
479871,2807294,9.131432926086887
479871,4655984,9.126602911032888
479871,8102463,9.100034404028266
479871,1450657,9.100034404028266
479871,4397502,9.100034404028266
479871,643653,9.100034404028266
479871,2717503,9.100034404028266
479871,68021,9.100034404028266
479871,1165667,9.09397610365586
479871,3421953,9.091596049106197
479871,2561766,9.091596049106197
479871,7687359,9.091596049106197
479871,1567392,9.08957031060091
479871,3894501,9.08957031060091
479871,1296972,9.08516172905272
479871,2412529,9.077247237082894
479871,2817597,9.072474359344472
479871,643649,9.064087015680336
479871,5082995,9.064087015680336
479871,3818258,9.064087015680336
479871,3966440,9.064087015680336
479871,2974712,9.061432905454613
479871,7582347,9.039064801511529
479871,1830484,9.039064801511529
541571,4196991,13.902571307128952
541571,3566492,12.660380972744218
541571,1867074,12.260848868961071
541571,1867075,12.115181955165863
541571,6766868,12.103084182269756
541571,2430788,11.976122845760102
541571,5333112,11.770338127672975
541571,138818,11.758033259913434
541571,3618575,11.587957377158096
541571,2430783,11.543241900458435
541571,2430791,11.459973300020922
541571,6766870,11.459973300020922
541571,3566494,11.454838303759022
541571,7473130,11.411142345790024
541571,3813287,11.411142345790024
541571,8379619,11.384530909202708
541571,5831071,11.29767015199974
541571,6876312,11.282032047137925
541571,4196983,11.282032047137925
541571,479565,11.239642088772376
541571,2611484,11.15581067470462
541571,4196992,11.073220523926405
541571,6806409,11.03238233890418
541571,1867076,11.01682161862682
541571,201819,11.00259700949504
541571,3050891,10.9422278128055
541571,6140331,10.92628287686562
541571,2430787,10.823455254192856
541571,6176821,10.823455254192856
541571,8154220,10.720704121370682
541571,3316468,10.65005353077083
541571,6140984,10.602267975747974
541571,1572005,10.593481088954348
541571,6176823,10.593481088954348
541571,583078,10.593481088954348
541571,8207400,10.593481088954348
541571,6140983,10.564823805212326
541571,43989,10.564823805212326
541571,2430786,10.527643188029971
541571,4920979,10.48212030762064
541571,6384176,10.427313311326877
541571,3813284,10.427313311326877
541571,8082472,10.373076463569989
541571,4196988,10.373076463569989
541571,1867077,10.358746029315828
541571,1867072,10.345597696980544
541571,647138,10.30521830013945
541571,4803264,10.29159754683887
541571,1572011,10.21369921098308
541571,4541823,10.21369921098308
541571,3314259,10.213627674902387
541571,3740113,10.174776036020647
541571,4541825,10.161656249557097
541571,2976813,10.15405908517047
541571,2430790,10.137478645278135
541571,6030773,10.111721636555716
541571,2959730,10.103425198410658
541571,8669639,10.067346709307486
541571,8379620,10.067067845372728
541571,6242581,10.0634062272887
541571,8740886,10.059145356500105
541571,1029607,10.059145356500105
541571,43988,10.033302586438573
541571,425726,10.023078030185474
541571,1688496,10.020148312012923
541571,4541822,10.00866161569384
541571,6140980,9.999763069816785
541571,5731483,9.999035886939941
541571,5898261,9.966447039202567
541571,3261678,9.958682069069432
541571,8469497,9.935459586680448
541571,1688499,9.905840681279319
541571,3494698,9.888772624642638
541571,8085466,9.869156613775475
541571,5279727,9.860205644021967
541571,4965033,9.860205644021967
541571,43981,9.860205644021967
541571,6896944,9.860205644021967
541571,7041811,9.860205644021967
541571,5687719,9.860205644021967
541571,4196987,9.860205644021967
541571,1688497,9.854294539182774
541571,4750919,9.84358459609039
541571,4491068,9.837439636947028
541571,43984,9.771121423069426
541571,6717586,9.770998409763209
541571,6176820,9.763657717226927
541571,8416860,9.741334857421682
541571,3528713,9.739685346205063
541571,544079,9.739309074126147
541571,8154225,9.739309074126147
541571,3494699,9.731390818166004
541571,3316465,9.716089323896997
541571,6186623,9.710363436575747
541571,3494697,9.698684047476213
541571,3494696,9.682467876652602
541571,6306245,9.679965755195392
541571,5713977,9.668982188317827
541571,742720,9.668224917672571
541571,4281904,9.668224917672571
1106007,1334335,15.675097804575838
1106007,5836920,14.318197292425317
1106007,7726655,13.266486896251969
1106007,2143418,13.106623586299802
1106007,3537614,12.798605465024936
1106007,6942456,12.21178318447734
1106007,2384069,11.443730908793114
1106007,7022723,10.958021448978439
1106007,7456197,10.878246454219028
1106007,3672136,10.29255100131746
1106007,5279699,10.167162406552176
1106007,8204463,10.028012038441155
1106007,6147546,9.954663487501193
1106007,2513608,9.840288394378433
1106007,7615110,9.811832117918996
1106007,8204457,9.811696784823
1106007,4089153,9.803851354932702
1106007,2511437,9.748560020962522
1106007,5490903,9.693903735851872
1106007,8348781,9.684608437197928
1106007,1334336,9.65406169200927
1106007,4173709,9.59034468932957
1106007,1334328,9.566364977715843
1106007,2165342,9.46955504874803
1106007,6699898,9.46344457179194
1106007,5490907,9.455722312296494
1106007,7685383,9.445513471861371
1106007,7549317,9.42103466265425
1106007,7628460,9.406035604514821
1106007,4004166,9.26519770069379
1106007,7685380,9.250739763271705
1106007,8204464,9.245784896921837
1106007,6650998,9.230197871075745
1106007,5364287,9.21361037028148
1106007,8199521,9.190261699794906
1106007,8141088,9.176777835871114
1106007,7685384,9.17610839004668
1106007,5315018,9.169437203396143
1106007,7658752,9.140696691542088
1106007,3261871,9.140238614030766
1106007,2464377,9.132501500602208
1106007,125200,9.11213578418084
1106007,1455281,9.107695770197402
1106007,2777112,9.054328069534893
1106007,4000699,9.054328069534893
1106007,6126197,9.036776874476987
1106007,3350802,9.027622464530243
1106007,7638720,9.003552582977237
1106007,5594854,8.999654943907906
1106007,1785018,8.978431798161626
1106007,926884,8.961821959231699
1106007,3390428,8.961821959231699
1106007,1835667,8.961821959231699
1106007,2704004,8.961821959231699
1106007,4001949,8.961821959231699
1106007,1335682,8.958480214213367
1106007,6699897,8.957810633996312
1106007,2960561,8.922357030917397
1106007,5952125,8.922357030917397
1106007,8204461,8.896423130764205
1106007,5594852,8.892454803682359
1106007,2344062,8.892454803682359
1106007,3427763,8.892390486780512
1106007,3174638,8.892390486780512
1106007,8199524,8.892390486780512
1106007,1096440,8.889917185530642
1106007,1335681,8.885691038876237
1106007,2041222,8.885691038876237
1106007,1722475,8.877250788435902
1106007,29022,8.862899629188433
1106007,2503631,8.858076632606373
1106007,8425825,8.84973822478676
1106007,6350385,8.84973822478676
1106007,2452291,8.84973822478676
1106007,148720,8.824026580288622
1106007,3530021,8.824026580288622
1106007,2186171,8.824026580288622
1106007,5971071,8.819518170725198
1106007,6492973,8.819518170725198
1106007,61159,8.809354198241822
1106007,2960563,8.790237299348501
1106007,8799163,8.790237299348501
1106007,4382102,8.790237299348501
1106007,899467,8.790237299348501
1106007,2838747,8.782823374122671
1106007,8344743,8.778698412443687
1106007,8264635,8.770460102212992
1106007,5098774,8.770460102212992
1106007,2777113,8.764530282712284
1106007,6811244,8.75670580554786
1106007,4173710,8.75670580554786
1106007,4173712,8.75670580554786
1106007,7170194,8.756451874084055
1106007,1918089,8.736284666787453
1106007,1193879,8.730238267252302
1106007,1646610,8.723429160010555
1106007,8204460,8.723429160010555
1106007,2623990,8.719022934160282
1106007,8141089,8.719022934160282
1106007,447325,8.718022493611668
60235,4289596,25.093272717656298
60235,4292611,24.869605729060858
60235,2033966,24.13362124938491
60235,7647373,23.986215089459183
60235,6373390,23.699916462390032
60235,4289600,23.145118162048647
60235,8310903,23.091442558011558
60235,1527093,23.01625123961817
60235,4289597,22.957200672721008
60235,4291626,22.898578858762207
60235,8036857,22.723461508865455
60235,1803403,22.58067398392093
60235,1787104,22.24518570631438
60235,6447025,22.190162186825752
60235,1787100,21.984734889636428
60235,3620540,21.970216796123214
60235,7301139,21.956662506427342
60235,6014619,21.689889551651795
60235,1312851,21.65685994310627
60235,6570995,21.615111813016682
60235,1419394,21.596401906365838
60235,5900792,21.519592529163056
60235,5857161,21.40747531007596
60235,5857163,21.391819202761134
60235,7389159,21.28188305515082
60235,5857162,21.25823546783787
60235,8310900,21.174590664653255
60235,6027186,21.1077934114365
60235,3231721,21.0723921736326
60235,8310902,21.019434063712822
60235,196163,20.996292614536312
60235,8612380,20.990221990371627
60235,1771395,20.915938117322973
60235,485093,20.915938117322973
60235,8314561,20.89946397335393
60235,1787106,20.708682575689842
60235,1793872,20.708215108206566
60235,485095,20.564808516409876
60235,5581203,20.20868974591436
60235,3231717,20.178904034985237
60235,4699393,20.16240763211949
60235,6570997,20.05383378234102
60235,8035016,20.000473092122274
60235,2433126,19.878157247404822
60235,3231720,19.841153259466726
60235,1787102,19.79684212618993
60235,5893464,19.779215574896924
60235,5893459,19.51245178719403
60235,4007851,19.39262510189058
60235,5620015,19.371203517478772
60235,3165518,19.229727765992077
60235,4552456,19.229523329498118
60235,6597503,19.05629941605722
60235,2336371,19.054318230468972
60235,3231713,18.89704505559781
60235,1319496,18.717584136870236
60235,3620537,18.706709485466885
60235,3620536,18.65653214905297
60235,5464235,18.599181599477202
60235,3214999,18.599181599477202
60235,8314563,18.516739070701593
60235,5841942,18.470390875217433
60235,5857159,18.460859617655515
60235,4634343,18.435338040073084
60235,6107034,18.42177575549226
60235,4571528,18.383443206451936
60235,1535211,18.279074784716947
60235,2528926,18.185166486933365
60235,228141,18.161375862849233
60235,1787103,18.150478220931856
60235,8038226,18.148267081634692
60235,4608342,18.1365028797311
60235,4626844,18.13082089541865
60235,6179825,18.000735151902532
60235,4778407,17.99517038964288
60235,1928431,17.992590899285744
60235,8035020,17.953243810183828
60235,485094,17.919533675847337
60235,5523642,17.8616628108729
60235,8038227,17.84978145081116
60235,5468194,17.820672281376773
60235,5523640,17.73325431089186
60235,830482,17.725788186645836
60235,4634346,17.71256919733953
60235,5630536,17.697155288864874
60235,8310901,17.68482362607721
60235,4556913,17.6041021646689
60235,1892419,17.594709114312902
60235,4336402,17.553846361353354
60235,4256751,17.513676159644845
60235,2528919,17.504232042338465
60235,1527091,17.478454400705104
60235,4552451,17.461132884681135
60235,2021479,17.436459392442064
60235,2021478,17.422453986619598
60235,4016624,17.413084097612646
60235,4615148,17.37375970161733
60235,4615145,17.363771692634636
60235,1535217,17.363771692634636
60235,3028210,17.352277181020046
180442,2784247,23.04087025017415
180442,5139589,21.001147819095223
180442,5139591,20.53366599953795
180442,5139590,19.937690375632663
180442,5139592,18.21790602279892
180442,94164,18.018204610334976
180442,2784241,17.899021859524982
180442,94167,17.738098415207393
180442,5139595,17.631552175763176
180442,2784245,17.329556792783382
180442,1776679,16.955117398563544
180442,3316088,16.451751368571735
180442,321845,16.25787463646689
180442,147379,16.02477422148139
180442,321849,15.94278620743238
180442,2784246,15.738710968709064
180442,5139593,15.718668261536038
180442,7923186,15.66851628252592
180442,7122834,15.53176561013371
180442,94163,15.337060614166399
180442,2785377,15.256993083874786
180442,7327659,15.077758358220677
180442,7125034,15.068572049381801
180442,5902308,14.950644013637667
180442,4999656,14.939858276675576
180442,5139594,14.819082142607204
180442,8007382,14.751898940314197
180442,3428116,14.642115973398488
180442,7189024,14.642115973398488
180442,7327661,14.558815452948771
180442,7923181,14.499495088435559
180442,2214217,14.480552387943858
180442,1632459,14.480552387943858
180442,7125368,14.480552387943858
180442,7126466,14.480552387943858
180442,56273,14.35334683493728
180442,246649,14.322515330071939
180442,257376,14.322515330071939
180442,8067539,14.287127551327675
180442,8466413,14.197797550718008
180442,2348059,14.164997248307245
180442,2726927,14.150722647515975
180442,3847920,14.130921474163726
180442,1087900,14.12426640410188
180442,3412959,14.115780649669377
180442,7747663,14.058929111241627
180442,5550305,14.026197275294798
180442,7923185,14.025649582450804
180442,7901728,14.01785869632058
180442,6615748,14.016568811312965
180442,2576947,13.968365019114158
180442,8164353,13.953705564686143
180442,2558248,13.942113643434823
180442,481747,13.913133633514573
180442,6230401,13.903139068588304
180442,7327666,13.876402431834315
180442,1167685,13.840665469876434
180442,5584877,13.827247683066318
180442,8711066,13.808229788833058
180442,1298334,13.800678013663195
180442,3847363,13.79555137030299
180442,4679437,13.79555137030299
180442,8068695,13.723419710807255
180442,1569225,13.677430455952578
180442,747209,13.624838720576193
180442,8279045,13.624838720576193
180442,7549474,13.61790632758328
180442,8379292,13.609943059438471
180442,2567850,13.581395866192274
180442,5098627,13.581395866192274
180442,7088678,13.536272550415422
180442,5641292,13.531545331824507
180442,5452532,13.52882131871462
180442,4390640,13.525960151856438
180442,5474737,13.442281524235263
180442,2501828,13.406340572015047
180442,7287904,13.406340572015047
180442,7726461,13.37378761968688
180442,7409086,13.305988185264955
180442,2634632,13.305988185264955
180442,7862611,13.294833943198448
180442,7923183,13.294833943198448
180442,3542298,13.294038197507845
180442,8164360,13.25811636699347
180442,2034575,13.238872712236788
180442,5697751,13.238872712236788
180442,8225804,13.234117551645287
180442,2438468,13.207690510217066
180442,1097985,13.207690510217066
180442,5043508,13.204860961610763
180442,2945038,13.189809586034261
180442,4593680,13.172430902830008
180442,4399218,13.130465248665498
180442,6746842,13.1264999265947
180442,13399,13.119627519000707
180442,5152900,13.106652664965267
180442,7468079,13.106652664965267
180442,94168,13.10368550382561
180442,5175310,13.10342741117942
180442,2214757,13.088619385334868
710347,6742354,16.166607815633174
710347,4553943,15.98835584061925
710347,952248,15.53135486232407
710347,4553948,15.165873546238442
710347,2022387,15.116433743766356
710347,6573124,14.626067608249745
710347,952255,14.357703114419
710347,224525,14.303078902383287
710347,6264174,14.287900688400518
710347,1976092,14.26819743057943
710347,1439113,14.227158415627805
710347,7568985,14.208772210402241
710347,5215003,14.179847838484132
710347,5722268,14.092631182180279
710347,5722267,14.006524941932696
710347,455362,13.921507211885999
710347,4327099,13.772018631037827
710347,6264170,13.756149278298704
710347,4617730,13.672774789882254
710347,1011075,13.665140252434707
710347,1011074,13.636445606537212
710347,1483231,13.51201986182464
710347,952254,13.509044688792052
710347,2022385,13.433104963813118
710347,6721335,13.276853933092793
710347,1817948,13.163726187874929
710347,2325363,13.090870313105807
710347,6264172,13.080710666882604
710347,8353769,13.052510004158126
710347,5401098,12.8583069840925
710347,7419568,12.487705194265967
710347,4553944,12.422773366398722
710347,6264169,12.096155160110802
710347,6742355,12.073543684136036
710347,5190968,11.942616475567135
710347,4617725,11.942616475567135
710347,3740486,11.851005020443324
710347,7419567,11.7607883633503
710347,5876546,11.67193489093584
710347,6367426,11.584413938047202
710347,1240993,11.413251461085892
710347,8451312,11.329553037876988
710347,7705546,11.2470732728545
710347,7705548,11.2470732728545
710347,4327102,11.219469638887166
710347,5022296,11.16578574268722
710347,7705543,11.16578574268722
710347,7705545,11.085664782454561
710347,5361733,11.085664782454561
710347,7419563,11.006685458630272
710347,7705547,10.928823543212804
710347,6367424,10.852055488945979
710347,6484516,10.829436612432739
710347,1837260,10.813514081559326
710347,1837259,10.785549246509355
710347,244450,10.773749081765631
710347,1886547,10.507189386206967
710347,5401094,10.483843722761115
710347,5342053,10.441732644600659
710347,224523,10.409309156514842
710347,1674498,10.409309156514842
710347,3440208,10.351470618470268
710347,1011077,10.286526530047787
710347,3990147,10.172733948412231
710347,1674500,10.131739439053131
710347,3456232,10.095815631088792
710347,3456234,10.035369289258835
710347,6264171,10.020051777816715
710347,6996113,10.005416739485455
710347,1439119,10.002240685466967
710347,2372367,9.978422184779342
710347,2372368,9.960506593179906
710347,1537163,9.944001533935584
710347,4128786,9.93162504602707
710347,3456233,9.892547036616687
710347,1723206,9.892547036616687
710347,4085314,9.892547036616687
710347,7717409,9.892547036616687
710347,952256,9.892547036616687
710347,6484511,9.858296534381072
710347,6181240,9.853775342781242
710347,6046669,9.853775342781242
710347,2343617,9.824884883662069
710347,5621644,9.815306376968866
710347,3440209,9.805125360186823
710347,2372365,9.781876646587694
710347,1640444,9.781876646587694
710347,7419569,9.777136607432787
710347,4327100,9.769053314967717
710347,7717414,9.739262557150456
710347,8057636,9.730441168046482
710347,1439112,9.723714525530498
710347,4185619,9.71544016103974
710347,3456231,9.701680802767703
710347,3990150,9.67427867499862
710347,6046672,9.590655865004788
710347,8490212,9.590655865004788
710347,1837264,9.56828990700966
710347,8057637,9.554210098437201
710347,6046671,9.554210098437201
1124210,8026740,13.538131761943244
1124210,2258595,13.02843371532489
1124210,1689639,11.813740487855556
1124210,8087702,11.720546365035734
1124210,8026743,11.54073044118961
1124210,2258594,11.52435475477542
1124210,2258598,11.457509518857256
1124210,2258596,11.283510081277884
1124210,8026735,11.050903043127937
1124210,6636931,10.820981440877746
1124210,2258591,10.778040385457132
1124210,2728448,10.654722347117293
1124210,6720368,10.654722347117293
1124210,7443586,10.60043219301531
1124210,522219,10.493494923714996
1124210,931165,10.388693674770694
1124210,8026737,10.285965080072197
1124210,2258597,10.26006089223801
1124210,2650269,9.801361287378837
1124210,2258592,9.716944763908264
1124210,931162,9.709868865575283
1124210,2608221,9.688702867989193
1124210,4535489,9.599292022493387
1124210,7806221,9.51151631840144
1124210,2685123,9.425331307065298
1124210,7695217,9.23570187125224
1124210,8355477,9.175899468879399
1124210,131190,9.095663629777897
1124210,6507996,8.95734458597393
1124210,4002456,8.918943099109946
1124210,7203360,8.863160073690974
1124210,7443588,8.863160073690974
1124210,2461683,8.805689147711114
1124210,2494577,8.805689147711114
1124210,522220,8.7882780209197
1124210,2258599,8.768574298399464
1124210,1244877,8.71465067734489
1124210,1280828,8.64224676947582
1124210,5941717,8.64224676947582
1124210,6255796,8.623191714168659
1124210,2433603,8.57103605457576
1124210,8802909,8.500989278542832
1124210,2494574,8.500989278542832
1124210,6620551,8.500989278542832
1124210,943794,8.482551377645787
1124210,6541864,8.448105188921998
1124210,4616435,8.364275231354643
1124210,6541866,8.346424980719853
1124210,6636936,8.297554044092713
1124210,8492305,8.279987138753931
1124210,7224102,8.231888892584712
1124210,6146809,8.167254901930374
1124210,2258593,8.150234816301763
1124210,3263727,8.118429661126298
1124210,2958020,8.103627972380238
1124210,4174699,8.103627972380238
1124210,92049,8.103627972380238
1124210,8026738,8.040984749375003
1124210,5664148,8.02448634325763
1124210,6233255,7.979302594963891
1124210,4942992,7.979302594963891
1124210,7806222,7.979302594963891
1124210,8406413,7.918559560528455
1124210,2433604,7.918559560528455
1124210,181175,7.918559560528455
1124210,2399822,7.918559560528455
1124210,2433601,7.918559560528455
1124210,8828525,7.858734360742845
1124210,2753148,7.799806348705611
1124210,3225197,7.755263638537164
1124210,181177,7.741755492182004
1124210,4303129,7.741755492182004
1124210,3289568,7.741755492182004
1124210,8355483,7.741755492182004
1124210,8547690,7.684562350899361
1124210,3466956,7.669492765986637
1124210,6498977,7.628208054841505
1124210,2433609,7.628208054841505
1124210,2070515,7.572674283491258
1124210,2089544,7.572674283491258
1124210,7443583,7.463997662050652
1124210,4648414,7.37059859038313
1124210,7224093,7.358396178875151
1124210,8558068,7.358396178875151
1124210,8650639,7.358396178875151
1124210,3517427,7.255741132633742
1124210,8650642,7.205480254398456
1124210,6541868,7.0941274544398585
1124210,2451197,7.058790480462925
1124210,3162331,7.011212197638642
1124210,347571,7.011212197638642
1124210,2806527,7.011212197638642
1124210,3228226,6.782627861840818
1124210,2294008,6.730930640143222
1124210,6737733,6.695313782011116
1124210,3242758,6.652494358967618
1124210,6181091,6.568477853950091
1124210,6891517,6.568477853950091
1124210,6891518,6.527260411475136
1124210,4648416,6.486557025242711
287683,8299551,37.45983562355182
287683,6915201,24.438174345806715
287683,6915200,23.540273478669896
287683,6915198,23.0479099953326
287683,3162044,22.910239853787317
287683,3162040,22.71493172104051
287683,6915202,20.715818851088255
287683,3162039,20.63320716050297
287683,4688614,20.563762361751696
287683,6550734,20.423491586964804
287683,8299547,20.25137757729717
287683,7984227,19.850128985354452
287683,6550728,19.744447267518456
287683,8299548,19.388134711134654
287683,6550731,19.32722297272355
287683,4688610,18.65353482315689
287683,3395117,18.57248881042493
287683,8036708,18.519520512901728
287683,3162041,18.49808135217023
287683,662955,18.379679498924176
287683,1431871,17.968109987291733
287683,6550727,17.966963549124564
287683,7496643,17.85423951779943
287683,6550730,17.839313722883297
287683,6915205,17.803440329840722
287683,8299549,17.620401450000692
287683,3162046,17.593599838207943
287683,8036713,17.422278432307415
287683,4537853,16.918846628301434
287683,6378119,16.91564891143931
287683,2338521,16.850055772967195
287683,8677802,16.657812183507332
287683,7496640,16.5864694895324
287683,6293510,16.401735725920496
287683,4330419,16.288792532557913
287683,6915204,16.20865290255425
287683,1207649,16.165110023013252
287683,2500104,16.109999659598287
287683,3685475,16.014076115800407
287683,8799898,15.832100486808592
287683,6550735,15.827164926848377
287683,3781322,15.810871191565033
287683,3660575,15.7997681491287
287683,2526015,15.770883719045884
287683,3023962,15.697703331301337
287683,2859076,15.620192100042543
287683,4616573,15.620192100042543
287683,6915199,15.61194513877399
287683,7483892,15.603992072868046
287683,558571,15.585727737010428
287683,7483890,15.490576088072075
287683,7036002,15.455374213929169
287683,3095446,15.377209012980305
287683,2580971,15.33472399846034
287683,7812647,15.282982707515393
287683,4422355,15.27219032658595
287683,2432416,15.25769995283311
287683,7118866,15.116745072252796
287683,8216022,15.05349912822043
287683,7266462,15.027918041878646
287683,6077384,15.00746072160547
287683,4834406,14.963815785641238
287683,5225376,14.870400616345021
287683,7118864,14.841219431384275
287683,3186446,14.7986925012058
287683,3052232,14.795578348000703
287683,8409366,14.786914381405554
287683,6100394,14.735855799103296
287683,4626435,14.724333591797269
287683,453132,14.721328396451884
287683,2281713,14.639397230923024
287683,8196939,14.570626066196924
287683,4383598,14.567261346926998
287683,4894852,14.530899296727515
287683,8259002,14.514822041343928
287683,3781321,14.43934695357802
287683,1466993,14.36819583275662
287683,3765911,14.361666454982288
287683,2859072,14.354105711967534
287683,5094933,14.354105711967534
287683,1154171,14.298869710729779
287683,2088919,14.243806055040722
287683,3068952,14.230859237683301
287683,589294,14.198298038742152
287683,7826999,14.1870217548589
287683,5274929,14.164581673033453
287683,1734615,14.163552906733637
287683,8775540,14.144472301047728
287683,2339814,14.107093724914286
287683,6192843,14.09484802996026
287683,5624716,14.079258713048175
287683,4616568,14.079258713048175
287683,5333490,14.061748342562877
287683,1927534,14.035647068538331
287683,8400845,14.028128482449631
287683,8677804,13.97253117413131
287683,7738277,13.944391255596699
287683,6606214,13.931316399620101
287683,2690505,13.917490945627147
287683,3720750,13.915855216499665
490595,1929910,19.126981900939796
490595,1288938,18.228362996008563
490595,3572695,18.072369852468704
490595,4842897,18.064079829511847
490595,7839904,17.86444401955184
490595,7839906,17.797383390246
490595,1288943,17.13600590243798
490595,3937200,17.016606953890246
490595,4737060,16.93979956775641
490595,8485139,16.82973222294831
490595,805046,16.72381969467877
490595,4737067,16.694427618150907
490595,3572698,16.69230703073888
490595,7839907,16.646220258407034
490595,1194055,16.646220258407034
490595,4842894,16.56935227573215
490595,3937197,16.476580727382416
490595,5359212,16.45547111993569
490595,2788470,16.313852899604147
490595,3572701,16.204473286346577
490595,4763070,16.17469924369024
490595,6412650,16.10602621915171
490595,3403268,16.074132494436547
490595,2850740,16.072400105042593
490595,5112294,16.017043952337744
490595,1894652,16.001149480716418
490595,4737065,15.960648534554576
490595,1929911,15.872370092504408
490595,4737064,15.762466310814453
490595,1288940,15.700366726705784
490595,1620438,15.61346434660494
490595,1894653,15.587159233496786
490595,4842891,15.577316545542615
490595,4737063,15.510565954772495
490595,4737059,15.50173678224309
490595,7698193,15.416465371097658
490595,4737068,15.388048318003783
490595,5247999,15.365080845974969
490595,4292443,15.322498169178225
490595,6742119,15.265339333791982
490595,3937204,15.203403154697108
490595,526093,15.160151822972104
490595,5247992,15.136194713923164
490595,2507917,15.077452233047445
490595,549465,15.054032524984205
490595,4842889,14.967561306435961
490595,1894656,14.967561306435961
490595,4737066,14.949557322697267
490595,805051,14.919431356118835
490595,805048,14.845870475721718
490595,8485138,14.829580727764661
490595,549466,14.77513409864477
490595,5359213,14.77513409864477
490595,7385093,14.766558463867543
490595,4842896,14.749342018311179
490595,6976960,14.62311803833498
490595,7598980,14.604720395732501
490595,4420107,14.568302380041409
490595,6206562,14.5618887874281
490595,5633631,14.549855868926283
490595,4763065,14.541961323715345
490595,1473259,14.534253049650385
490595,6742115,14.435923295534444
490595,7839903,14.434926574638155
490595,7839905,14.235338238900905
490595,1288946,14.23469721204576
490595,6845345,14.178104522675866
490595,6976956,14.17767600766366
490595,5633627,14.12532731810182
490595,7340532,14.089561720344328
490595,3403265,14.089325508693367
490595,7839908,14.041435156739958
490595,1194060,13.994084676003446
490595,2197786,13.975604367709838
490595,1530274,13.975604367709838
490595,3845163,13.940701953930908
490595,8709994,13.92473654435541
490595,5128293,13.918042096438205
490595,7072536,13.918042096438205
490595,3833409,13.898744422177773
490595,4133272,13.873747090870605
490595,1288945,13.852968813113328
490595,7839911,13.841311130205753
490595,5488538,13.831939294068412
490595,4604269,13.76551466006547
490595,7704024,13.760700807586407
490595,4737061,13.691904186610145
490595,3403266,13.61484588779544
490595,8544459,13.583940009791327
490595,7698194,13.579955461131686
490595,7072535,13.524853357839692
490595,3833413,13.482039530988681
490595,4842890,13.423680181645356
490595,805049,13.40778293799093
490595,8485141,13.404484365586956
490595,6618152,13.404484365586956
490595,1160847,13.34501434779212
490595,2746804,13.286239002238784
490595,1652460,13.26730003756236
490595,5248000,13.26730003756236
291865,351013,15.067459956516508
291865,683071,14.340265245544787
291865,8260118,13.729824339216336
291865,4573519,13.556364731194236
291865,3588265,13.54979585401718
291865,3588264,13.45575086897563
291865,4946823,13.441870838496303
291865,2310985,13.179703040913385
291865,8719980,12.854359300107234
291865,5289235,12.617831319108529
291865,1617275,12.60027555802461
291865,5933264,12.539294067318588
291865,1212060,12.473842158764157
291865,6037992,12.365414244220862
291865,2105835,12.336283396037992
291865,3308318,12.320529787829825
291865,3357934,12.243712311418921
291865,3452035,12.174238290760773
291865,2819365,12.174238290760773
291865,7702979,12.174238290760773
291865,4664217,12.05769256472778
291865,5418781,11.997123247222476
291865,3947061,11.993799389290087
291865,4219903,11.96248572654629
291865,8679765,11.875770844529828
291865,8328043,11.809088571932872
291865,6135196,11.767889074453702
291865,6037991,11.721198222388793
291865,4219899,11.647595946847403
291865,5454157,11.634606473706995
291865,6135198,11.61731226672888
291865,2664138,11.514658677935927
291865,3308326,11.507000293865602
291865,666891,11.489986631652624
291865,5909719,11.481227471637064
291865,3308321,11.47445556072375
291865,8163514,11.465205332307638
291865,5326113,11.45744444681155
291865,3588261,11.373223942342747
291865,249423,11.343878007273577
291865,7966553,11.300666394939851
291865,1667720,11.273984285963998
291865,3452031,11.273984285963998
291865,3308319,11.261010138660437
291865,2493295,11.257926780573442
291865,5289238,11.247285919184002
291865,3755574,11.204983327842472
291865,5933263,11.163840862145884
291865,8575037,11.138647820373455
291865,3665621,11.119861536301583
291865,4070590,11.112820770526666
291865,7644029,11.077863382505804
291865,8260123,11.045479178078438
291865,351018,11.01230975855844
291865,8260120,11.00316198141619
291865,6769969,10.985633927794506
291865,7205236,10.937559390478757
291865,7665993,10.937559390478757
291865,8423298,10.83976528756754
291865,6595255,10.83976528756754
291865,7432323,10.808993977103317
291865,6995300,10.754690425704455
291865,145055,10.745482555153313
291865,666896,10.745482555153313
291865,1055956,10.738800281287237
291865,428725,10.72683334846313
291865,8260119,10.683083560804388
291865,2218077,10.635711679290644
291865,2796586,10.62075740372985
291865,4702314,10.615138650496231
291865,3652820,10.592083613519941
291865,5204250,10.59136710824118
291865,772295,10.577082103021189
291865,2223910,10.544068588449708
291865,1617274,10.543961369092267
291865,772294,10.504204646419932
291865,7966551,10.500146699160313
291865,5015985,10.499000996577841
291865,4009365,10.484825208195653
291865,6858120,10.40461551225216
291865,2105836,10.381753833564932
291865,7202272,10.33242450608629
291865,428723,10.33242450608629
291865,7867029,10.33242450608629
291865,3392290,10.323588220757838
291865,2520174,10.323588220757838
291865,1503795,10.309947992525068
291865,3142660,10.26609337208116
291865,2877615,10.263964814479262
291865,7202267,10.262566079224989
291865,4291282,10.236701362839156
291865,483682,10.219213432855815
291865,4474280,10.209257330690528
291865,2143302,10.19368173367685
291865,7011930,10.153621271860858
291865,3582803,10.153068432252098
291865,8008606,10.153068432252098
291865,8423300,10.150483493004254
291865,5326111,10.150483493004254
291865,3357930,10.136368849483732
794725,8771934,17.395849307555455
794725,8771939,16.67416239416258
794725,8771940,15.656525638173948
794725,8771942,14.718331002580664
794725,5925952,11.662646843824978
794725,8771941,11.392180656497862
1103812,8220086,24.86311215957062
1103812,3843267,24.087504875727006
1103812,1659850,23.678878765150788
1103812,1659852,22.895417287797386
1103812,8220089,21.788390168166096
1103812,6289840,21.495225733736444
1103812,4401695,21.3273158048653
1103812,2332189,20.167053991198816
1103812,3843263,19.394720975413215
1103812,3672744,19.391234314607757
1103812,2360676,19.3517383485261
1103812,8293805,18.550981130831314
1103812,2945096,18.43640847120802
1103812,6103245,18.071222575186525
1103812,1583317,18.051822126232405
1103812,7507311,17.553908953030387
1103812,59539,17.51979206775427
1103812,4706127,17.312428020092405
1103812,8220081,17.130547445974855
1103812,3559148,17.00085048399841
1103812,1059165,16.72252588864857
1103812,2283,16.688892815837725
1103812,3591094,16.663389063965624
1103812,4824831,16.626857229442578
1103812,8220085,16.579753993344728
1103812,4355090,16.546692199339827
1103812,3682762,16.546692199339827
1103812,8220087,16.461260911091347
1103812,4549840,16.37688087088771
1103812,1101246,16.269439024443137
1103812,3940091,16.23232305672789
1103812,5190505,16.21292081198278
1103812,2177872,16.134267689662092
1103812,4780685,16.134267689662092
1103812,5372067,15.975352828397606
1103812,2746387,15.927137311352148
1103812,2810815,15.870553144975347
1103812,3191301,15.870553144975347
1103812,4271423,15.870553144975347
1103812,2177875,15.870553144975347
1103812,6533344,15.848128462113097
1103812,4586998,15.795760169648435
1103812,3843271,15.79354656970818
1103812,4645341,15.687635056051844
1103812,5035852,15.533182235719748
1103812,2752967,15.533182235719748
1103812,8138912,15.49075855941453
1103812,5130625,15.49075855941453
1103812,8138914,15.49075855941453
1103812,6759675,15.475540963501935
1103812,8224183,15.399605472356297
1103812,6766006,15.378477857665715
1103812,6052153,15.368167853482095
1103812,7971193,15.368167853482095
1103812,4292848,15.334357710152954
1103812,8220080,15.27818674822553
1103812,4831577,15.263697477581992
1103812,2972402,15.24750222857175
1103812,1993364,15.24750222857175
1103812,6129977,15.24750222857175
1103812,3672742,15.222622259466855
1103812,4015690,15.128716692701728
1103812,3708772,15.128716692701728
1103812,5980975,15.128716692701728
1103812,8157968,15.128716692701728
1103812,2360674,15.07050954147864
1103812,5971389,15.07050954147864
1103812,1292707,15.0117676450907
1103812,4680854,15.0117676450907
1103812,6159344,14.994942069423246
1103812,4726841,14.910159591652
1103812,1044558,14.896612822798547
1103812,3843270,14.896612822798547
1103812,6052144,14.896612822798547
1103812,8759610,14.890093786478456
1103812,5974245,14.819948969763225
1103812,8224181,14.815578017983132
1103812,660292,14.783211249804221
1103812,2703111,14.725812568152737
1103812,3486832,14.721146061441381
1103812,955560,14.717619220743707
1103812,2884935,14.644076397291805
1103812,2859496,14.64315107447272
1103812,2563528,14.628330633095906
1103812,3773618,14.59555212841358
1103812,1101240,14.561510092725001
1103812,3843266,14.561510092725001
1103812,2092411,14.453134564491524
1103812,38158,14.42872496173673
1103812,3427323,14.3821572932894
1103812,3514336,14.3821572932894
1103812,8220088,14.34636031051789
1103812,1736597,14.34511474793112
1103812,8084238,14.244979438621328
1103812,1292712,14.241152102246017
1103812,1776825,14.241152102246017
1103812,7430767,14.217320709568853
1103812,2859495,14.217179134543233
1103812,8375352,14.215132286246455
1103812,3672738,14.19755297372727
436600,8473863,21.87773760651023
436600,3813285,21.39958727517992
436600,4541820,21.151897563090753
436600,3050888,20.824082716540367
436600,2498264,20.60306694979495
436600,2925061,20.106475673633717
436600,3943290,20.006623349617456
436600,43980,20.006623349617456
436600,8473865,19.983730396626935
436600,2498263,19.660571915922596
436600,1662519,19.4208494814536
436600,2267986,19.417712138884358
436600,2538721,19.382672472447744
436600,2498267,18.860850313171092
436600,7990247,18.7756130707795
436600,4675582,18.732249471153168
436600,3619643,18.654528664547215
436600,2267981,18.628034262152795
436600,4450189,18.34771520061176
436600,3050889,18.34655414030572
436600,6140978,18.299300464256746
436600,3498519,18.17599097190081
436600,174336,18.05845233905037
436600,174342,18.05845233905037
436600,7990254,17.831387166280713
436600,2366559,17.76270308733686
436600,5058933,17.64287478966268
436600,2498269,17.541782650605366
436600,253552,17.48407995374228
436600,174338,17.37628880239668
436600,4435279,17.303136988583923
436600,3450493,17.2990230680681
436600,4450195,17.167513328419744
436600,2267987,17.149517882188974
436600,174337,17.1176391890385
436600,253554,17.038637377157034
436600,2216106,17.015279152778984
436600,2895676,16.98807382351936
436600,3450494,16.925453424015252
436600,2267989,16.90092892467098
436600,3498516,16.893151879154043
436600,7484819,16.866369255001317
436600,43988,16.846916034637502
436600,6306245,16.786913094510073
436600,174334,16.782102416415714
436600,2267985,16.740012603879503
436600,4450190,16.682876200914464
436600,3621571,16.654345651575653
436600,3498524,16.607875053496716
436600,7505882,16.568339282053948
436600,7990249,16.533177693351913
436600,8473869,16.503494461409197
436600,3874845,16.49813638765305
436600,7267823,16.371290194525262
436600,174341,16.358244092580097
436600,7484815,16.29849427882566
436600,3050891,16.22694518274716
436600,6176825,16.22694518274716
436600,7267818,16.134317214415596
436600,1751703,16.118630771944222
436600,486133,16.07788605846834
436600,486137,16.020835849002857
436600,43983,16.007063868504066
436600,7484817,15.899855955852821
436600,8205931,15.899855955852821
436600,43984,15.871522130115498
436600,1230273,15.83230046214532
436600,2267984,15.753633179247691
436600,1230270,15.72976015734868
436600,5058930,15.628598461124916
436600,8473867,15.604737458832094
436600,2705664,15.522793558050363
436600,3498525,15.459158653324401
436600,253556,15.384290487123398
436600,4756281,15.361233626695416
436600,1230269,15.33310150186652
436600,7990248,15.331768311336651
436600,5942360,15.223039811829393
436600,4541826,15.203534191311796
436600,8354199,15.187698743432954
436600,4857615,15.088187464219626
436600,6768410,15.071801341647507
436600,2255510,15.045261098327963
436600,8576242,15.013793526808628
436600,1230271,14.956751722194383
436600,2267988,14.911230955692858
436600,7484814,14.902433043415172
436600,253557,14.880173209538047
436600,6711875,14.880173209538047
436600,5363972,14.787447946967994
436600,1230272,14.775693285821221
436600,3104994,14.741855835168723
436600,4769017,14.741855835168723
436600,2705662,14.714387483368032
436600,5474032,14.714387483368032
436600,489735,14.711507976415586
436600,174339,14.686862257479955
436600,2705658,14.658234817000285
436600,2235564,14.628100930912371
436600,2705665,14.58602057452276
1047259,3430141,27.684511566214166
1047259,900397,25.918151494319083
1047259,2516631,24.946835801370753
1047259,8272102,22.71920171240312
1047259,73659,22.63351695419812
1047259,73658,22.339849910801256
1047259,8272104,22.132680679286764
1047259,900401,21.975271085363175
1047259,2753185,21.945670785865467
1047259,1960977,21.71354034231134
1047259,3430142,21.252176277202715
1047259,6936163,21.066078066115935
1047259,73663,20.846494869625683
1047259,8272097,20.595755803724586
1047259,3430144,20.490274561443936
1047259,6936162,20.04928882405338
1047259,3430136,19.644404781059748
1047259,73665,19.58742109174416
1047259,6936158,18.64391939054794
1047259,1468935,18.12601211204656
1047259,73662,18.082433938794907
1047259,6936160,18.070843609795748
1047259,3534454,17.65358060082319
1047259,1468936,17.64632557660366
1047259,3534449,17.63811357723926
1047259,4887857,17.63811357723926
1047259,8272101,17.492022693872755
1047259,6936157,17.327432871226296
1047259,8715869,16.93042694428507
1047259,3534453,16.900884293776844
1047259,8715867,16.83410262636422
1047259,2648999,16.759290319205956
1047259,4675273,16.759290319205956
1047259,8272095,16.652428194628538
1047259,3430140,16.620049154281546
1047259,5128918,16.620049154281546
1047259,8272103,16.483102638691328
1047259,4606170,16.348394513383212
1047259,3136841,16.348394513383212
1047259,900404,16.348394513383212
1047259,8475866,16.215870343504815
1047259,5097978,16.215870343504815
1047259,1960978,16.215870343504815
1047259,3430138,16.215870343504815
1047259,3087033,16.08547744506091
1047259,900400,16.08547744506091
1047259,5097976,15.957164815081178
1047259,1468937,15.83088306510373
1047259,2614332,15.706584357792273
1047259,3239543,15.584222346515961
1047259,1468938,15.463752117731602
1047259,5097973,15.463752117731602
1047259,73656,15.463752117731602
1047259,1468934,15.463752117731602
1047259,5097979,15.345130136017833
1047259,2516629,15.228314191619798
1047259,3430139,15.113263350371737
1047259,73660,15.113263350371737
1047259,3434873,15.113263350371737
1047259,8272100,14.999937905872502
1047259,73664,14.999937905872502
1047259,4180287,14.999937905872502
1047259,25321,14.563136436408676
1047259,3430137,14.563136436408676
1047259,4887855,14.45788226372875
1047259,3534456,14.45788226372875
1047259,73657,14.354138609981916
1047259,73661,14.354138609981916
1047259,5097975,14.251873190294074
1047259,7258838,14.251873190294074
1047259,8272096,14.251873190294074
1047259,8272098,14.251873190294074
1047259,2516630,14.051652449214238
1047259,2610520,14.051652449214238
1047259,2516627,13.953636998776588
1047259,8272099,13.856979464099588
1047259,2516628,13.667626808259758
1047259,2974858,13.483379318376056
1047259,8563479,13.043784963089086
1047259,900405,12.47440619057016
1047259,3239539,12.397099038942414
1047259,1060426,12.24532409873763
1047259,1960970,12.170821759962294
1047259,2939075,11.952656638251849
1047259,900403,11.215506836197193
1047259,6388392,11.197010002415695
1047259,3042615,11.184667472076287
1047259,7208555,11.1529766936155
1047259,1960972,11.01704317904881
1047259,3447366,10.93168893596527
1047259,6641636,10.84764708452749
1047259,7744020,10.68811606569154
1047259,7544833,10.524016283040558
1047259,6388387,10.524016283040558
1047259,5863885,10.524016283040558
1047259,1821579,10.495286435077288
1047259,1713329,10.42776770350465
1047259,3447362,10.40757814567616
1047259,1960976,10.392898685944374
1047259,7792749,10.23955450090871
964223,8484204,20.761932343576557
964223,4368607,20.729765761275765
964223,7257075,20.542082720351754
964223,4835293,19.63137338447022
964223,3164036,19.496164988462155
964223,6103530,19.35012914569604
964223,3164040,19.24838747342845
964223,3811563,18.962758304657974
964223,7583485,18.926134533093393
964223,194195,18.790240331218772
964223,74637,18.784513399730578
964223,3164038,18.673335470506544
964223,6466478,18.5345928325645
964223,4569464,18.523526751498572
964223,2372278,18.229948035096005
964223,74638,17.998695169995298
964223,2900159,17.98289951880919
964223,2438493,17.9033951511595
964223,3038807,17.884254011889116
964223,3425618,17.79991025349454
964223,3729093,17.79715825568989
964223,55407,17.632271227138183
964223,6102706,17.62515006329011
964223,4150688,17.596678812621217
964223,7859997,17.513607500795274
964223,2438593,17.49722339574889
964223,6701074,17.457650146003854
964223,55409,17.398830854876287
964223,4569468,17.332418384377007
964223,5613061,17.301648538343745
964223,1926210,17.28118874787719
964223,3396700,17.216775243774332
964223,8693529,17.13778634790228
964223,1780456,17.13184931057152
964223,2438492,17.110820142204325
964223,1186638,16.576969085142792
964223,7941987,16.515774002048104
964223,2345090,16.412121074912978
964223,5198566,16.282815126688632
964223,5401935,16.143721330056167
964223,5163504,16.055943012575167
964223,6905732,16.055943012575167
964223,2372274,16.030022053255955
964223,3081160,15.955554655927374
964223,3332984,15.913403453131897
964223,6947761,15.884095843257697
964223,6947763,15.817393540016969
964223,8049570,15.758554046538322
964223,6905633,15.643559241571921
964223,2979504,15.622779556212661
964223,8049568,15.551489994151975
964223,7908709,15.536408116432295
964223,2245892,15.531888139496017
964223,2289693,15.503335554249439
964223,1712327,15.343132198140076
964223,4895306,15.33718339779431
964223,6947766,15.154588538138437
964223,2600396,15.138277088672215
964223,5658214,15.138277088672215
964223,1423236,15.048474018817757
964223,2874598,15.03824563651003
964223,3174774,14.933953602434999
964223,6435231,14.920071031752132
964223,7257073,14.680636306784006
964223,37565,14.655589388915303
964223,6102704,14.64581344441773
964223,2384554,14.552639804771523
964223,2589978,14.507491872228107
964223,2319362,14.493788653288458
964223,2158722,14.486274602873046
964223,7742833,14.455383379858139
964223,3525562,14.433713848171417
964223,2319358,14.39548076740844
964223,8693528,14.394590220532372
964223,3250294,14.355748453660745
964223,7768041,14.3128832616771
964223,2822990,14.30005121891886
964223,4012667,14.283644018878524
964223,2508219,14.276817546946965
964223,3298213,14.253237548884304
964223,3001464,14.135452297817501
964223,5126677,14.121922355001137
964223,4569462,14.077299908609636
964223,6947765,14.05759797484064
964223,8485895,14.01963262803307
964223,3479446,13.950604051652569
964223,1301072,13.931498258293235
964223,491284,13.931498258293235
964223,8484203,13.908590811997898
964223,1301069,13.901874811385042
964223,2514717,13.82464704350961
964223,4521100,13.813377413910555
964223,3250299,13.7307476440638
964223,1683754,13.6955856618302
964223,8049569,13.685891676675276
964223,5401931,13.667587864253406
964223,724643,13.656740999915822
964223,2945707,13.643742974615364
964223,2942346,13.605131373848167
964223,7729837,13.572255605215833
564054,1437413,16.978188309162736
564054,5089066,16.914778838538176
564054,1131876,16.884776019795144
564054,4484647,16.86642363134768
564054,3583935,16.7638829587742
564054,541161,16.48166876036819
564054,8834294,16.450784657906507
564054,6661849,16.43839732029562
564054,8834295,16.405310754005804
564054,104503,16.379069655662086
564054,5879989,16.37584639940512
564054,3079077,16.26198800660891
564054,7241394,16.26180284350452
564054,1131875,16.24682571656831
564054,3255500,16.240828333337614
564054,3255506,16.183758519962492
564054,362994,16.169046318379998
564054,1437410,16.093439054311325
564054,7241395,16.04248707517731
564054,1455728,16.026060614593924
564054,8759161,16.018795318632208
564054,541162,16.014727267275866
564054,1437408,16.01052044845283
564054,3255501,15.956300633173633
564054,7525616,15.92862167141465
564054,1455723,15.869653151076662
564054,3957331,15.765005804624547
564054,3937227,15.759124009032693
564054,3079075,15.748016648241535
564054,3957330,15.748016648241535
564054,1437412,15.739100281783655
564054,3255502,15.678625991810797
564054,7241398,15.662065385117396
564054,4260080,15.658400634449107
564054,3957332,15.629047101022799
564054,7018690,15.625644053440283
564054,3079078,15.592624041405301
564054,7241396,15.559764722717981
564054,4766785,15.5580514480144
564054,8544645,15.447051279358057
564054,6661846,15.434376637311717
564054,1437416,15.412865335555498
564054,7241399,15.37883399447534
564054,3255504,15.365479937469724
564054,3658522,15.337104601293142
564054,5089068,15.273929588862503
564054,3013336,15.267907655244763
564054,4657638,15.265826641483258
564054,7140224,15.258295320128934
564054,3937226,15.238679207981848
564054,8670566,15.236756833988984
564054,8759164,15.213213121481765
564054,3314036,15.202649803492761
564054,3314035,15.200469414432092
564054,8663986,15.188966895873515
564054,5182255,15.132229784948485
564054,3255505,15.127997124078853
564054,5182259,15.119925230691731
564054,541054,15.075565881438418
564054,4260077,14.965909898589455
564054,104507,14.93852365278733
564054,132548,14.924830075700251
564054,1783613,14.924174144594081
564054,4304573,14.880888695607707
564054,4766784,14.826087823966084
564054,8759160,14.81117239133975
564054,4260081,14.759358973791453
564054,1437414,14.74828013956343
564054,8670562,14.726068566757181
564054,104504,14.697535154986703
564054,4766786,14.655634591393467
564054,3079079,14.611531422979226
564054,2815944,14.596934992292928
564054,362990,14.542072815053317
564054,3255507,14.515935374903815
564054,104501,14.459616473113604
564054,8120519,14.409149748392966
564054,7241392,14.399473880039217
564054,104500,14.36469027428621
564054,4304570,14.296085262276257
564054,3079076,14.291661581980819
564054,104502,14.271340060491825
564054,1455725,14.224184597560129
564054,5182258,14.224184597560129
564054,2815945,14.224184597560129
564054,3937229,14.20874547555627
564054,3079080,14.203242019900163
564054,362992,14.199226315014869
564054,3957327,14.060525103275733
564054,2703421,14.059569349283127
564054,5182256,14.039308419037821
564054,541155,13.997990711652122
564054,7140223,13.997990711652122
564054,3957328,13.975414686105474
564054,1090703,13.92912165372875
564054,3583937,13.928254350901637
564054,1437409,13.904494750053182
564054,541157,13.888999840292703
564054,541059,13.888999840292703
564054,6661844,13.860926939222018
87181,7666831,32.465823967221795
87181,2986227,29.70799009430657
87181,123547,27.23093747212512
87181,6484575,26.838327933481697
87181,2556144,26.706058833005677
87181,8476330,26.635183484281118
87181,8082516,26.243639659631988
87181,1902826,26.02861654240022
87181,8151921,26.00379211679128
87181,6484578,25.819307612737138
87181,47212,25.595648553397297
87181,6521360,25.479587032122204
87181,8614359,25.444730565770598
87181,5197130,25.337663085528593
87181,4689525,25.31986411304151
87181,8614360,25.279441624501295
87181,5197135,25.25226033906749
87181,47211,25.00982198497597
87181,8683181,24.84642848594209
87181,6928212,24.51535924146811
87181,7112968,24.24291367774817
87181,7112964,24.24291367774817
87181,8332551,23.928410739532602
87181,6521366,23.88403316722615
87181,6774305,23.853032990184083
87181,8332546,23.799681610272636
87181,742425,23.704537326700773
87181,8534135,23.602488905431514
87181,6969187,23.492929158543358
87181,8183981,23.476314982438005
87181,47210,23.426534301068237
87181,7057928,23.31731663694059
87181,4632251,23.27762979490401
87181,4786305,23.258338809370827
87181,8165398,23.246810423111704
87181,8522403,23.168845616229508
87181,3914970,23.031335739119996
87181,8151919,23.01891384722835
87181,8165403,22.89145449384384
87181,6685092,22.840550647217434
87181,47207,22.77545904398895
87181,8332547,22.775404522667895
87181,47206,22.719609904770266
87181,3216315,22.683220830099565
87181,4689523,22.528097952214075
87181,8664069,22.356189054779158
87181,8183982,22.30780677676913
87181,47203,22.258894736970625
87181,7666828,22.103084893825347
87181,7139898,22.08984669162802
87181,2307979,22.04990735507089
87181,1961300,21.93075514316788
87181,4689524,21.813896971666644
87181,2530257,21.78767892269059
87181,1766470,21.424794803625385
87181,2530252,21.372478560302923
87181,5197133,21.361818872189573
87181,47208,21.131723679530484
87181,4042165,21.119302265816597
87181,2986231,20.992341249378867
87181,2556150,20.98640082694577
87181,921633,20.970814179028253
87181,2986234,20.813486397961153
87181,803955,20.55729040644107
87181,2556149,20.50944939980401
87181,3423884,20.4927462767943
87181,1519996,20.267853381362432
87181,8246410,20.209793050081736
87181,8738510,20.171071412064556
87181,2345225,20.158745299804053
87181,1700168,19.90772449045496
87181,123548,19.85619260372141
87181,2530227,19.815200107627845
87181,8542892,19.815200107627845
87181,8151922,19.815200107627845
87181,6892383,19.815200107627845
87181,6429125,19.510054954597006
87181,8332554,19.4430426677286
87181,8165400,19.304330568739644
87181,6262331,19.26030716190847
87181,8332548,19.25346252276785
87181,2596279,19.171229975203747
87181,7553401,19.13984465956364
87181,6771011,19.13984465956364
87181,6407824,19.13984465956364
87181,5197138,19.124654852815496
87181,1692902,19.07559482498556
87181,2922857,19.039061719266677
87181,8151926,18.978138129847927
87181,8069553,18.978138129847927
87181,8738512,18.92899135571415
87181,8183977,18.884482042146374
87181,8534136,18.81914112347531
87181,5497677,18.777891488171512
87181,1902827,18.53213041129004
87181,8565420,18.524775149546855
87181,1992881,18.524775149546855
87181,8165404,18.524775149546855
87181,2556151,18.509007768352646
87181,1179100,18.46853329209017
1116052,5223711,11.062906332021452
1116052,6102126,10.911860604418234
1116052,8050665,10.753712425422403
1116052,5223712,10.745375367802108
1116052,6894932,10.47096104576642
1116052,6102125,10.447391753736383
1116052,2061140,10.34831393899073
1116052,1779347,10.347336313191155
1116052,1779348,10.307538011429001
1116052,331012,10.30158428800256
1116052,2452608,10.293260620648326
1116052,182109,10.281595367143922
1116052,331021,10.21454376063176
1116052,1308164,10.211153530547547
1116052,2502026,10.20125180559556
1116052,2502027,10.165137063820401
1116052,22814,10.123008947767218
1116052,289470,10.09906491798185
1116052,331014,9.997582147957182
1116052,7472391,9.926160831798162
1116052,8625663,9.919867802901962
1116052,5135562,9.913036212869665
1116052,4041274,9.865539377822381
1116052,5757748,9.864327297242136
1116052,8103709,9.82007341579635
1116052,4041280,9.815163382106668
1116052,5447206,9.781212624755781
1116052,4924108,9.752654826148511
1116052,4481524,9.72169816805284
1116052,2744123,9.718416332188953
1116052,331016,9.718416332188953
1116052,5135564,9.713497730829536
1116052,6841049,9.69380874583473
1116052,4423307,9.68162352963032
1116052,8613731,9.675087311785477
1116052,5856744,9.669325460377486
1116052,7472392,9.669325460377486
1116052,3905012,9.660370704239243
1116052,7522683,9.629996214404498
1116052,2301275,9.605150335433372
1116052,613431,9.596612061951054
1116052,8647004,9.569816681257251
1116052,8016251,9.533625030410262
1116052,7266924,9.532111182534065
1116052,6764071,9.494478266140542
1116052,6894933,9.491035339808258
1116052,287289,9.487818111546707
1116052,375640,9.48094455641469
1116052,6039815,9.48094455641469
1116052,3243944,9.48094455641469
1116052,4862381,9.48094455641469
1116052,2115732,9.474258511653046
1116052,2061137,9.457540889960475
1116052,6185151,9.457540889960475
1116052,46806,9.448211743695667
1116052,3528118,9.440882161867705
1116052,789367,9.438053392284978
1116052,2433479,9.422607863713873
1116052,8625660,9.422607863713873
1116052,8144527,9.422607863713873
1116052,2421329,9.408443357651208
1116052,6595041,9.405660931585553
1116052,8472804,9.393707902955997
1116052,2000254,9.393707902955997
1116052,7790114,9.393707902955997
1116052,3350800,9.391256243451025
1116052,8641806,9.384888764786831
1116052,3816281,9.370064840459442
1116052,4594525,9.36498467753968
1116052,331018,9.36498467753968
1116052,8840035,9.336436571191271
1116052,5654083,9.331998155247012
1116052,5447207,9.321120573098465
1116052,1567396,9.31323301530167
1116052,5447205,9.312035520561668
1116052,2662188,9.308061987285342
1116052,571681,9.308061987285342
1116052,6737543,9.308061987285342
1116052,5902741,9.29423951685963
1116052,1374413,9.29423951685963
1116052,835872,9.291533681345024
1116052,2796241,9.288397059744678
1116052,2158040,9.284248295629489
1116052,8704154,9.280922660385151
1116052,2452607,9.279859348547017
1116052,2665038,9.266717369508566
1116052,2634121,9.266717369508566
1116052,3894494,9.266708732711288
1116052,4691773,9.262134023374037
1116052,1441117,9.256785201157303
1116052,6039819,9.256785201157303
1116052,6722594,9.256785201157303
1116052,2662192,9.25182709675972
1116052,1277396,9.25182709675972
1116052,1404423,9.246874300822634
1116052,2158033,9.246874300822634
1116052,1567399,9.232919827493024
1116052,281060,9.22396369247818
1116052,2666975,9.219631543789871
1116052,4041276,9.219631543789871
554515,8345486,28.016766699039138
554515,2943195,24.320901450322534
554515,8345484,23.84532184010029
554515,8345480,23.699448399665524
554515,8465374,22.92314417930031
554515,2943201,22.358111390147478
554515,8345483,22.29931485859711
554515,2421342,22.022510320491623
554515,8345481,21.515951160034007
554515,4591314,21.340112089652578
554515,2943197,19.905940563415612
554515,6416206,18.28077596420975
554515,3512200,18.055218571984433
554515,7582216,17.650922411593676
554515,1182634,17.605231924307507
554515,1182630,17.49162037525571
554515,7582215,17.42484941517842
554515,2421344,16.843539502308687
554515,8345477,16.55667556773656
554515,4591318,16.513368981191057
554515,4423589,16.314080406408763
554515,6543245,16.28148537233234
554515,7336358,15.45593290648264
554515,1675155,15.377413489795202
554515,4591319,14.952255629790374
554515,2049751,14.580706910997414
554515,7200815,14.558916546589948
554515,2357051,14.558916546589948
554515,2943193,14.404845637515008
554515,2943200,13.96882547431791
554515,8345479,13.962214950563599
554515,2943196,13.856501214018007
554515,388800,13.745968957878233
554515,4410483,13.515849333325347
554515,190326,13.233963969747919
554515,3172462,13.207178108600822
554515,1182635,13.019007528837873
554515,2047110,13.019007528837873
554515,1711644,12.912290786843915
554515,165128,12.825216938572321
554515,5416478,12.784978506535888
554515,1736622,12.276980825581749
554515,165131,12.104504817249389
554515,6855546,12.020071438593359
554515,2406624,10.633309785591175
554515,8772162,10.54848069133949
554515,3872136,10.54848069133949
554515,4007815,10.208330594465208
554515,4516937,10.183727247651166
554515,4007814,10.09230990419284
554515,5443844,9.997683283037524
554515,5649965,9.846726893753816
554515,4004645,9.766597042677175
554515,519234,9.766597042677175
554515,1761422,9.720487305629296
554515,4408934,9.655253943418673
554515,8345482,9.589258882433992
554515,4844729,9.58242496729333
554515,3509394,9.48431748660464
554515,1664028,9.475218497256954
554515,4262753,9.475218497256954
554515,5649963,9.449351795845287
554515,2495667,9.433937364323587
554515,2157711,9.433937364323587
554515,5410684,9.433937364323587
554515,2157708,9.433937364323587
554515,6621671,9.396929705348063
554515,2943198,9.334765937375014
554515,7512386,9.293811305724708
554515,1573137,9.24309616186057
554515,1572815,9.24309616186057
554515,5060510,9.192931506205982
554515,2943194,9.189857520783749
554515,2170706,9.189857520783749
554515,7880276,9.179680828411351
554515,8404290,9.167524582769248
554515,7242693,9.167524582769248
554515,5540153,9.13456550444625
554515,1359541,9.094218192809457
554515,7746742,9.068780466561378
554515,2767456,9.049379308947394
554515,7787999,9.037095030200918
554515,8680525,8.997602316073698
554515,2514244,8.958089077139752
554515,5003298,8.950060136603042
554515,7209368,8.950060136603042
554515,6676772,8.950060136603042
554515,5611847,8.936989626349213
554515,2767463,8.935075011033067
554515,6257585,8.903017729983985
554515,962265,8.868622323664047
554515,6561552,8.856859104459632
554515,1584445,8.856467256853486
554515,5419905,8.856467256853486
554515,3662729,8.856467256853486
554515,560940,8.856467256853486
554515,3253410,8.848264046946376
554515,4822174,8.848264046946376
554515,3727224,8.847941733170503
554515,934509,8.82822212050614
443396,456708,14.62688648205426
443396,4792650,14.384867680756257
443396,8079040,13.405534383777079
443396,279294,13.281416230550477
443396,7922077,12.881359603335397
443396,7746189,12.713438392974636
443396,3746439,12.270857840386281
443396,769303,12.155301611229302
443396,8536121,12.07886558488463
443396,7256965,12.041022000246176
443396,4643887,11.958099231316108
443396,6701137,11.950583973667957
443396,6827156,11.859121106035882
443396,8718977,11.844183999088095
443396,8079046,11.825715018395774
443396,1289940,11.738303457194823
443396,8022343,11.706324597129258
443396,3501795,11.643406089850883
443396,4057475,11.549799452819146
443396,5538838,11.529184312209802
443396,3038048,11.471322900340539
443396,969252,11.464565253522375
443396,6858533,11.418554817248992
443396,573173,11.401395982510055
443396,4128740,11.388405150159624
443396,8204777,11.357325093183633
443396,1577268,11.353835878147134
443396,4057466,11.353835878147134
443396,1411617,11.332982706781458
443396,171466,11.328681751594127
443396,4336498,11.328681751594127
443396,5635124,11.328681751594127
443396,6973771,11.328681751594127
443396,2977615,11.276021952852506
443396,8058577,11.276021952852506
443396,3577882,11.22392623885381
443396,5741221,11.207587235393817
443396,820395,11.18612566210702
443396,5212734,11.18612566210702
443396,6339713,11.18612566210702
443396,820393,11.18612566210702
443396,1091609,11.180758566563844
443396,8413373,11.164929130444998
443396,345100,11.117183963363315
443396,4336500,11.116244508814479
443396,8174933,11.116244508814479
443396,5905952,11.116244508814479
443396,5048840,11.09634816379913
443396,990166,11.047269347354366
443396,4792649,11.019734515755472
443396,8769481,10.932673157843771
443396,8813268,10.91196436208033
443396,1172964,10.91196436208033
443396,3577885,10.91196436208033
443396,598786,10.91032319269287
443396,206207,10.894230865258512
443396,7120246,10.847025973280221
443396,975552,10.847025973280221
443396,7793274,10.847025973280221
443396,1091611,10.846976672416924
443396,2902686,10.845599473768818
443396,4582259,10.845599473768818
443396,6119622,10.826975510891504
443396,5310878,10.825498194904451
443396,8769489,10.820133603504352
443396,302348,10.819713343459444
443396,573169,10.780070412668032
443396,6668536,10.780070412668032
443396,4602798,10.780070412668032
443396,7967371,10.768738310185672
443396,260703,10.768738310185672
443396,5603622,10.745043441076582
443396,453706,10.740610060128743
443396,7081338,10.72715318909634
443396,7961685,10.715360822152943
443396,648202,10.663409234659657
443396,6742690,10.663409234659657
443396,4209528,10.663409234659657
443396,4085829,10.65145478643137
443396,8204775,10.65145478643137
443396,4526744,10.597762865907802
443396,7986501,10.576517003025437
443396,7081340,10.576517003025437
443396,8111412,10.546725166268095
443396,4582258,10.525991829462672
443396,1619252,10.52107610790441
443396,4379126,10.502840192090115
443396,3648921,10.48483305004095
443396,456710,10.47740153401446
443396,4804310,10.47653428028223
443396,1255744,10.46440514667449
443396,475813,10.450286155436443
443396,1664419,10.450286155436443
443396,8079039,10.43788634204499
443396,5996579,10.430224915289859
443396,2147092,10.424932620303302
443396,8331958,10.424932620303302
443396,4792655,10.422831468274145
443396,2038000,10.411087242225884
443396,2757439,10.403562468187904
1123581,3232958,30.389470599894306
1123581,365653,29.812360023298986
1123581,8410944,29.557280443247844
1123581,2567940,29.49700176504497
1123581,5959124,29.30776048230335
1123581,6952847,29.047570370156762
1123581,2567935,28.94929746501803
1123581,4646966,28.89307451938223
1123581,6357063,28.826467645312743
1123581,3308478,28.56884583997811
1123581,5153126,28.566421526363605
1123581,4645466,28.37831644765385
1123581,1778927,28.29243683052196
1123581,3911881,28.172094239496452
1123581,5645115,28.134799973935454
1123581,2523907,28.09742752791124
1123581,3914810,28.057645168792693
1123581,6061706,28.007930472974692
1123581,4170936,27.892215264771274
1123581,3146135,27.845881201804048
1123581,5511173,27.781695320783584
1123581,7064021,27.70154395482117
1123581,7064018,27.691574765621986
1123581,6481368,27.52752470302655
1123581,1303678,27.50226238699776
1123581,922274,27.460857972709384
1123581,2317848,27.364880545828935
1123581,70468,27.33309944082934
1123581,3540919,27.249529993766686
1123581,3232957,27.217971428923033
1123581,4176063,27.14161736267595
1123581,4291712,27.1308239456643
1123581,5588094,27.094544910780613
1123581,8811903,26.999152990634336
1123581,1466510,26.999152990634336
1123581,8240508,26.97912511459302
1123581,424614,26.809805786689235
1123581,4536392,26.8042056835675
1123581,3458679,26.728061153768962
1123581,8655873,26.722532667241282
1123581,7497837,26.534857092854086
1123581,7512898,26.386989310327756
1123581,4279660,26.31276330608626
1123581,3803334,26.226034251133616
1123581,4648017,26.092900563277986
1123581,4074934,25.99550346980582
1123581,5153296,25.926949193588918
1123581,1495582,25.831439323209775
1123581,1221458,25.680398448669187
1123581,2732144,25.675858362441772
1123581,5027762,25.65088994288428
1123581,4158635,25.60932090646533
1123581,4117178,25.603302521240405
1123581,5027766,25.603302521240405
1123581,6596701,25.561557848161115
1123581,5254026,25.54582836613936
1123581,2247393,25.542148797132768
1123581,5972967,25.539095934218757
1123581,5625337,25.508408184395762
1123581,3716397,25.506175840609963
1123581,4279553,25.468244029503143
1123581,3096893,25.362060046496495
1123581,5579250,25.28704472200741
1123581,4121605,25.216283246859245
1123581,2051850,25.093530973035463
1123581,2247389,25.07677785152994
1123581,1303673,25.045742850719332
1123581,3884638,25.045742850719332
1123581,7934232,25.0382078598796
1123581,651039,25.037043508758206
1123581,1495581,25.013343991884614
1123581,922277,24.98960643798914
1123581,8509692,24.965945709530175
1123581,7108739,24.940909717260887
1123581,5844974,24.9244387892505
1123581,4536391,24.912387256137702
1123581,6481369,24.90939391453051
1123581,3884635,24.88378489971833
1123581,6004860,24.869483570741057
1123581,6683289,24.76141642831861
1123581,8509889,24.72345343408131
1123581,3666363,24.719065446876833
1123581,5045484,24.69792674716182
1123581,7038365,24.693814133284906
1123581,4291714,24.665011159354684
1123581,1911961,24.66043816712094
1123581,5975782,24.653789851412316
1123581,877120,24.624430251790393
1123581,5220903,24.543761106689125
1123581,8327763,24.534578539124276
1123581,2025504,24.470617385084132
1123581,7207276,24.449498009148208
1123581,5829977,24.4472302510776
1123581,5219696,24.422888142195937
1123581,3748705,24.422888142195937
1123581,2728866,24.396388216298604
1123581,1251336,24.382198817672247
1123581,1797543,24.35969603423019
1123581,867059,24.3233910532822
1123581,542662,24.289313734418645
714453,6263180,22.071441776943306
714453,3226963,21.46582721252277
714453,6428126,21.36575390580196
714453,7633198,21.30028006300485
714453,2991383,21.044550647982973
714453,7667978,20.97767738377965
714453,2042525,20.93151971750507
714453,6976644,20.440667239650406
714453,5912909,20.3608440861075
714453,78822,20.274285167329012
714453,2437772,19.966874476279774
714453,8537059,19.63941956576919
714453,1965765,19.459806468359055
714453,5737420,19.455062139929097
714453,5737413,19.34408729914384
714453,8455841,19.011078790273736
714453,7880570,18.912999045698427
714453,4791311,18.88335298142244
714453,6235279,18.857268094355412
714453,8430463,18.81160312390758
714453,3206847,18.723967925737178
714453,569053,18.58879960680498
714453,6235278,18.56943087312569
714453,5087833,18.56641635724474
714453,6433863,18.415783274056825
714453,8837367,18.323945125149486
714453,7162695,18.32367482238576
714453,917670,18.236755685972593
714453,2626736,18.209504555397938
714453,7981530,18.076357620283094
714453,7162699,18.056009047934737
714453,8113808,18.021356884974058
714453,7581597,17.87929194619261
714453,841711,17.732547481074683
714453,4345262,17.564243622459248
714453,5924526,17.529992017082908
714453,6235280,17.466330449622813
714453,6235275,17.429257198218615
714453,8430459,17.41615604904163
714453,6499547,17.060893353349883
714453,2771893,16.884433638911307
714453,7638699,16.519319932781535
714453,3226962,16.47613734428777
714453,8455835,16.431570301942124
714453,6356369,16.34474798674777
714453,8537066,16.173142983580966
714453,8379432,16.150437377100378
714453,8292316,16.0672594684801
714453,2198040,16.065838874226998
714453,8537063,15.997017708656323
714453,530927,15.9511343391185
714453,8837370,15.908422027179501
714453,5737414,15.897650263306565
714453,1451122,15.713086307674999
714453,7667975,15.70166346627734
714453,6137885,15.660744309770788
714453,1965759,15.65211649101225
714453,7401088,15.624408221682973
714453,841710,15.612616659824418
714453,7606647,15.459752163070409
714453,8146494,15.410768152134839
714453,490198,15.313003558486804
714453,6428128,15.288168552926994
714453,6235283,15.265629513036295
714453,1965760,15.260844591077557
714453,1164002,15.231444303197172
714453,631442,15.1882024811045
714453,7638695,15.182995193141977
714453,4018996,15.060872753641537
714453,3206848,15.035180083207726
714453,1990239,15.02352282880368
714453,8644609,14.973580201560182
714453,7657019,14.95101963034792
714453,444836,14.90442929568389
714453,5764815,14.839238251914704
714453,6884667,14.736438417927058
714453,7505877,14.71145494965612
714453,7555875,14.709952709649091
714453,4355673,14.699321217989965
714453,6389159,14.694951816482572
714453,7667972,14.694951816482572
714453,7141880,14.692287921321252
714453,3206843,14.679622650899756
714453,3206846,14.679622650899756
714453,5296666,14.670848759848608
714453,1433949,14.665818835782598
714453,274959,14.661859176733284
714453,1716068,14.639738500913019
714453,369727,14.639713193549248
714453,8430462,14.638661965490138
714453,5912910,14.633168330310012
714453,3277744,14.608727153167866
714453,1354430,14.608280049362794
714453,5870586,14.585931941728354
714453,1611666,14.584938538033267
714453,4791459,14.579292650191135
714453,685012,14.579292650191135
714453,490200,14.571853350663105
714453,1965762,14.561994586317352
714453,7633196,14.550462556694805
972007,8011988,30.565890378761033
972007,6497816,30.19227323508557
972007,7258397,27.747687980521818
972007,8119173,27.710426192604654
972007,4221455,26.925787253570498
972007,8011980,26.04714845029487
972007,4335551,25.668553019712828
972007,5269896,25.35718262237225
972007,5986262,25.313809277450535
972007,108101,25.084632674805583
972007,8704416,25.041181990726503
972007,4221450,24.977557382208193
972007,1125878,24.769288708107272
972007,3751298,24.493366403044057
972007,2181493,24.483771374331774
972007,5937971,24.426014396270112
972007,6484210,24.389656846900042
972007,2356275,24.3223316088447
972007,555,24.23439077658274
972007,1230599,23.850064385159513
972007,98092,23.794630321428404
972007,7258403,23.585864992139765
972007,8704419,23.314230475642553
972007,4912907,23.226880002601277
972007,7258398,23.218844648430682
972007,4469302,22.957069271280158
972007,2356276,22.859495380122816
972007,7773175,22.833147916069535
972007,4646626,22.77830035896934
972007,1152364,22.741600840577718
972007,4382254,22.671609627693414
972007,4469296,22.58927587417467
972007,1958701,22.58927587417467
972007,8011981,22.58927587417467
972007,5986266,22.562745770369535
972007,2356273,22.560048071862596
972007,3483826,22.547865545527266
972007,7109739,22.506232587297276
972007,6055142,22.48684216605256
972007,2356268,22.350558186951794
972007,3751292,22.247276190237464
972007,554,22.233081429215446
972007,4991280,22.129594113617085
972007,1027578,22.038057952068716
972007,2356270,22.022841862327766
972007,4688412,22.001794190280563
972007,4335544,21.943510404440655
972007,4382255,21.907570905986958
972007,7258399,21.887945766739662
972007,2356274,21.739900147222695
972007,5000052,21.71004062524967
972007,4335548,21.70444347335666
972007,7509091,21.685056902531585
972007,8186625,21.678080478119828
972007,6867368,21.502059167587916
972007,6867372,21.502059167587916
972007,8704421,21.44907181800115
972007,7258401,21.406724664695663
972007,8704422,21.346330528814864
972007,5269899,21.271234811150137
972007,5648250,21.07739071846391
972007,7892692,21.014711067594426
972007,1125880,20.95866596488316
972007,4578581,20.940480091070313
972007,5937973,20.92909331360773
972007,2128541,20.62388847656213
972007,4688416,20.61949585367922
972007,558,20.60829286176809
972007,5986268,20.592558213411593
972007,8700535,20.548965020596462
972007,4519503,20.548965020596462
972007,8690661,20.461941258708375
972007,8700536,20.39827036739768
972007,3337713,20.37032950540469
972007,3318399,20.157295562989
972007,5254841,20.137114527220195
972007,4688418,20.127354537040492
972007,4469301,20.118214667651188
972007,8704423,20.10360966165792
972007,1027580,20.103415879012296
972007,8229313,20.073527643666505
972007,823592,20.02304679646438
972007,4382260,20.008114112604684
972007,48422,20.008114112604684
972007,556,20.008114112604684
972007,1958702,20.008114112604684
972007,7109737,19.994790484624673
972007,4382257,19.954611915376812
972007,7258395,19.890333474783237
972007,7258404,19.890333474783237
972007,921658,19.884798568581438
972007,1125881,19.865539154683965
972007,6210250,19.835198553155433
972007,98094,19.8233147196959
972007,3071060,19.773984880302688
972007,98095,19.757027098569466
972007,550,19.754359982687877
972007,2520234,19.699585258228485
972007,7258400,19.695679333280445
972007,1125877,19.691891013829657
929033,2237411,14.063186053268986
929033,7633901,13.151062681970016
929033,5920700,12.947876117381558
929033,1926259,12.111336356401708
929033,961794,11.91380975904155
929033,64145,11.836438853642363
929033,8683319,11.57416427410924
929033,4548811,11.50375510746578
929033,5521712,11.384204369938107
929033,4055746,11.29416808931262
929033,26408,11.21780808869344
929033,5920696,10.915682296157694
929033,982124,10.915682296157694
929033,4770197,10.82499156344093
929033,26409,10.740463423351065
929033,26416,10.740463423351065
929033,8657714,10.648057117062566
929033,961786,10.648057117062566
929033,6314115,10.59872691795285
929033,3291614,10.598598121306908
929033,26412,10.56391561046499
929033,1467972,10.561741306106246
929033,26413,10.501748606394377
929033,5947957,10.402408710051972
929033,4548810,10.383884390670843
929033,7812256,10.372662072034167
929033,5139631,10.248655258206492
929033,1150006,10.039478172474931
929033,8194487,10.027068554582076
929033,2465141,9.950758047205863
929033,4838704,9.770373448273602
929033,3291619,9.769778643607554
929033,1484270,9.733103098730819
929033,3291621,9.697066066788057
929033,1195491,9.65987921712156
929033,5300001,9.65940897622332
929033,64138,9.65940897622332
929033,7018012,9.65940897622332
929033,2946273,9.6508584693814
929033,4838707,9.586822416882393
929033,5299997,9.554840314151305
929033,5300002,9.550936699897273
929033,1150005,9.550936699897273
929033,5299999,9.501747736550639
929033,5300000,9.489342466201169
929033,8778514,9.48528055470591
929033,5300003,9.48528055470591
929033,8187014,9.48528055470591
929033,7243373,9.444873591829348
929033,1484271,9.436698519794065
929033,4838705,9.436698519794065
929033,6787953,9.436698519794065
929033,8199214,9.360409426610907
929033,1054195,9.349155824457181
929033,4947868,9.333143712042824
929033,6787958,9.307067010114718
929033,3434188,9.28254818117789
929033,26410,9.282213936250049
929033,26415,9.282213936250049
929033,1150004,9.282213936250049
929033,8201551,9.269895909205648
929033,3434193,9.239660810333696
929033,7664729,9.231836978391971
929033,3434187,9.231836978391971
929033,1926255,9.231836978391971
929033,7812253,9.21853022230762
929033,2585994,9.19361811959934
929033,26414,9.173223965452342
929033,5118708,9.152140153325774
929033,4305062,9.132705899664971
929033,7664734,9.10773571460499
929033,3592042,9.083934445900397
929033,4101360,9.083934445900397
929033,3292682,9.011237981269623
929033,6314119,8.940696255972288
929033,1926253,8.940696255972288
929033,26411,8.893948776246406
929033,7583324,8.847687603177901
929033,4838703,8.847687603177901
929033,1926258,8.824249663299804
929033,26407,8.801905187576123
929033,5947958,8.756594135699393
929033,5947952,8.756594135699393
929033,1484269,8.756594135699393
929033,2946270,8.735545600961434
929033,1484274,8.71174720527434
929033,4304534,8.71174720527434
929033,7276711,8.674253252457707
929033,7018007,8.667357301636933
929033,1150003,8.667357301636933
929033,2107122,8.646735079251435
929033,7276713,8.579920911779368
929033,8660592,8.579920911779368
929033,7276708,8.579920911779368
929033,3541647,8.579920911779368
929033,5207735,8.557878390729012
929033,7276715,8.536860941165799
929033,1400771,8.536860941165799
929033,2237403,8.494231021620305
929033,2237408,8.494231021620305
433234,5000064,18.87099549867574
433234,2870580,15.869630783042037
433234,1621267,15.633597704583401
433234,7262413,15.56539442109392
433234,2210356,15.18954305598579
433234,5842058,15.123606379224977
433234,3146260,15.062740971457094
433234,6256696,15.062740971457094
433234,6538375,14.938175182545699
433234,2755160,14.919977913165443
433234,7933975,14.82224209256282
433234,7137177,14.767380669172256
433234,3880691,14.623432031857574
433234,3880695,14.62230422131148
433234,8763878,14.610223323077205
433234,3212354,14.53565932165138
433234,7709217,14.42637098674519
433234,2085776,14.407381846064496
433234,80302,14.376766729019277
433234,5937141,14.29131881626389
433234,7838928,14.269198099612645
433234,6397075,14.192726038681414
433234,7561301,14.16201637744291
433234,7309296,14.139190305230935
433234,3685014,14.031757183409884
433234,172078,13.980146950335474
433234,7648782,13.969121082625307
433234,6397074,13.898391191298806
433234,7936419,13.893215926700048
433234,1875522,13.887609772758443
433234,247483,13.887609772758443
433234,2210360,13.850458730311924
433234,6264698,13.83823781523673
433234,2966961,13.82528496708681
433234,6256695,13.818817631838403
433234,1264053,13.812257291180238
433234,7821243,13.765502660359584
433234,424219,13.723034743075514
433234,3128485,13.693528114070546
433234,3555301,13.6353465399383
433234,2210359,13.621832027494932
433234,4922524,13.601676512610078
433234,3729110,13.581096713903765
433234,642623,13.557808846792224
433234,6397079,13.555694789900762
433234,7130293,13.53490667649461
433234,25835,13.464879251326238
433234,6827376,13.452031715896645
433234,7561297,13.450656289358502
433234,6227628,13.449998888689514
433234,3555298,13.441713203269135
433234,6256693,13.40083291474511
433234,693051,13.394756505546443
433234,6176182,13.394756505546443
433234,7309300,13.387200759121079
433234,693050,13.360589889731262
433234,6213679,13.357683408516486
433234,3663038,13.343967927765902
433234,1535814,13.315295316097943
433234,6470965,13.315295316097943
433234,6264691,13.302994348585948
433234,6372133,13.293487465605178
433234,6402441,13.289410902974561
433234,5982313,13.26406477385479
433234,6313749,13.251841397118412
433234,1621270,13.243405547936874
433234,7838922,13.233170956900164
433234,3292671,13.233170956900164
433234,8110167,13.189909738526547
433234,3555299,13.184189155360926
433234,1630619,13.176811189276062
433234,8239396,13.165206370810294
433234,441237,13.15778435528313
433234,7055366,13.119470624198279
433234,250442,13.088720392393114
433234,488165,13.08615878400078
433234,6256691,13.081970897676456
433234,6684547,13.07810447622768
433234,5840669,13.064106340049925
433234,7374047,13.04849010886639
433234,7055369,13.044840458052924
433234,4479926,13.013121769132294
433234,690301,13.011883509819183
433234,1027477,12.996807484001174
433234,498077,12.993921220979594
433234,3441620,12.971819343780018
433234,6833125,12.928792953563061
433234,2284497,12.918905013457646
433234,6382221,12.905493957538166
433234,4936967,12.905493957538166
433234,3451707,12.900188477851962
433234,5919383,12.900188477851962
433234,809574,12.887031154258409
433234,7678851,12.885074615030916
433234,1372150,12.881353580983145
433234,592868,12.881353580983145
433234,675928,12.868884039014848
433234,1169393,12.836384028662355
433234,107536,12.836384028662355
433234,5993131,12.836384028662355
1121709,3423063,16.693260511397547
1121709,8049586,15.565592804507865
1121709,8049582,14.223100100491322
1121709,8049583,13.623880883551628
1121709,8049584,13.516910806429172
1121709,8049585,13.307932096924006
1121709,3423059,10.735334430458275
1121709,3897030,10.523407442777005
1121709,3897028,10.364742792864735
1121709,3897025,9.761832632413844
1121709,5961613,9.740999846030839
1121709,3423067,9.70635928309469
1121709,5611203,9.70207557278955
1121709,3015619,9.607326324796702
1121709,6612660,9.384524678114671
1121709,8171653,9.241643894011384
1121709,8357463,9.171822711499523
1121709,1752809,9.171822711499523
1121709,7590689,9.035298254229229
1121709,3200100,8.711130842817353
1121709,8730991,8.587884778337125
1121709,2239280,8.527560334256403
1121709,8171656,8.182691043824276
1121709,7002616,7.847934300917565
1121709,5790466,7.814010270307791
1121709,1752813,7.714697478100136
1121709,4256104,7.617877451730086
1121709,3145978,7.043315582591719
1121709,7503527,6.9228220084625205
1121709,3145987,6.883568442219939
1121709,2940488,6.693793754782964
1121709,7686607,6.693793754782964
1121709,5594593,6.693793754782964
1121709,3145979,6.620781809939744
1121709,5611202,6.514202210262044
1121709,5611206,6.311016065446049
1121709,5611207,6.311016065446049
88073,5912961,15.711322266095259
88073,5553213,15.5963742392131
88073,7112950,15.188636873089166
88073,8720919,15.152090333403065
88073,1728819,14.435312099985492
88073,4975524,14.402493148341247
88073,1566922,14.221362688240742
88073,6760592,14.221362688240742
88073,5501708,14.132571239243807
88073,847201,13.958416493380824
88073,4646923,13.89151900986582
88073,1170721,13.873007427995578
88073,748612,13.837391731108806
88073,4566730,13.623191932343799
88073,290106,13.54198811734145
88073,5970673,13.54198811734145
88073,1390178,13.443136814642621
88073,8302651,13.428200782644154
88073,5932559,13.304305354636444
88073,4447214,13.140279688367066
88073,4669332,13.075129215038473
88073,2719293,13.042668448643397
88073,5137415,12.933791430055095
88073,4780225,12.839066973301478
88073,4566726,12.781994119817439
88073,1269980,12.721745428521974
88073,4520250,12.703951419626033
88073,5542149,12.70052560456076
88073,3761356,12.629951356808839
88073,7334306,12.600484179537318
88073,7177886,12.349281716915023
88073,1578367,12.1495867475098
88073,5444023,12.125494865987061
88073,5190698,12.004994967188114
88073,3348121,11.941802769950637
88073,3879712,11.87936193296523
88073,6306613,11.749444828858492
88073,3879710,11.704643814537944
88073,3792697,11.673953851574085
88073,4905744,11.614897328900796
88073,6651381,11.516442063797605
88073,41133,11.507420422368776
88073,6699171,11.470330604048772
88073,4883576,11.466802425721367
88073,5569144,11.422299870733145
88073,6306620,11.413389573257707
88073,4212190,11.40416293115206
88073,519564,11.40088287759445
88073,2360077,11.383982601172493
88073,5829116,11.383982601172493
88073,658758,11.370597715122418
88073,4355187,11.3026476746852
88073,6651382,11.283377506907433
88073,276707,11.218084784408234
88073,7702887,11.125743047196103
88073,2373022,11.057236006424274
88073,1381529,11.040762742380318
88073,3792696,11.003575283324674
88073,6306615,10.824276790018263
88073,1980474,10.82422579528144
88073,2256633,10.81797328167283
88073,4883571,10.810453319843912
88073,8077296,10.804268885937162
88073,7370706,10.766527448067682
88073,1711965,10.748722834273982
88073,6306616,10.678413655022535
88073,7170543,10.674265898768322
88073,8077293,10.640779660070663
88073,462590,10.636330027540497
88073,1807366,10.574304121348279
88073,7085865,10.574304121348279
88073,6306617,10.56452340381702
88073,8114928,10.550952488512698
88073,438714,10.523490693147147
88073,4370724,10.523490693147147
88073,7687867,10.518826981000705
88073,1269978,10.517560691677751
88073,169481,10.50455727201402
88073,1104669,10.50455727201402
88073,4623044,10.482725463851393
88073,358624,10.443767361327286
88073,1626864,10.442274843351893
88073,5807162,10.442274843351893
88073,7527234,10.442274843351893
88073,1807360,10.441790465058995
88073,948711,10.424236183615536
88073,5137418,10.417641618763234
88073,8671536,10.397262687701021
88073,6582093,10.397262687701021
88073,575549,10.385392166320068
88073,8645567,10.370181953876013
88073,7396275,10.362302972205415
88073,1677032,10.362302972205415
88073,7936445,10.358263527972255
88073,1655650,10.358263527972255
88073,305343,10.345338493530551
88073,2369968,10.345338493530551
88073,1104672,10.345338493530551
88073,2231128,10.34324192265737
88073,8645566,10.322986110162882
87452,7965004,16.545272898496552
87452,8819113,15.693369236848074
87452,8152222,15.441778475815104
87452,7965007,15.432985703015905
87452,1642159,15.363890065546698
87452,4634899,15.363890065546698
87452,186939,15.286783450982886
87452,6018163,15.276447725915654
87452,8081937,14.877868932002972
87452,8436578,14.839921578717851
87452,2026777,14.787257335765613
87452,7542008,14.571618644234057
87452,3732121,14.454252617586642
87452,7965011,14.286889525482934
87452,6018160,14.205644833775294
87452,8819114,14.070175841660788
87452,7843982,14.054656567028175
87452,2035306,13.99439709088454
87452,4583410,13.926141112653973
87452,5751686,13.83240097716206
87452,4502603,13.685215411716065
87452,3161807,13.67603442805773
87452,6018166,13.643449344192838
87452,6798421,13.626140199133513
87452,8055167,13.466381324106994
87452,8436572,13.40486457472209
87452,3809017,13.385710173604906
87452,8819111,13.380311673148523
87452,7499676,13.314907583663434
87452,8436576,13.221481926994802
87452,5836705,13.216699090649573
87452,4557550,13.188760250585249
87452,8333919,13.143526003975445
87452,4872055,13.110340264637621
87452,3809016,13.086276823840883
87452,6018167,13.082111195745693
87452,7542004,13.066518183906076
87452,3808783,13.066518183906076
87452,7166746,13.029534843144214
87452,7166751,13.029534843144214
87452,7166743,13.029534843144214
87452,8333912,13.003927622932686
87452,7843984,12.990440663641301
87452,88525,12.982071479244985
87452,6335482,12.971005416258365
87452,6018161,12.941467600809174
87452,4866237,12.930437931515096
87452,1395625,12.926707579184168
87452,5180105,12.923397156438675
87452,180903,12.899563267902543
87452,7166749,12.89339728637836
87452,5732043,12.858771402083452
87452,1150485,12.77508530500997
87452,8819116,12.767618634917769
87452,6386830,12.759422474563674
87452,5180113,12.752630030558088
87452,1176095,12.688494380348544
87452,8333921,12.653413400475081
87452,2096142,12.6394218157286
87452,5987443,12.63050803807829
87452,8152220,12.62710348062032
87452,8436579,12.623415613019283
87452,5219890,12.580373674486117
87452,2065225,12.533358530307702
87452,4404198,12.345698210646482
87452,6884591,12.257916530802838
87452,8126315,12.257916530802838
87452,5746165,12.212229237145326
87452,7166752,12.190429679406463
87452,6018168,12.171459129351376
87452,1395633,12.148736819633429
87452,2205470,12.148736819633429
87452,3211632,12.139099705887663
87452,3809018,12.08064627098527
87452,3499427,12.074957954884262
87452,5280076,12.06900244060362
87452,3505336,12.052594192582989
87452,8152225,12.052594192582989
87452,6018169,12.033736774987352
87452,7388832,12.022814546815521
87452,3505332,11.957961323921987
87452,4993644,11.891798954285056
87452,6018164,11.868329867028447
87452,3161812,11.864802928370919
87452,5286924,11.76790234265453
87452,6581302,11.682773828927077
87452,5593932,11.682773828927077
87452,8081930,11.682773828927077
87452,5116022,11.649350488139365
87452,7166745,11.608022090598187
87452,5746167,11.471348533981502
87452,5593930,11.41996714585926
87452,6050915,11.41996714585926
87452,5851090,11.41996714585926
87452,8679716,11.373630244464414
87452,5408101,11.334972872328535
87452,1382780,11.334972872328535
87452,4461393,11.334972872328535
87452,5296736,11.289959249809417
87452,7304538,11.272490696017211
1005165,8211327,46.325870070769156
1005165,6226570,40.12086163960557
1005165,2095590,39.38003523805828
1005165,1168453,39.243361574992534
1005165,2095586,36.773164601576724
1005165,2515807,36.08887213674545
1005165,5465086,35.941552262030456
1005165,3314283,35.16180334054377
1005165,5465085,34.92201343100456
1005165,5337888,34.86130716650058
1005165,5337887,34.56336027192023
1005165,5343916,34.363597948593984
1005165,8722226,34.1369078741737
1005165,4439056,33.500590882432505
1005165,8835991,33.41533676555268
1005165,8470102,33.216664610073394
1005165,4174254,32.992357549114246
1005165,4719713,32.92996894234933
1005165,8211280,32.82283721801976
1005165,643663,32.820921732284376
1005165,4174256,32.56162933982476
1005165,5980173,32.47895698778395
1005165,2515922,32.32381680881591
1005165,6226567,32.26097750389796
1005165,8565565,32.20703834892555
1005165,3552097,31.358153382501264
1005165,188617,31.184850669873832
1005165,897617,30.998777745961775
1005165,2448103,30.91033207138851
1005165,5465082,30.85698390469009
1005165,5503494,30.70323853503085
1005165,7272760,30.676021197309893
1005165,2363888,30.57752522600804
1005165,2515923,30.542774672435396
1005165,2363890,30.28351591723881
1005165,3552101,30.182710199752723
1005165,2516023,30.101659944333736
1005165,8722221,30.041389125206702
1005165,3474953,29.992276738771356
1005165,860517,29.963502501518338
1005165,1453874,29.63573175096668
1005165,2424152,29.58934617635491
1005165,5980176,29.56448215427106
1005165,5938849,29.525238009369506
1005165,2515926,29.431461694997065
1005165,8213528,29.395537311154968
1005165,2657980,29.370153816167438
1005165,5337891,29.369610125677283
1005165,2318980,29.29582043390305
1005165,1025859,29.272676037270482
1005165,3451293,29.269996461205555
1005165,5337892,29.265951354190356
1005165,5337886,29.247386795961607
1005165,5343908,29.240414509870963
1005165,398993,29.14771981023294
1005165,860515,29.14771981023294
1005165,2913846,29.14771981023294
1005165,8211329,29.108225378637908
1005165,5205784,29.07658925389007
1005165,1714067,29.011118939520884
1005165,897619,29.011118939520884
1005165,8722220,28.996856771296372
1005165,467859,28.98218606175661
1005165,2515803,28.90883248567382
1005165,643666,28.86071356464928
1005165,8213529,28.844864331118725
1005165,7272768,28.835003363255307
1005165,7272764,28.77754544233505
1005165,8211328,28.681782486141813
1005165,2095585,28.642864931313106
1005165,2515801,28.630364565770208
1005165,643661,28.584342942706215
1005165,8211282,28.52083240109589
1005165,2657978,28.43871839264051
1005165,6330355,28.42478470015309
1005165,7272761,28.410523166634167
1005165,5285626,28.31973957093248
1005165,4459499,28.16952936605084
1005165,7080283,28.029238301084426
1005165,4650253,27.947425287637632
1005165,2657979,27.945740479907137
1005165,4949629,27.927016674533654
1005165,6279036,27.870845399705928
1005165,2144657,27.868116870638517
1005165,3474956,27.82901494506072
1005165,860512,27.82591316392912
1005165,3334946,27.77625636337746
1005165,6279037,27.74064483406851
1005165,5503490,27.719682613995914
1005165,5465084,27.620491972040078
1005165,8211325,27.612810045471946
1005165,5465079,27.444434102705525
1005165,2448101,27.32037201471896
1005165,6330356,27.245615200625387
1005165,5285624,27.17350707808593
1005165,2095591,26.945526263309095
1005165,5980174,26.945526263309095
1005165,7272763,26.883524066124167
1005165,4650259,26.816421761186188
1005165,643664,26.686818708488612
1133249,712642,17.080574422295797
1133249,4916606,17.06158554628608
1133249,2930257,16.865809273473435
1133249,3026633,16.817446277251907
1133249,2655365,16.72161044852828
1133249,8825905,16.62694223474804
1133249,5367981,16.53341905975349
1133249,8346450,16.072973623968625
1133249,5705062,15.982058211014031
1133249,4485700,15.920435478074427
1133249,3945548,15.899496921287898
1133249,5367980,15.792944654966973
1133249,8346354,15.768331329737174
1133249,3396444,15.76527290472273
1133249,7226761,15.721631424519034
1133249,8603217,15.721631424519034
1133249,7566545,15.713365521811916
1133249,7462411,15.698296825177405
1133249,891852,15.690220852671757
1133249,8051083,15.627330935225974
1133249,360703,15.6057421572396
1133249,3698411,15.538667818611284
1133249,8573563,15.53445937885117
1133249,3019349,15.5024648710421
1133249,2204619,15.450758254079943
1133249,2611859,15.396872743787622
1133249,2667385,15.293339296929206
1133249,3433412,15.278617801571109
1133249,2190103,15.243045751167866
1133249,6526778,15.223951774187245
1133249,3396446,15.209919545411086
1133249,1993952,15.193852864869513
1133249,7462407,15.186783115306824
1133249,4005458,15.186783115306824
1133249,1074202,15.137879024351635
1133249,5915735,15.115102130342091
1133249,7167894,15.099485119403848
1133249,1487943,15.040959151347405
1133249,2190096,15.039996306661887
1133249,1993958,15.036520322371235
1133249,4504381,15.027121193923163
1133249,4506468,15.02331272188749
1133249,2391426,14.985135580896994
1133249,16769,14.974807029896784
1133249,4883125,14.974807029896784
1133249,4883129,14.974807029896784
1133249,7040041,14.957930113540368
1133249,4942899,14.957312523850387
1133249,524756,14.946635884759894
1133249,7929044,14.901855407262868
1133249,7392886,14.783773769921408
1133249,1756769,14.779866078214525
1133249,4591414,14.779866078214525
1133249,3019343,14.74011998091924
1133249,1522297,14.72696758383657
1133249,5174820,14.716727812629253
1133249,6220923,14.66692267385858
1133249,2898966,14.66692267385858
1133249,4503308,14.652756303534348
1133249,6553568,14.652756303534348
1133249,3854017,14.625873987139155
1133249,8295961,14.590033827952194
1133249,5840684,14.580969298746304
1133249,4261854,14.532778349827424
1133249,8295964,14.527856460382843
1133249,5922742,14.51771665816527
1133249,3321096,14.466216991485124
1133249,7462410,14.466216991485124
1133249,6605771,14.45397865355965
1133249,5915733,14.45397865355965
1133249,3614269,14.412978144190278
1133249,4507553,14.405108340732493
1133249,2667384,14.395223376486415
1133249,2930253,14.344523553502949
1133249,6553572,14.344523553502949
1133249,8833369,14.34050026583763
1133249,161359,14.333275305811
1133249,7718246,14.319981592134528
1133249,1854477,14.280947326477978
1133249,3594576,14.245497337340883
1133249,6316594,14.211363572822108
1133249,8825907,14.181149010154556
1133249,8165786,14.171783921044641
1133249,8346564,14.167436675132478
1133249,8573567,14.165844656397848
1133249,6526777,14.113310223425596
1133249,524754,14.113095343304416
1133249,4383810,14.08791464323016
1133249,1578398,14.061882825462565
1133249,1989047,14.053966092768395
1133249,1190474,14.038409671360359
1133249,6289210,14.02925414682194
1133249,5243841,14.010921676034654
1133249,595715,14.009401529546167
1133249,5371451,13.98868666454236
1133249,6057594,13.955150871048263
1133249,758452,13.914914537925329
1133249,4010668,13.91446930312446
1133249,2706886,13.900418113386223
1133249,172747,13.884404171367095
953067,7109632,26.68229235186378
953067,6251817,25.186578291186134
953067,7060025,25.14352767516924
953067,8748785,24.801349187451628
953067,2766309,24.59120148614226
953067,1620992,24.262936032391575
953067,3646159,24.224481092288762
953067,1252243,23.979867503576124
953067,2439542,23.747403022900627
953067,7109633,23.50777727302367
953067,3276503,23.473829297807953
953067,6656001,23.400786285987287
953067,3646162,23.370114025920543
953067,421708,23.154133175732508
953067,5332276,23.06937931037507
953067,6656000,22.547205151229623
953067,7109639,22.428633370274206
953067,6655993,22.31320768767967
953067,6251808,22.23097090937141
953067,6251809,22.1086340084292
953067,7109636,22.086153636271632
953067,2546085,21.78055419588793
953067,671236,21.399655118195987
953067,3098564,20.82140105364046
953067,6655995,20.59696568843531
953067,8748783,20.33881803802127
953067,3261691,20.32272153113468
953067,8748782,20.098835530784307
953067,8653966,19.983979775083963
953067,4809005,19.847441263050953
953067,6457238,19.637045877493136
953067,6457237,19.40489239918402
953067,8748784,19.358587932279068
953067,4868307,19.209819510945223
953067,183895,19.127093637544494
953067,8653964,19.067194157405275
953067,2684908,18.94812216559304
953067,8332494,18.882569214910912
953067,6405694,18.862737393492758
953067,7532165,18.82809805134285
953067,5564945,18.783262808090875
953067,7532163,18.640696484117953
953067,4868308,18.57141595190515
953067,6655994,18.347944125441874
953067,7182847,18.0017347792109
953067,5332283,17.894515848939562
953067,6655997,17.76573617656792
953067,6649955,17.75438405847861
953067,3364845,17.689593548059612
953067,8332486,17.68262601836993
953067,7109637,17.434350133898594
953067,6923510,17.336802732554133
953067,6775083,17.267496743094
953067,704479,17.190025401390685
953067,5332281,17.18255383409122
953067,6655996,17.18255383409122
953067,5744635,17.146534485676533
953067,2421787,17.13053393367992
953067,3646157,17.104916449826412
953067,6546495,17.06545363976376
953067,2421789,17.062864084470473
953067,6251813,17.039268346012328
953067,7030522,16.834169994574793
953067,3804911,16.636340673708695
953067,6775085,16.603741853759818
953067,6775081,16.59498629169263
953067,3206292,16.43105970523355
953067,3646161,16.421805702150813
953067,8206995,16.377391708598218
953067,7165488,16.341219051597406
953067,5332279,16.315577951911667
953067,5332284,16.25219266558796
953067,6655998,16.214122095135664
953067,7531594,16.189634550466437
953067,6649954,16.152863632099425
953067,6811290,16.150310101288998
953067,1137582,16.114125021402373
953067,764101,16.110890916871302
953067,1772455,16.07855349643593
953067,5609737,16.07855349643593
953067,6251811,16.02953799631735
953067,1380303,15.998267014719598
953067,1462300,15.989126931020973
953067,6775084,15.936976287584821
953067,6994133,15.935741693501235
953067,7838371,15.90625483319422
953067,1137577,15.887284890768516
953067,4094871,15.88715042525935
953067,883160,15.850989611421936
953067,1855855,15.840943342080754
953067,4229194,15.833872734185439
953067,7055843,15.813517887703199
953067,5744627,15.797921713555194
953067,311709,15.732844588297848
953067,8653961,15.714749675803704
953067,7532166,15.698572636303751
953067,5929536,15.696055103602035
953067,5988576,15.696055103602035
953067,7109635,15.66132159968249
953067,4788726,15.641683990073343
101169,2194351,20.315125468859478
101169,1648334,19.03871816949235
101169,6243304,18.353631172775888
101169,4535875,18.30872514902433
101169,2194348,18.30872514902433
101169,2802877,18.018791847216498
101169,6270049,18.011153442206414
101169,1510217,17.916609147926422
101169,1909118,17.865780835793515
101169,8408327,17.76459134293805
101169,2802879,17.695742315662084
101169,4194383,17.589878501767686
101169,4743118,17.579025880854758
101169,4743111,17.521336899515255
101169,6441333,17.514561534041015
101169,5670264,17.513053637051982
101169,1165446,17.50201278036284
101169,8263692,17.374167889442944
101169,1002426,17.374167889442944
101169,5829188,17.3737641980321
101169,6270046,17.361040739493703
101169,1510210,17.306100332279414
101169,1601976,17.26842347793877
101169,5749077,17.170971545282583
101169,6000938,17.104931398749535
101169,8263693,17.030534830650932
101169,8621279,16.934251389600284
101169,6441329,16.89958118240265
101169,2478981,16.882760746268715
101169,8030623,16.822007223420208
101169,4743116,16.79383445854611
101169,3710998,16.75779453932411
101169,2802880,16.670740919879464
101169,3353296,16.66862777391413
101169,4577683,16.647443606672173
101169,2194347,16.62700407941651
101169,4941249,16.62047822284419
101169,6277755,16.614360951764873
101169,3423265,16.59629482980101
101169,4194379,16.59073541620839
101169,1165442,16.583977298772886
101169,1648339,16.57467087429166
101169,6441336,16.55870486329819
101169,1594132,16.53038488161252
101169,7951631,16.498436353988026
101169,3710990,16.49026773614458
101169,1663153,16.46105477358694
101169,1648336,16.414648763964824
101169,8315840,16.41149536747909
101169,2657649,16.400121461102458
101169,3710991,16.342649674358427
101169,5670262,16.323855834626187
101169,7381743,16.29025558405927
101169,6751533,16.283689125238986
101169,4050740,16.27160517364606
101169,8710099,16.2613550412758
101169,1165441,16.25566895714318
101169,8263698,16.2497352139244
101169,2527313,16.173434250147523
101169,1165447,16.1568806081153
101169,5878883,16.138288384824236
101169,6622672,16.117678495361837
101169,6441330,16.102098576865895
101169,1165440,16.09089464450927
101169,7381742,16.08531133672338
101169,2527316,16.071554252948125
101169,1648335,16.068450314253415
101169,648913,15.963060024425864
101169,2182957,15.959996972904467
101169,2802884,15.938600294578908
101169,3710992,15.883094439089103
101169,3161733,15.878134054177504
101169,4544586,15.87031399234723
101169,3333209,15.85832934753784
101169,4600453,15.83668663516532
101169,1021425,15.819044307751653
101169,4626143,15.814713717752579
101169,1035808,15.789121605378089
101169,6277754,15.758463363156324
101169,6277758,15.712839365656375
101169,803905,15.691566129239796
101169,209616,15.689597816583493
101169,578055,15.68689953889631
101169,2053513,15.675332928630093
101169,4743110,15.643242709889911
101169,4194386,15.610011008456198
101169,5670261,15.599593792728776
101169,2277816,15.584794002533862
101169,5019876,15.576643779533235
101169,4050736,15.490988118113883
101169,4743117,15.477556415964568
101169,6441334,15.472536193372783
101169,1648331,15.443493105661897
101169,3710031,15.429188732149225
101169,1505683,15.41101275456072
101169,1090231,15.370795065561033
101169,2802881,15.360934520216059
101169,545834,15.358285947097912
101169,6677589,15.345083268582412
101169,8263700,15.345083268582412
855410,8651771,14.209339478257647
855410,8651775,13.680317872466174
855410,8651772,12.15726769347306
855410,8651770,11.68371224286998
855410,8651776,11.593394005895915
1121276,8053899,28.934903348737652
1121276,8053893,22.331538796025626
1121276,5494370,18.21543700511831
1121276,6602513,18.195642179178698
1121276,8547889,18.090083914354185
1121276,1660162,18.080130653946497
1121276,1660157,18.080130653946497
1121276,1660161,18.080130653946497
1121276,1548310,18.03411771357796
1121276,1548307,18.03411771357796
1121276,1548303,18.03411771357796
1121276,5494374,18.03411771357796
1121276,5494371,18.02918300895053
1121276,6711261,17.92647029797781
1121276,1660160,17.880898611412725
1121276,1660156,17.880898611412725
1121276,6602520,17.879211611009364
1121276,7519426,17.824676837969793
1121276,7519427,17.824676837969793
1121276,7519431,17.824676837969793
1121276,5494376,17.824676837969793
1121276,7504280,17.824676837969793
1121276,7504275,17.824676837969793
1121276,7519428,17.824676837969793
1121276,1548305,17.79041460963864
1121276,7504277,17.76880750546958
1121276,1548308,17.76880750546958
1121276,7640263,17.665871949746645
1121276,1660158,17.658112989668368
1121276,1660159,17.60700449835596
1121276,7519422,17.54589671161319
1121276,5494369,17.48621392980356
1121276,922155,17.482404318893124
1121276,4720097,17.472045648540764
1121276,922157,17.443219101929873
1121276,376918,17.370100078986553
1121276,8055659,17.36753382863344
1121276,8053891,17.348550156936213
1121276,922152,17.316363197737516
1121276,6711263,17.22434169506641
1121276,4130946,17.105458566602678
1121276,534902,17.050640799899117
1121276,1678127,17.050640799899117
1121276,3229243,17.02196592883378
1121276,5271643,16.9396226149487
1121276,8055664,16.914487336493295
1121276,5271640,16.8997151151597
1121276,8053896,16.873869191025925
1121276,534901,16.85529257761447
1121276,3287213,16.852826199191533
1121276,248379,16.802582145324223
1121276,1678128,16.78173907651227
1121276,51764,16.771449139137488
1121276,4782540,16.702156494185303
1121276,2201349,16.700769605414145
1121276,4130940,16.680278587919986
1121276,7318354,16.676538340597638
1121276,534907,16.616330552433205
1121276,1767215,16.587818912106897
1121276,1767211,16.54654908816611
1121276,4720100,16.521187243053888
1121276,6971352,16.493962391588934
1121276,1419401,16.472423322537047
1121276,2847519,16.459272692009826
1121276,8055660,16.425260318776708
1121276,8560885,16.419217898686167
1121276,7132269,16.40660430944413
1121276,3519772,16.38680206232859
1121276,6472636,16.239951546918633
1121276,8343138,16.239951546918633
1121276,4130944,16.20337090363143
1121276,317275,16.105990493045763
1121276,3786698,16.090759112576453
1121276,4979357,16.090759112576453
1121276,388969,16.031182914623713
1121276,4186969,16.028288284092067
1121276,4782543,15.99665920727509
1121276,155255,15.905399913710529
1121276,5770596,15.8828128830971
1121276,8463867,15.843925226540023
1121276,7640266,15.809924826491054
1121276,6711266,15.751403946833687
1121276,248382,15.729793256097128
1121276,4730361,15.716128007502617
1121276,5865578,15.70359737762322
1121276,1419404,15.690617989513422
1121276,7113371,15.634126253486711
1121276,2045234,15.634126253486711
1121276,8055658,15.576343945437277
1121276,3643778,15.567120891822956
1121276,293357,15.52770646014276
1121276,2045232,15.488802187151192
1121276,4730356,15.363033224123509
1121276,8818534,15.333273415155965
1121276,2374408,15.312239073360551
1121276,2201348,15.311834865903524
1121276,4620444,15.304855812761158
1121276,6598334,15.276724517045515
1121276,3684508,15.235137886903523
1121276,1868938,15.163871492480391
1114646,8117094,13.581514454210037
1114646,8117093,13.178844905958158
1114646,8117087,12.366613667195278
1114646,6704400,11.708999441076951
1114646,5417954,11.363355079392509
1114646,5417953,11.307721940796844
1114646,5417952,11.198074041770942
1114646,8117092,10.881528392864356
1114646,7196961,10.881528392864356
1114646,2676807,10.756454359437774
1114646,444382,9.839931940531715
1114646,2343617,9.824884883662069
1114646,579554,9.756797449367122
1114646,5279567,9.675055943660956
1114646,3184851,9.594672703401649
1114646,6704401,9.573517670006495
1114646,3467664,9.515614152926728
1114646,7196956,9.437847814161888
1114646,2647994,9.361342262134341
1114646,2201127,9.286067082632552
1114646,2911039,9.211992831892381
1114646,3184850,9.211992831892381
1114646,6711103,9.192489951260393
1114646,8117095,9.139090998197485
1114646,6348309,9.139090998197485
1114646,8327369,8.996694977483804
1114646,771368,8.996694977483804
1114646,5640856,8.927148106415009
1114646,5041692,8.858668219297508
1114646,5217702,8.724812663371491
1114646,5229617,8.724812663371491
1114646,4270203,8.68556871675917
1114646,5959593,8.674613210958608
1114646,4332918,8.659390441159978
1114646,4765337,8.614996993753763
1114646,3467665,8.59494204210901
1114646,1884059,8.59494204210901
1114646,8117088,8.531445883514632
1114646,266552,8.531445883514632
1114646,3721191,8.502187633369065
1114646,687064,8.468881015774976
1114646,5661838,8.468881015774976
1114646,6949533,8.452436309718998
1114646,590265,8.43901661949574
1114646,3952047,8.409998977727456
1114646,8472301,8.311115473515468
1114646,1941750,8.311115473515468
1114646,444375,8.286573681195032
1114646,3442164,8.278669024728952
1114646,8566995,8.25501307776722
1114646,3828281,8.227536356956547
1114646,1703791,8.218255499672289
1114646,2716697,8.21453026110055
1114646,6113191,8.21453026110055
1114646,557298,8.207089906421302
1114646,4275517,8.182832126171874
1114646,5650666,8.182832126171874
1114646,606868,8.182832126171874
1114646,6455057,8.1693342994591
1114646,7065010,8.1693342994591
1114646,5885153,8.159719944273418
1114646,1573874,8.15137768368287
1114646,7103112,8.120164134165888
1114646,4453440,8.112893667199936
1114646,7931529,8.112893667199936
1114646,4656405,8.107349559742149
1114646,3292874,8.1005296971595
1114646,7958765,8.089188720869009
1114646,1607781,8.089188720869009
1114646,4656404,8.088794545676798
1114646,4411216,8.077388119276286
1114646,5640859,8.055366069169995
1114646,5661840,8.055366069169995
1114646,4911552,8.02794148465513
1114646,4060830,8.02794148465513
1114646,679108,8.020835152501679
1114646,6904393,8.008749974043694
1114646,517672,8.008749974043694
1114646,2911035,7.9995661493903
1114646,6901873,7.997664354599936
1114646,1971975,7.975584929058756
1114646,8566996,7.975584929058756
1114646,4609422,7.975584929058756
1114646,898854,7.967614744955446
1114646,1786995,7.963635623510711
1114646,2911040,7.944533969058093
1114646,2998254,7.937790100735436
1114646,6264172,7.919026696099348
1114646,4548482,7.908187905066663
1114646,7653218,7.908187905066663
1114646,696388,7.908187905066663
1114646,8391055,7.886599090486087
1114646,2720927,7.886599090486087
1114646,3614079,7.886599090486087
1114646,3625056,7.886599090486087
1114646,2840595,7.886599090486087
1114646,2441772,7.886599090486087
1114646,2879828,7.886599090486087
1114646,7575866,7.886599090486087
1114646,410911,7.886599090486087
19335,7267248,16.367613424836332
19335,8635981,15.736685111544277
19335,5078867,13.859488508689186
19335,5711213,13.322002702530998
19335,8209494,12.689296539082257
19335,772232,12.343224310376568
19335,5293908,12.118831980401552
19335,7158441,12.074287552869716
19335,354219,12.074287552869716
19335,7954313,11.988301388738906
19335,527698,11.94299730306273
19335,5459549,11.902445666813232
19335,566655,11.893270354069566
19335,2966377,11.864328677631137
19335,6369174,11.82843378548437
19335,3260688,11.745446761436783
19335,6130626,11.656917991429246
19335,8782570,11.63868084260165
19335,8175521,11.577068562119088
19335,1837110,11.55530922437487
19335,2610812,11.544898789532777
19335,851855,11.458896157348553
19335,5365657,11.456955882951704
19335,3366913,11.425420485558071
19335,7868947,11.425420485558071
19335,7778619,11.422110124157749
19335,1565007,11.4207766326501
19335,2699656,11.409991034720907
19335,4480942,11.396183414730189
19335,7013943,11.396183414730189
19335,1720388,11.371911405151524
19335,6784591,11.366603921495862
19335,6902383,11.34428355528677
19335,958928,11.34428355528677
19335,3656967,11.308389815950163
19335,8107928,11.27527665496158
19335,3366911,11.250768959605713
19335,8677296,11.22400003207471
19335,4486321,11.214251500628887
19335,1544910,11.194482529338924
19335,5078865,11.194482529338924
19335,1906594,11.194482529338924
19335,7332885,11.193732329896555
19335,2449497,11.180658773566334
19335,736391,11.1372710862962
19335,7954314,11.132229392521612
19335,7009818,11.121128513629253
19335,8107929,11.121128513629253
19335,398457,11.121128513629253
19335,8121253,11.108647896322989
19335,7267243,11.108012984193547
19335,4856832,11.087906467688457
19335,7787893,11.081376565749647
19335,6238007,11.065620097972115
19335,2459781,11.053087532031146
19335,6510257,11.048775935721796
19335,429852,11.048775935721796
19335,4480947,11.048775935721796
19335,1565010,11.000328841286427
19335,8782571,10.998147709020555
19335,3964110,10.998147709020555
19335,1567674,10.977403448688257
19335,6238013,10.95858297098803
19335,416990,10.94279726220725
19335,1958102,10.927448920841517
19335,2966373,10.906990334095997
19335,3219569,10.906990334095997
19335,775468,10.891698239653005
19335,6397609,10.890083973232102
19335,8120473,10.861478768764329
19335,3559596,10.837516478224636
19335,4480948,10.837516478224636
19335,5078863,10.837516478224636
19335,7886000,10.837516478224636
19335,7954315,10.837516478224636
19335,8209496,10.837516478224636
19335,141506,10.836937959122073
19335,1208861,10.828437374578286
19335,7206430,10.781416229923563
19335,7933664,10.768962349384179
19335,5594682,10.768962349384179
19335,5649120,10.768962349384179
19335,4164107,10.768962349384179
19335,2304005,10.75744676748156
19335,2053766,10.734561701506156
19335,8078230,10.732364542608892
19335,3428081,10.717062244968185
19335,5829205,10.705290752188962
19335,3058990,10.701308976274449
19335,1208857,10.701308976274449
19335,3383153,10.701308976274449
19335,1720395,10.701308976274449
19335,8120477,10.681051813769933
19335,4831119,10.681051813769933
19335,946392,10.681051813769933
19335,7959785,10.681051813769933
19335,2874503,10.680916723718436
19335,236090,10.630014988425446
19335,7367407,10.625724680273878
19335,1363067,10.624940062231923
789700,6834593,13.661469531850132
789700,4273589,13.287664846655979
789700,7301424,13.101048510407256
789700,6939903,13.052372634155217
789700,6834590,12.309886806652816
789700,6939898,12.245523118697585
789700,6939905,12.066099282720321
789700,6834596,11.933543455823798
789700,6939899,11.933543455823798
789700,6834599,11.933543455823798
789700,1260652,11.813157746354024
789700,4273580,11.813157746354024
789700,6834597,11.579528931754982
789700,8197220,11.466145950508345
789700,6834595,10.80649981149331
789700,1590507,10.78004070869327
789700,4273582,10.421795457908628
789700,6939901,10.063539989981637
789700,698486,10.063539989981637
789700,6834598,9.810605894818478
789700,6834594,9.648930284758313
789700,8598565,9.648930284758313
789700,1563909,9.57007442015686
789700,4273584,9.57007442015686
789700,338319,9.41616720265522
789700,1698200,9.34105515315416
789700,4273588,9.34105515315416
789700,6834592,9.34105515315416
789700,4273583,9.267131946554118
789700,6939904,9.19436957968524
789700,1260650,9.1227409220115
789700,1437501,9.052219681902214
789700,1142252,9.052219681902214
789700,1563907,9.052219681902214
789700,8829257,8.982780374455974
789700,3272322,8.982780374455974
789700,4273587,8.982780374455974
789700,8829258,8.847049468746597
789700,6834591,8.847049468746597
789700,1533753,8.780710664855658
789700,4273585,8.780710664855658
789700,768317,8.587532154820773
789700,5471744,8.587532154820773
789700,8299302,8.587532154820773
789700,7639308,8.525014451617064
789700,4492312,8.342806197030486
789700,6939902,8.342806197030486
789700,8302630,8.342806197030486
789700,1590503,7.394530192870641
789700,302463,6.914257043952515
47923,8418683,29.91504005325783
47923,8348762,29.450642775559118
47923,1868437,28.030746744475287
47923,5417582,26.30484468124655
47923,1681336,25.83294766029568
47923,1681334,25.772334547879613
47923,5032362,25.75349984166624
47923,6643066,25.692453817619246
47923,1960681,25.401132517153584
47923,6919836,25.197737506913448
47923,6241150,25.03041597683035
47923,6241152,24.866201705744526
47923,5586331,24.619017852630584
47923,1868438,24.52448030639016
47923,7914498,23.986416077355848
47923,2135499,23.54334592665334
47923,6241147,23.404861959554367
47923,4202490,23.384805528220134
47923,4297620,22.923528040272213
47923,99926,22.782518431220037
47923,5147529,22.080402798495598
47923,727614,22.05764207108808
47923,5147527,22.03697966589076
47923,3348838,21.85107501657677
47923,8619126,21.839663524809524
47923,5032364,21.81516930642299
47923,2569321,21.766475593014544
47923,8418678,21.628357670642725
47923,8418679,21.5825774843886
47923,1681332,21.531874571574015
47923,618556,21.50971952085554
47923,3438013,21.477775115582133
47923,8619129,21.436124458691484
47923,5417584,21.387022580304283
47923,3348834,21.22041498064567
47923,5417580,21.196300621932124
47923,3883233,20.592696412930696
47923,611271,20.524187207907275
47923,473809,20.470747925153695
47923,4523463,20.25700164404192
47923,6176198,20.21617653016564
47923,264754,20.21617653016564
47923,8418681,20.07920598867817
47923,2838662,19.854099212863296
47923,3246975,19.83215000659181
47923,5147526,19.81956853219755
47923,8659158,19.815230686018783
47923,284591,19.785580244522507
47923,3883232,19.39123680864103
47923,1296110,19.029987740235892
47923,611017,19.010392501712687
47923,6241151,19.003295411682934
47923,7644552,18.798785503378358
47923,2831044,18.73692838660333
47923,1868442,18.650808111977252
47923,8641107,18.541946905612004
47923,5137402,18.51951550319469
47923,3784249,18.46284246392898
47923,4321228,18.389997952986533
47923,6213242,18.230163081875514
47923,7417272,18.136521601513785
47923,4257346,17.981967859441852
47923,5639362,17.968861201527673
47923,8284608,17.964588632973772
47923,6672697,17.915377300865067
47923,5014461,17.915377300865067
47923,1023866,17.8631336874374
47923,6210760,17.74048999113854
47923,8200714,17.710811816775223
47923,611018,17.672258089366284
47923,1506786,17.648487201087562
47923,8418685,17.61532089868423
47923,3772540,17.573750080839858
47923,1964653,17.573750080839858
47923,2772857,17.47662396491911
47923,1161940,17.461650857049428
47923,3853976,17.41886780410111
47923,5159713,17.376844770729257
47923,2772858,17.340231410862984
47923,525511,17.32626320184883
47923,3946163,17.24626003115244
47923,8441078,17.185744752477618
47923,7417276,17.155050714392253
47923,1892040,17.155050714392253
47923,1354790,17.09124741705555
47923,84017,17.09124741705555
47923,291219,17.04442349715211
47923,1681337,17.00223050775382
47923,3217351,16.989367189660975
47923,3719511,16.989367189660975
47923,3832224,16.877123618995824
47923,4523464,16.84114673837845
47923,2772864,16.817865363563826
47923,4652795,16.812688045644727
47923,436332,16.777259961821507
47923,1023864,16.76635343225131
47923,1488916,16.75025365397633
47923,7774318,16.705757320948656
47923,8516189,16.697617896674597
47923,6244013,16.66676398219012
301524,5585186,24.641726900127466
301524,5585190,23.752443493351766
301524,3115772,20.108136452827317
301524,5585184,19.581294436668845
301524,3664991,17.906402305334254
301524,1825974,17.68783071110717
301524,7499913,17.616791772901173
301524,7499908,17.616791772901173
301524,6391534,17.44413796753893
301524,7499907,16.635153152837567
301524,5794158,16.27861974539517
301524,3664995,16.090431000985298
301524,5633393,16.056922226117
301524,8745829,15.184881415419175
301524,5794161,14.841576547109728
301524,1633284,14.713628723093766
301524,5660547,14.55296173830534
301524,8731137,14.241214207982694
301524,3185150,14.226050436954512
301524,5498039,14.218360581244763
301524,6391532,14.159025740409044
301524,4322234,14.159025740409044
301524,8731138,14.077814158928431
301524,2743165,13.96381657696924
301524,4713303,13.586462951951898
301524,8312845,13.56869326421262
301524,1825969,13.500052895209377
301524,5794160,13.44978676646656
301524,8458062,13.316418265029716
301524,6980221,13.20407879932616
301524,5498040,13.201129423672338
301524,3069472,13.195315628153963
301524,5794159,13.119897141997686
301524,7499912,13.091627031003465
301524,7524163,13.085981767082725
301524,5119196,12.960513044040075
301524,1825966,12.956489396363626
301524,4713298,12.808211848156848
301524,8745828,12.791935730795135
301524,5782216,12.782183877868095
301524,3069475,12.780101191117744
301524,6391535,12.584414541338512
301524,7499911,12.527049698876072
301524,7825902,12.51453630355143
301524,539346,12.481161410797034
301524,289131,12.471990291231371
301524,4402123,12.192554499255625
301524,982597,12.100005518075982
301524,5703889,12.084601467251627
301524,8023625,11.986640478166528
301524,7524159,11.951056947176001
301524,8731133,11.909333313574503
301524,1812641,11.904465561032563
301524,4104753,11.853063405388149
301524,6523265,11.853063405388149
301524,4594122,11.823805344808775
301524,4713299,11.8225395545728
301524,982590,11.775963009539792
301524,3664994,11.76961801894474
301524,7602588,11.743530719762058
301524,2699237,11.709771451891424
301524,1825970,11.679856909707647
301524,5715270,11.669953336577406
301524,5585185,11.664893724734068
301524,6391533,11.660169049186889
301524,8745827,11.648644515592677
301524,6010944,11.63706549129559
301524,5119200,11.634084014179324
301524,7602592,11.586990848838685
301524,8652475,11.574482730553854
301524,5831797,11.466209877876066
301524,5648693,11.445899353312535
301524,2919508,11.40331237782961
301524,25991,11.287127892546584
301524,3664992,11.27639063971554
301524,6169217,11.234095615400026
301524,2609621,11.193738162033132
301524,3067457,11.153491161723494
301524,5455602,11.103877011505851
301524,596635,11.102595170268376
301524,3833955,11.091058853945917
301524,8341657,11.02586768648964
301524,3067456,10.954451396649306
301524,2987535,10.954451396649306
301524,8745825,10.954451396649306
301524,5498037,10.896212205441131
301524,1258572,10.864221747244006
301524,2364680,10.814302113420649
301524,4879854,10.783294986760117
301524,8323156,10.752951490088307
301524,8444266,10.718847403651804
301524,6029018,10.704792010190552
301524,5782214,10.703437924858514
301524,7524164,10.646049682576137
301524,2790373,10.553864358773339
301524,4923743,10.553864358773339
301524,1825968,10.549092550892126
301524,6725116,10.501424138740136
301524,8665817,10.478214104142054
301524,7524156,10.458038774179315
405717,6654655,29.640855904760436
405717,7447941,29.61556692535038
405717,2365660,29.245716468550395
405717,4704978,28.554613231809363
405717,8433858,28.536246543050844
405717,5638740,27.945902878002855
405717,7896212,27.752461823945826
405717,8433854,27.278200582510802
405717,7896211,27.256529324893123
405717,6786304,26.502899116536703
405717,2747492,26.0728633670616
405717,3033900,26.0540534457526
405717,5079482,26.052168719179896
405717,4828118,25.82268227103247
405717,2747484,25.781996832077255
405717,2702419,25.719141274659407
405717,702386,25.294194758621643
405717,6442862,25.1436276379832
405717,2747485,24.93478960468031
405717,1849743,24.699794743027496
405717,2747488,24.68722248393309
405717,1619423,24.680050094705106
405717,3986305,24.54639242118526
405717,2642838,24.53517376931414
405717,7447942,24.27692518604718
405717,758582,24.26573710513353
405717,2365659,24.170765134401563
405717,4489666,24.142945041970254
405717,4577231,24.055933783889575
405717,2702423,24.01742503647369
405717,2747486,23.933177718068187
405717,3986303,23.88184408325212
405717,3514259,23.787460295859873
405717,2747489,23.71475896957996
405717,4704975,23.673897342359766
405717,7589975,23.605617057331507
405717,5690233,23.592482710239985
405717,931517,23.575987622113104
405717,3986308,23.50140940389464
405717,3986309,23.377479846398725
405717,7170626,23.335196520705896
405717,846414,23.20564452939226
405717,7288996,23.154582426288506
405717,702383,23.004237160710545
405717,3986307,22.778303150539255
405717,2365661,22.722015722073508
405717,758586,22.684954102114503
405717,5690234,22.583732189642014
405717,5690237,22.447280313949115
405717,6741362,22.33500287135943
405717,758581,22.205542584322224
405717,2879960,22.176192717702477
405717,4489661,21.991360171438046
405717,1589738,21.959949071630962
405717,234955,21.791189421335744
405717,2125641,21.78450533001273
405717,8156519,21.69335889586408
405717,2747491,21.64412048277287
405717,7170630,21.562132303220267
405717,5668741,21.301282220477447
405717,28368,21.295227139586764
405717,7728831,21.15700226575911
405717,6419725,21.066997784252887
405717,7170629,21.060536750990757
405717,506336,20.781055205879632
405717,3033904,20.763370573734104
405717,576346,20.463727504136788
405717,2365663,20.463727504136788
405717,7447943,20.44446721056218
405717,5079486,20.434069934552106
405717,4704973,20.37448541108522
405717,4776926,20.088451617837748
405717,8433856,20.060523979098114
405717,2616168,20.031325167374998
405717,7631901,19.983085307225046
405717,5690238,19.73050695510219
405717,4776928,19.49459366913076
405717,7965240,19.444989252338328
405717,2413458,19.444989252338328
405717,4432155,19.37706162251708
405717,2365665,19.30684533463787
405717,2413461,19.296962825505368
405717,8610271,19.288579791573714
405717,619037,19.24008731494725
405717,273851,19.230523941514935
405717,5857562,19.202944702573376
405717,28367,19.154022627741085
405717,5274649,19.117233194191677
405717,7170624,19.072821902886236
405717,5690240,19.050644039461066
405717,4987955,19.00367963409588
405717,5428445,18.971074602158012
405717,4326699,18.957980574445628
405717,28372,18.816658736789005
405717,758585,18.589396989984056
405717,8433852,18.489463091734017
405717,3033907,18.440339356135173
405717,8433860,18.434931561083978
405717,2768521,18.40441502987439
405717,7201359,18.391194730177638
165633,8342630,18.630119861305985
165633,6160628,17.70054522015807
165633,6160623,16.777407900251063
165633,675168,16.26557970523414
165633,8342625,16.259731460928514
165633,4870562,16.22905984854515
165633,8329314,15.996744168141536
165633,5689373,15.90103712133398
165633,2006568,15.765766280643778
165633,6228229,15.660498704467354
165633,5689372,15.63615096593193
165633,404254,15.533401900800381
165633,2172292,15.36036995012524
165633,404252,14.821577565212518
165633,6160624,14.767479327371952
165633,3720078,14.521798775859203
165633,4443764,14.436035853996305
165633,2006569,14.171565068292685
165633,5616823,13.950758034180067
165633,2512110,13.902858245741767
165633,675163,13.854863080174926
165633,5929918,13.825874338179215
165633,4626635,13.54247849460175
165633,1908533,13.403220748341266
165633,7413339,13.18997520507871
165633,2882238,13.167092651929766
165633,1030511,13.129211268532005
165633,1895108,13.129211268532005
165633,1030509,13.022782602212754
165633,4086110,12.918065535947637
165633,4086111,12.815019109826356
165633,6450704,12.71360366053214
165633,8342626,12.600968767778866
165633,4215354,12.589881791094085
165633,7077632,12.515513219092423
165633,1486171,12.418764936930316
165633,6450707,12.418764936930316
165633,18386,12.418764936930316
165633,1972001,12.418764936930316
165633,2006567,12.32350096114743
165633,440452,12.22968739356565
165633,4198330,12.22968739356565
165633,2172293,11.956625295685388
165633,675164,11.868294301443793
165633,638194,11.781258847734833
165633,1486174,11.69549063974096
165633,3487778,11.65838034209291
165633,6160626,11.65838034209291
165633,3334630,11.57451343361798
165633,1929750,11.433176051629523
165633,913391,11.400932539893281
165633,2091042,11.301043536153504
165633,6905300,11.242386748005309
165633,8627336,11.188223819950373
165633,1052687,11.166012750072792
165633,5684442,11.093741177518789
165633,6378161,10.986272482404047
165633,1908530,10.886154962736077
165633,3487779,10.880252822065534
165633,2512101,10.847085590579633
165633,638195,10.82377828565359
165633,526011,10.814119957719832
165633,1052689,10.747790808206528
165633,6450703,10.668561282762989
165633,2091039,10.626082219370556
165633,2172297,10.626082219370556
165633,2599025,10.612134797161945
165633,5689381,10.577181952764754
165633,526013,10.542130909474924
165633,4870557,10.518926120581797
165633,7437093,10.511651259803084
165633,404251,10.495159109553214
165633,404250,10.46429482871407
165633,6450705,10.459495715427844
165633,1908531,10.418662027922853
165633,4004681,10.378145928556538
165633,3487774,10.25846653544952
165633,1972002,10.25846653544952
165633,6719097,10.250542200716943
165633,6719090,10.250542200716943
165633,884432,10.197102068515491
165633,2091045,10.180202048309223
165633,8754414,10.169664146106614
165633,764171,10.156461234896739
165633,2802183,10.149468957344952
165633,1895107,10.136393422896345
165633,3720074,10.136393422896345
165633,6844662,10.136393422896345
165633,3023319,10.121421286268403
165633,1822644,10.105712488414401
165633,3720075,10.078970302648264
165633,7459867,10.074037332881478
165633,8537767,10.042560120943747
165633,2262665,10.018582291727471
165633,884437,10.01767592119835
165633,4078178,9.996872623142057
165633,3214681,9.980192152041404
165633,2802186,9.971956505699643
165633,5684445,9.952413460434771
165633,5689378,9.951939343774814
952774,186679,9.678202490667369
952774,1878909,9.539143178007693
952774,2811936,9.459961311791812
952774,5689265,9.42480380493644
952774,5708772,9.292881352173715
952774,8197888,9.292881352173715
952774,278696,9.260750194553067
952774,278694,9.258343386211665
952774,222306,9.233289867415255
952774,8084549,9.233289867415255
952774,7071911,9.228673225319415
952774,2911255,9.160962111456316
952774,8396150,9.114569950729724
952774,3792006,9.107374138668659
952774,3871953,9.054570440041635
952774,4157340,8.969959419549134
952774,3470168,8.955833175624429
952774,1878904,8.942106056293333
952774,7239154,8.933606722673948
952774,372146,8.91932079843375
952774,372148,8.882638220950614
952774,437301,8.874096869268891
952774,56289,8.859574264761369
952774,372147,8.832401177195123
952774,18932,8.802530786443333
952774,479317,8.774378801585835
952774,7297432,8.766044283288975
952774,7687873,8.738876373195758
952774,7543352,8.725355469965137
952774,3994184,8.725355469965137
952774,278690,8.71299876989217
952774,278697,8.71299876989217
952774,3463484,8.698998242739918
952774,2280292,8.69201483823337
952774,4651459,8.675245584363097
952774,1560842,8.672799773794603
952774,6426311,8.672799773794603
952774,3238119,8.672799773794603
952774,7775581,8.672799773794603
952774,7905931,8.668726486060976
952774,3139838,8.660591378241806
952774,4047903,8.646758633055804
952774,1416217,8.634072191624805
952774,5689274,8.634072191624805
952774,3470175,8.634072191624805
952774,5250325,8.620873407574598
952774,4293279,8.595142701270966
952774,5956772,8.595142701270966
952774,4198814,8.592414315414922
952774,6979859,8.592414315414922
952774,4916400,8.571953057511237
952774,868957,8.544139344719389
952774,6304505,8.531321504340807
952774,5615475,8.518863984419236
952774,8164768,8.518863984419236
952774,3415930,8.498182102020905
952774,1973102,8.498182102020905
952774,372150,8.498182102020905
952774,358216,8.498182102020905
952774,5210281,8.493737722712227
952774,7070205,8.493737722712227
952774,4557262,8.471091310356012
952774,3023854,8.464875319308845
952774,1847439,8.464875319308845
952774,3412505,8.431828594785836
952774,5735052,8.431408099485063
952774,8765812,8.423082603053142
952774,2506693,8.41924045194117
952774,7947317,8.41924045194117
952774,1028815,8.411705591594048
952774,1324364,8.411705591594048
952774,372141,8.411705591594048
952774,6210781,8.407735000823708
952774,545765,8.407735000823708
952774,7004659,8.399038894508534
952774,7071907,8.399038894508534
952774,7543345,8.399038894508534
952774,6825748,8.372575535591146
952774,625499,8.370297388916514
952774,5401921,8.366503231544385
952774,4623787,8.366503231544385
952774,6361654,8.366503231544385
952774,2161484,8.366503231544385
952774,8396153,8.366503231544385
952774,415416,8.366503231544385
952774,6210783,8.358925226535073
952774,5327939,8.346038627281603
952774,7070204,8.346038627281603
952774,5677307,8.346038627281603
952774,2161480,8.3342186650646
952774,6426310,8.3342186650646
952774,7543343,8.3342186650646
952774,7728727,8.3342186650646
952774,6141306,8.302182299458051
952774,4662166,8.302182299458051
952774,1168568,8.302182299458051
952774,5505224,8.302182299458051
952774,2911253,8.302182299458051
952774,4651452,8.302182299458051
952774,926179,8.302182299458051
766511,6620365,14.15688474201277
766511,284665,13.47432126026172
766511,3081708,13.316961656824148
766511,8479075,13.30318794555096
766511,1686104,13.14305881773797
766511,5678236,12.739269454559233
766511,2653079,12.513217136724505
766511,3192263,12.114400409826924
766511,5365546,11.924375716670184
766511,6368776,11.561666534014401
766511,7218655,11.476254994176184
766511,4177139,11.220371373034341
766511,5365545,11.139910478724325
766511,73996,11.03213438233777
766511,73989,10.621107210568507
766511,3375154,9.991442763570365
766511,1686102,9.970996105404302
766511,73992,9.970996105404302
766511,5364049,9.861826933323568
766511,8479074,9.77726865518656
766511,5365543,9.716117281098882
766511,4801077,9.716117281098882
766511,762023,9.704411597599787
766511,2629950,9.694148105882585
766511,6908976,9.693185692564885
766511,13024,9.634028861062918
766511,7070608,9.627986026008355
766511,2421133,9.594626450842075
766511,1746433,9.587289407539297
766511,4529258,9.587289407539297
766511,7690801,9.552754803712803
766511,4353999,9.552754803712803
766511,455308,9.550549447928937
766511,4737563,9.550549447928937
766511,4115365,9.509279161264947
766511,2981699,9.494221649316904
766511,73991,9.479211747753467
766511,1755202,9.478690150538245
766511,3349992,9.455487948459837
766511,4760132,9.454256492654915
766511,1243183,9.423504342623838
766511,2981704,9.402943413417342
766511,1746432,9.402943413417342
766511,6463267,9.357768680579053
766511,6374635,9.310259573080078
766511,8530142,9.288520197266587
766511,4414090,9.254651761599078
766511,7620210,9.254651761599078
766511,4994516,9.254651761599078
766511,5025844,9.243549638056729
766511,8385585,9.243549638056729
766511,4429575,9.239893584259782
766511,1746429,9.201750553240569
766511,7902898,9.196636548067572
766511,4037250,9.169221636926709
766511,6130016,9.16790085172536
766511,7966691,9.163433665442742
766511,1746431,9.163433665442742
766511,869407,9.160288269590842
766511,7465702,9.147710306786712
766511,2010314,9.124951172760545
766511,2561878,9.110964836572437
766511,6550018,9.096079453418666
766511,3595043,9.087749311969617
766511,1476002,9.054731643565482
766511,7930992,9.026874551150486
766511,7918701,9.013304929963226
766511,1243179,9.005652552658749
766511,1740418,8.976538244438366
766511,4469414,8.971671439617515
766511,1774519,8.971671439617515
766511,8180416,8.968753888988841
766511,5788514,8.944322304600195
766511,756382,8.944322304600195
766511,1746430,8.94007029448642
766511,8747167,8.917139404381427
766511,4455656,8.917139404381427
766511,83093,8.890121227929168
766511,8234535,8.890121227929168
766511,8259615,8.890121227929168
766511,3925120,8.883490665564747
766511,4801078,8.883490665564747
766511,3612098,8.883490665564747
766511,5365542,8.883490665564747
766511,6130010,8.877531189391025
766511,546575,8.863266282469253
766511,7690799,8.863266282469253
766511,4471427,8.836573093210463
766511,2026677,8.836573093210463
766511,8259619,8.836573093210463
766511,2210200,8.832422887310793
766511,4483111,8.832422887310793
766511,7909993,8.81481889426372
766511,2750982,8.81481889426372
766511,5217248,8.810040203074538
766511,2864311,8.783666172431047
766511,3595040,8.783666172431047
766511,8234539,8.771375639869092
766511,1272374,8.757449578837017
766511,356551,8.757449578837017
1106293,2309385,23.011986527986497
1106293,2309383,22.221072110270462
1106293,8196725,21.795111660661256
1106293,2332752,21.48767190080091
1106293,8199433,21.17933276819957
1106293,7260335,20.991842618319854
1106293,2332966,20.89941629129974
1106293,7260300,20.854719150820863
1106293,2332751,20.692701127598916
1106293,7260308,19.771887889832826
1106293,8199430,19.539230804138096
1106293,2332862,18.768677930612704
1106293,7260298,18.3181506840717
1106293,2332756,18.151469330670647
1106293,8199429,17.67460487998207
1106293,7260305,17.01874704552731
1106293,2332510,16.921448435014483
1106293,7260312,16.85389280142226
1106293,2332509,16.774182164840873
1106293,2309382,16.693123623944075
1106293,2332750,16.58756563663032
1106293,2332643,16.503979809161287
1106293,2332863,16.451705369518983
1106293,5942272,16.191023937150394
1106293,2309384,16.18195562999586
1106293,2332860,16.049830183496358
1106293,2332965,16.027282466362767
1106293,7260301,15.99335190101637
1106293,4133771,15.812896010759921
1106293,4417049,15.801329027458095
1106293,7260299,15.561094590743211
1106293,3445111,15.494546884657499
1106293,7262834,15.411295262236287
1106293,7260323,15.372391648501072
1106293,2266400,15.365574476351785
1106293,4417051,15.281530396052545
1106293,2332638,15.267223504598512
1106293,4698715,15.265657030900325
1106293,4675054,15.230960961436521
1106293,6101864,15.143956312324775
1106293,2332754,14.963672676419431
1106293,2332755,14.928973544099335
1106293,3117642,14.80553242521264
1106293,5307205,14.750357189239102
1106293,1867605,14.636845101934032
1106293,4582049,14.612899438724508
1106293,4692218,14.570320520393203
1106293,4675051,14.49141808434102
1106293,8711998,14.491243650599458
1106293,7260336,14.43065070243476
1106293,2450319,14.413020488459322
1106293,2332861,14.350924141914263
1106293,2333201,14.336022103818252
1106293,2321816,14.296441505035823
1106293,4696930,14.290830443022024
1106293,8199428,14.272103439772078
1106293,2332514,14.208192265893224
1106293,7260304,14.197596811726626
1106293,1646994,14.180082299650273
1106293,4369204,14.180082299650273
1106293,7890245,14.118092221471585
1106293,3017194,14.108394263513844
1106293,3847463,14.108394263513844
1106293,8225797,14.108394263513844
1106293,7861145,14.057769190028978
1106293,7260311,14.056323954167333
1106293,8494408,13.99796925955642
1106293,5148340,13.960859472952588
1106293,5933474,13.938685531060067
1106293,7141681,13.929110828559514
1106293,3898219,13.879911228380497
1106293,7300563,13.875623730536546
1106293,2912530,13.826219452210642
1106293,4192855,13.816378361228171
1106293,5933431,13.816378361228171
1106293,823805,13.802178497686468
1106293,705455,13.802178497686468
1106293,2431595,13.755255905382619
1106293,8680860,13.745253460046804
1106293,254006,13.745253460046804
1106293,2332637,13.744435221575106
1106293,7842856,13.728279343170119
1106293,7873114,13.726406785113847
1106293,7349666,13.709215541921255
1106293,7822564,13.703430327446572
1106293,3114170,13.674857091773399
1106293,3915107,13.605178119891427
1106293,6557747,13.53620563371404
1106293,2922027,13.53620563371404
1106293,5149765,13.532563742128167
1106293,7286868,13.5103321461269
1106293,5246434,13.5103321461269
1106293,7260306,13.481947548797883
1106293,5997644,13.436187868169498
1106293,8709944,13.415914269467692
1106293,2259044,13.400337570872868
1106293,7747177,13.400337570872868
1106293,8199431,13.391490955193058
1106293,253998,13.388423538485613
1106293,5399295,13.38101603904092
452431,7519416,27.470397356328984
452431,5642853,27.298405454408446
452431,2576518,27.061585968044927
452431,470914,26.961804380043144
452431,8720583,26.555749742453525
452431,3399113,26.535775821289974
452431,1898634,26.23237540062048
452431,489111,25.966647670966566
452431,8498479,25.306323826891127
452431,1193055,25.285893625313037
452431,343316,25.161323901462328
452431,5621673,25.1549978505116
452431,3717859,25.12040657855994
452431,996347,25.06383000773593
452431,3461995,25.018212459944934
452431,1948854,24.962579083704515
452431,938092,24.864373094070647
452431,2004963,24.71800064856824
452431,3698287,24.674937787270377
452431,7520147,24.630826885866764
452431,7751023,24.57793934102845
452431,2220518,24.513714459815404
452431,2004960,24.31370525867405
452431,2765214,24.251664732788793
452431,823822,23.874505029101776
452431,8438344,23.69524062750899
452431,1484503,23.542375894248458
452431,153567,23.463708458107305
452431,2644506,23.22497940670954
452431,7492694,23.21664039266119
452431,5121285,23.16631139502462
452431,1036665,23.08747437870244
452431,3168072,22.992981542521573
452431,1046416,22.89909897276124
452431,6709585,22.85693880582259
452431,4872591,22.836413792980792
452431,6050442,22.71582553960416
452431,4915373,22.67131034938226
452431,154488,22.656938782246424
452431,1336033,22.61591225645067
452431,4643486,22.597904544683505
452431,8802016,22.59425541907084
452431,6936340,22.54578094908372
452431,2896153,22.482756577734072
452431,5306303,22.44481912214759
452431,753416,22.434829406420413
452431,4889896,22.429992318369678
452431,4872587,22.419177762468692
452431,5917624,22.40039081261251
452431,4193277,22.39382174140749
452431,1965730,22.344777161654264
452431,5450907,22.32810653942155
452431,1036667,22.266536963188862
452431,7165545,22.224216906219
452431,1466203,22.223996137407866
452431,5655382,22.197834038736293
452431,3466597,22.158849887365673
452431,958510,22.099787921209415
452431,3046441,22.014892720921566
452431,129271,21.94885585373958
452431,3607922,21.92427654533373
452431,737469,21.908899619522334
452431,8110255,21.905752199501105
452431,7371848,21.889107445350543
452431,6991173,21.872821075060923
452431,2610526,21.858437925036377
452431,154487,21.84009209313711
452431,1386149,21.81435957429983
452431,8605049,21.763142865493204
452431,1036671,21.74646318052933
452431,6069847,21.733236671699657
452431,2420826,21.729055746114543
452431,3219602,21.72645830779234
452431,5621674,21.72645830779234
452431,6709581,21.70482034918902
452431,8653158,21.66489453446605
452431,2543005,21.641735682131134
452431,5450900,21.64030006578159
452431,1512773,21.639437971294118
452431,4556044,21.615188053548334
452431,4872588,21.586593606146288
452431,6614996,21.536691746245207
452431,1786259,21.476980755753907
452431,3407664,21.44805916071733
452431,1193051,21.44495800249142
452431,8438345,21.42530731197821
452431,3399114,21.410717107491088
452431,6281529,21.39779651973673
452431,5642855,21.37723209211563
452431,2542999,21.376323831032487
452431,973432,21.371636663655654
452431,6281528,21.34552314846009
452431,2069991,21.30010579845253
452431,1441986,21.296812510911934
452431,182808,21.28310391326275
452431,323699,21.28310391326275
452431,6615001,21.230724378349304
452431,938099,21.21602852575415
452431,323701,21.21525091477563
452431,5413397,21.21159763075881
1109818,8164358,14.16176612671109
1109818,8164355,13.826487862450984
1109818,8164359,12.486071659256591
1109818,8164357,11.315013468616549
1109818,8164362,11.092767269055608
1109818,1175892,11.09213867804494
1109818,1175890,10.46881676193614
1109818,8164356,10.148469077315315
1109818,1575273,9.632647159119555
1109818,2172336,9.533979880435727
1109818,2109404,9.397106798441436
1109818,3229195,9.33428114020024
1109818,3786960,9.249744275887771
1109818,6830034,9.158728188302824
1109818,8330211,8.648149286182816
1109818,1353376,8.43390527884699
1109818,2895075,8.35817087150372
1109818,8454719,8.35817087150372
1109818,6011638,8.191491686355148
1109818,8164353,8.138914485085158
1109818,8213171,8.068363157629614
1109818,5173399,8.040271126463356
1109818,1914317,8.030020133345943
1109818,6996880,7.99902445226652
1109818,8429657,7.99902445226652
1109818,1407929,7.987509304446635
1109818,3293803,7.934494694901443
1109818,7661720,7.930867371922963
1109818,340604,7.924135254219513
1109818,4939749,7.86386196706413
1109818,6656339,7.86386196706413
1109818,340599,7.861305584677232
1109818,3841424,7.797979291812429
1109818,7225311,7.7567996000884865
1109818,4397867,7.748257100797049
1109818,4168770,7.748257100797049
1109818,6293679,7.746603895187969
1109818,7682465,7.739700112204259
1109818,7442666,7.733191362254095
1109818,8164360,7.733191362254095
1109818,5178835,7.722785761346991
1109818,3626143,7.716140658537896
1109818,1111942,7.6968699766596576
1109818,5796316,7.694618078257657
1109818,7826065,7.692817508051244
1109818,1111937,7.683659106138317
1109818,8561253,7.67117709912764
1109818,2614451,7.669471116807031
1109818,7907247,7.669471116807031
1109818,4175544,7.669471116807031
1109818,5895153,7.669471116807031
1109818,5916250,7.669471116807031
1109818,8791803,7.668443465654724
1109818,8073533,7.6550511972648305
1109818,6508151,7.650745970127392
1109818,4163233,7.635736648884377
1109818,3147504,7.624653981118409
1109818,2318990,7.621369178969841
1109818,2242401,7.618279217532012
1109818,552004,7.6162569863941965
1109818,2847705,7.612215743151724
1109818,1637457,7.606792378532075
1109818,7658873,7.606792378532075
1109818,8043025,7.606792378532075
1109818,6003842,7.606792378532075
1109818,6242312,7.605336528425862
1109818,7148010,7.601703331617641
1109818,7026019,7.6007080860482334
1109818,2421167,7.599018979396439
1109818,6288252,7.590293912362521
1109818,6406277,7.581858826353001
1109818,2421165,7.5647760010213565
1109818,2421164,7.547769981891075
1109818,7511816,7.545129819277276
1109818,4078762,7.545129819277276
1109818,2735728,7.545129819277276
1109818,4733598,7.545129819277276
1109818,4302364,7.545129819277276
1109818,4674543,7.545129819277276
1109818,7100262,7.545129819277276
1109818,2437781,7.54127717645726
1109818,7826068,7.540589134280321
1109818,5815049,7.536800668679551
1109818,7697674,7.5329456795511085
1109818,7942466,7.530840252130731
1109818,8164328,7.530840252130731
1109818,8045513,7.530840252130731
1109818,2421166,7.530840252130731
1109818,7426365,7.522326941612957
1109818,1732391,7.515954579463095
1109818,4524279,7.507908698896214
1109818,5677224,7.503356946488373
1109818,4153405,7.503356946488373
1109818,7186027,7.502340425671438
1109818,6011639,7.498570209069075
1109818,671477,7.493545622094719
1109818,80917,7.493545622094719
1109818,2656894,7.489734743746772
1109818,8515986,7.4844589255521585
1109818,7238323,7.4844589255521585
1047902,8829164,26.953369090303376
1047902,3969859,23.773260455554627
1047902,4907903,22.59573988746135
1047902,4887380,22.07194868902587
1047902,4458881,22.0382990330433
1047902,5321215,21.95706810947176
1047902,3870188,21.711944668957926
1047902,8829163,21.621241228297453
1047902,3578820,21.470676182009335
1047902,8829166,21.44269946122118
1047902,4907907,21.19890711841675
1047902,5931023,20.963127456642525
1047902,8216248,20.815424025305855
1047902,7615767,20.182289475081376
1047902,8778402,20.020469500814748
1047902,8216250,19.5598498733305
1047902,2322180,19.480386319917784
1047902,8216249,19.447773713886967
1047902,2129916,18.94171988550314
1047902,8216256,18.91310657722319
1047902,3578817,18.749721002124847
1047902,8216255,18.746736217413954
1047902,6580611,18.62759699248243
1047902,3578814,18.574843733424018
1047902,3578813,18.544538225161084
1047902,8216252,18.361461348086628
1047902,5406763,18.3439890575539
1047902,3861721,18.22190936258082
1047902,5321213,18.06888755688624
1047902,4983543,18.0143058044233
1047902,8216251,17.93336365054606
1047902,2937910,17.833319865853973
1047902,5783126,17.80191543669857
1047902,8226815,17.71667955221227
1047902,4458875,17.684288203931
1047902,4209850,17.684288203931
1047902,6200609,17.619307961107825
1047902,4793518,17.60255513074858
1047902,7885728,17.54015504898646
1047902,2819938,17.52355770442056
1047902,6211611,17.466369206006853
1047902,4887377,17.444063250749306
1047902,4956715,17.349389841442857
1047902,4956714,17.290959345783786
1047902,4983548,17.2775651458768
1047902,6200615,17.255738518801305
1047902,1939964,17.255738518801305
1047902,6211610,17.23100019070872
1047902,4061523,17.167770677877765
1047902,2129923,17.167770677877765
1047902,5264185,17.163092820138967
1047902,3178329,17.137410746595414
1047902,5321210,17.071436634433347
1047902,3178336,17.071436634433347
1047902,8839901,17.071436634433347
1047902,4458874,17.04632489717915
1047902,7575513,16.994839078162208
1047902,3473751,16.9877677885331
1047902,3309838,16.93912551826142
1047902,4214537,16.926585275656098
1047902,3724599,16.89103006037389
1047902,4841983,16.89103006037389
1047902,819368,16.87521974186449
1047902,3937186,16.802249125700037
1047902,1577416,16.796017686786914
1047902,4458876,16.757272533923953
1047902,3659825,16.71439659410014
1047902,8839900,16.71439659410014
1047902,5386542,16.62505927954902
1047902,8798419,16.543595937751853
1047902,4887379,16.541419091791134
1047902,7899836,16.456266038831554
1047902,1414760,16.371985209246127
1047902,1414764,16.371985209246127
1047902,5439176,16.288563270033805
1047902,1035658,16.205987158564206
1047902,8839906,16.205987158564206
1047902,3559117,16.180518721487484
1047902,2819943,16.142979647981097
1047902,7860048,16.133301783306926
1047902,4273191,16.12424407575883
1047902,5124259,16.086265809246694
1047902,1182826,16.047323022045603
1047902,4824537,16.043321479477676
1047902,5931022,15.991770331995316
1047902,3178337,15.963207078103906
1047902,4273196,15.963207078103906
1047902,2322183,15.922604832469712
1047902,1418304,15.883888824319879
1047902,3841932,15.862462736306796
1047902,8661516,15.839253206198954
1047902,8110543,15.805354909067752
1047902,1489753,15.76886228054941
1047902,2643680,15.76886228054941
1047902,4907905,15.76886228054941
1047902,4793515,15.765550682710453
1047902,4042175,15.749414111629836
1047902,2578550,15.727593755688364
1047902,2129914,15.727593755688364
1047902,8218328,15.65884121932164
306076,1663914,30.659824664530188
306076,6414937,29.028313282913416
306076,539515,25.506524408975004
306076,7043775,25.398230632596544
306076,3169822,25.37742074571013
306076,4143927,25.096644944953344
306076,6414938,24.368685759964983
306076,6152152,24.294560167936414
306076,211462,24.267570992363762
306076,2874001,24.107263854346407
306076,6385398,24.020748717113094
306076,6677853,23.916766695659256
306076,211461,23.533924550790214
306076,8695573,23.48110271318942
306076,6385397,23.407289768048564
306076,6152153,23.20194170807317
306076,4143926,23.008822459606144
306076,4143929,22.98297651707541
306076,4143928,22.83727450421191
306076,6414936,22.624450723384825
306076,8361569,22.62146013472444
306076,875621,22.586163840001838
306076,3402599,22.188000796354952
306076,4727588,21.51699692953688
306076,378698,21.268750145817776
306076,6347725,21.23824078285211
306076,3256033,21.19713996537304
306076,2335737,21.104843088828687
306076,1621637,21.00280393414855
306076,3169816,20.922537057895788
306076,8236527,20.89651288231417
306076,3169818,20.61079355640841
306076,5862205,20.560187111751823
306076,5210484,20.521225913817585
306076,6414934,20.446717194919476
306076,3738277,20.193296034032464
306076,3295464,20.152449891191957
306076,6414933,20.143679864804025
306076,260037,20.09862804345427
306076,5728301,19.942910949029923
306076,5681295,19.84454111989131
306076,796184,19.75263280800505
306076,539523,19.722716708344876
306076,3100218,19.62752066021233
306076,796191,19.526700763074118
306076,2077660,19.447728373199876
306076,1857399,19.301025657578933
306076,439634,19.224727363530327
306076,1662942,19.223808890743733
306076,2193180,19.223808890743733
306076,4928773,19.142746157750096
306076,5844627,19.128986140431724
306076,796183,19.122724136012167
306076,1473620,19.08192362204969
306076,6445467,19.011071207827538
306076,1663911,18.998228096141254
306076,4553138,18.919444255896398
306076,8302055,18.9099294394153
306076,5530256,18.84873141462986
306076,8746585,18.808410969875638
306076,5340827,18.748072766193268
306076,6150716,18.742668070035624
306076,7622099,18.738312839066865
306076,4113841,18.735530283995715
306076,3432676,18.710239391628534
306076,2365497,18.709192006532692
306076,6448459,18.709192006532692
306076,8619640,18.651056200497376
306076,6046073,18.646435416142488
306076,7307579,18.621781887317397
306076,8443940,18.601095385151364
306076,8443938,18.601095385151364
306076,7815200,18.58013458715419
306076,1618049,18.568297386446066
306076,1813360,18.557446615574783
306076,755855,18.552098346455008
306076,4902093,18.53632459438934
306076,2831094,18.47484558319477
306076,237588,18.447757793467442
306076,1860292,18.419860153636517
306076,2654273,18.374234561703048
306076,4308924,18.35835346962517
306076,2951886,18.35396992839291
306076,6150715,18.328313279089944
306076,6894608,18.31610782003103
306076,1840305,18.312343778916926
306076,3810020,18.30232876524603
306076,5785845,18.277536261513095
306076,941277,18.254336598276286
306076,6615378,18.201257949545614
306076,902655,18.18500595362799
306076,8458290,18.159443929225546
306076,6163017,18.08153189846891
306076,902652,18.069219353195418
306076,1453370,18.03092462114367
306076,4670007,17.969873323665638
306076,3803548,17.927589186291993
306076,6896422,17.886568999693406
306076,7427555,17.851159319064877
306076,4078388,17.8481884699303
551040,5809996,22.372811598898398
551040,5334406,20.932228457776983
551040,7775213,20.559225372686456
551040,7775211,20.22740942352504
551040,7775210,20.22740942352504
551040,1515283,19.061331761213285
551040,8088537,19.01871965795647
551040,8632291,18.852624599530564
551040,4593398,18.733433009618825
551040,1515280,18.54696117190327
551040,1247052,18.530381486531137
551040,1515277,18.435106246195694
551040,8486075,18.109050314812478
551040,2938498,18.03028620838586
551040,5809988,17.746606985223284
551040,3149269,17.675215192206537
551040,501417,17.610752521521256
551040,5930514,17.53408480021551
551040,8486072,17.502212405527874
551040,5334411,17.41704016566601
551040,1247060,17.331972343708983
551040,8486068,17.202864923204075
551040,5542820,17.05349552442015
551040,5334414,16.91644624295533
551040,331995,16.83599762384688
551040,224179,16.72240274274339
551040,5542813,16.711188863332193
551040,5930516,16.673661421665532
551040,7930522,16.589757498505488
551040,3988211,16.564363394631823
551040,2410356,16.366560214311857
551040,6810004,16.344376266801717
551040,3388911,16.188905022013472
551040,6251934,16.07922026339818
551040,1340504,16.012205871421415
551040,6014054,15.966692966372959
551040,5223443,15.953359766755241
551040,6429126,15.950701156400358
551040,2410364,15.897105473500488
551040,7323527,15.735593135890962
551040,5758130,15.625007272085245
551040,224177,15.563138551741613
551040,6505427,15.525193149504652
551040,6014051,15.508932142127948
551040,6617685,15.412439389461959
551040,4917934,15.382355416207456
551040,8486069,15.327205947978053
551040,970026,15.324751150330142
551040,5882624,15.255243173690292
551040,5542814,15.25242180530672
551040,3597841,15.248924067881335
551040,1305385,15.230801398793481
551040,5518182,15.18602669882969
551040,5887483,15.184386193683487
551040,1731966,15.153146709335825
551040,1802732,15.038395751083488
551040,4163541,14.96427771139055
551040,1980740,14.939590025658482
551040,8451527,14.931528500019525
551040,5887484,14.891983529350838
551040,7038935,14.829362439243823
551040,2857174,14.814357325579277
551040,5107712,14.81224153551663
551040,6666426,14.789931624614283
551040,4593450,14.739376698343964
551040,3213815,14.709994098183259
551040,3457268,14.688917306941523
551040,6251932,14.669398694118541
551040,5882627,14.5211357512018
551040,7402246,14.510035427341528
551040,1802735,14.509074993538682
551040,7402241,14.467581608822076
551040,5334408,14.46690146515569
551040,4834514,14.464717654523842
551040,5508764,14.414421031751386
551040,6014046,14.414421031751386
551040,4527268,14.414421031751386
551040,6757830,14.408978585112855
551040,6014053,14.398073811546126
551040,1532176,14.398073811546126
551040,1602145,14.39185383984415
551040,8571370,14.349355288914921
551040,4881239,14.29180778143095
551040,6666433,14.277476415243308
551040,8274762,14.27426341315002
551040,224175,14.263496245145479
551040,7112386,14.250704564843424
551040,5782320,14.24373428107269
551040,8703387,14.23900880408533
551040,5988195,14.226034732030831
551040,5305532,14.225153445640991
551040,3597838,14.186621745347292
551040,2761147,14.17566925825477
551040,6412717,14.162110367319755
551040,1515276,14.11925296381304
551040,8493732,14.110340683965354
551040,2723626,14.08306319964542
551040,4415005,14.08306319964542
551040,4470553,14.07755416099883
551040,2080836,14.074035866619019
1059231,2625279,45.544624692730174
1059231,2723493,41.98268533937738
1059231,2813725,41.34861391454035
1059231,4638367,41.21959708405605
1059231,5444310,40.658864010516425
1059231,5062380,40.5435721693527
1059231,5052031,40.52953051059226
1059231,4441414,40.22824043207656
1059231,4215155,40.18637090713659
1059231,5209990,40.09750685837732
1059231,2443985,39.51850948853396
1059231,3224208,39.421815356126615
1059231,4193031,39.37178546410334
1059231,2924992,39.31264590106791
1059231,7030881,39.22175356149021
1059231,2443981,39.212929725818775
1059231,4441004,39.18268818758421
1059231,4576229,39.07535126564841
1059231,3264948,39.04905331869803
1059231,7052526,39.02731134427081
1059231,4566032,38.96384417723847
1059231,8778628,38.93107131872003
1059231,8232309,38.865605351100285
1059231,3236685,38.804501375475716
1059231,8833169,38.78639208023644
1059231,2924997,38.722403369305276
1059231,8371445,38.67265165147353
1059231,7052527,38.66530957713151
1059231,8371441,38.63346874722701
1059231,8371443,38.59436516239291
1059231,7493217,38.55583868790297
1059231,2306791,38.55392257932604
1059231,2814611,38.50440242565085
1059231,2956355,38.50440242565085
1059231,3224204,38.50242501181706
1059231,3224203,38.50242501181706
1059231,7779323,38.50242501181706
1059231,7030878,38.50242501181706
1059231,3447188,38.43466351198188
1059231,7515679,38.407092751412605
1059231,13992,38.36002794648255
1059231,5257072,38.36002794648255
1059231,8712317,38.22448929840451
1059231,8669584,38.15246261073601
1059231,2863979,38.15056999806316
1059231,35661,38.15056999806316
1059231,7105608,38.15056999806316
1059231,4171290,38.127322092982894
1059231,7486330,38.08549722035664
1059231,3931484,38.08549722035664
1059231,4576225,38.06275846911984
1059231,4287634,38.05281284903413
1059231,3233189,38.04816752576173
1059231,4439293,38.03896283186827
1059231,4388666,38.01098339451799
1059231,2393332,37.97633836818781
1059231,4228631,37.9488539492316
1059231,3463176,37.9488539492316
1059231,4162835,37.90149263367687
1059231,1580492,37.82203452387425
1059231,2764961,37.80385576971453
1059231,3608317,37.80385576971453
1059231,4216666,37.80385576971453
1059231,72558,37.769889026685675
1059231,5020211,37.67896144634251
1059231,4273719,37.67896144634251
1059231,2844212,37.64734372969775
1059231,728386,37.63309265340935
1059231,2299719,37.63309265340935
1059231,7030880,37.63309265340935
1059231,2363471,37.63309265340935
1059231,4206815,37.63309265340935
1059231,4356225,37.632919523330855
1059231,3021333,37.632919523330855
1059231,4944579,37.59306915345479
1059231,4878721,37.54567865602952
1059231,3896899,37.47008831460265
1059231,3224206,37.46402021326638
1059231,3707950,37.46402021326638
1059231,4615438,37.46402021326638
1059231,7969834,37.46402021326638
1059231,1886062,37.46263801692622
1059231,4046026,37.45311397928607
1059231,2262617,37.42867600837593
1059231,4479146,37.42867600837593
1059231,7281723,37.41348311118552
1059231,8612314,37.41348311118552
1059231,2983795,37.407176890745625
1059231,3139513,37.306171444074415
1059231,4848115,37.306171444074415
1059231,73276,37.306171444074415
1059231,3270356,37.29661036110887
1059231,7969841,37.29661036110887
1059231,2274788,37.28235897982751
1059231,2791790,37.2523610232692
1059231,646822,37.23796699472432
1059231,8192324,37.2266374903104
1059231,2998048,37.19294818379713
1059231,5110002,37.173268301213355
1059231,8732468,37.16948705772185
182539,57444,24.866588369911877
182539,57447,23.353419490402906
182539,57443,22.143292177191135
182539,8757178,20.97309754244969
182539,3760957,19.867260453468404
182539,8757181,19.841864288579423
182539,57448,19.209955647532155
182539,1638690,17.70381024919704
182539,7371262,17.14162509794364
182539,8299665,16.709563906585643
182539,1307235,16.385507728765084
182539,8757180,16.03807812760535
182539,1307234,15.663624505982586
182539,4730803,15.483451154173316
182539,1638687,15.41421952228508
182539,1638689,15.329317277408887
182539,1307232,15.327247863161626
182539,1638691,15.304749341814814
182539,2909960,15.226736254707468
182539,5567729,14.603999210123158
182539,2909961,14.521952108771373
182539,8299661,13.857376903913803
182539,57450,13.479387543005561
182539,1638694,13.252406279357109
182539,7154102,13.164354382460358
182539,7583024,12.984932572618714
182539,738025,12.96238764205468
182539,7371255,12.72006343804293
182539,7303730,12.670795752086498
182539,3883077,12.522363165307471
182539,8757179,12.483581724894755
182539,7905475,12.30570482573103
182539,7371259,12.301819411083075
182539,1243171,12.248160596674389
182539,169626,12.2203045978058
182539,8757183,12.212842228395454
182539,1642204,12.20717474308245
182539,2751871,12.125274095502352
182539,2092202,12.125274095502352
182539,8299659,12.090934442979282
182539,8180618,12.048074505528078
182539,8645854,11.922408860227105
182539,6444177,11.84459095402688
182539,6662217,11.835635833927409
182539,5269379,11.75931676071277
182539,8658776,11.757241328168256
182539,6037973,11.744363159228143
182539,1924235,11.71752562515344
182539,7637811,11.687037057639861
182539,7088549,11.607657893775183
182539,7088554,11.607657893775183
182539,4835993,11.605496104135515
182539,1924234,11.5577655488139
182539,5137641,11.547761630940311
182539,6135907,11.545010542848788
182539,6282909,11.528548384174602
182539,771921,11.521376950949996
182539,1690681,11.5184668540399
182539,1924238,11.452677356359702
182539,3895604,11.43543951232985
182539,7579347,11.427953923219494
182539,1924233,11.39043978075506
182539,2053701,11.389723508399598
182539,1016580,11.354070304722129
182539,6807900,11.325244010961526
182539,2009629,11.300260671819373
182539,1863340,11.28971906306488
182539,7037502,11.282559664703971
182539,7365030,11.240473666219902
182539,563693,11.239841833790086
182539,3693769,11.211726900537117
182539,6807899,11.21026517031353
182539,8526858,11.198626918296672
182539,7037504,11.183785050280072
182539,5781226,11.168693625581163
182539,5850971,11.160123239053073
182539,8112554,11.160123239053073
182539,3025028,11.150423790982325
182539,6524924,11.144905118172787
182539,1642207,11.135483196816354
182539,1418769,11.111268255685546
182539,1968513,11.104214607932327
182539,8714205,11.091417607383717
182539,6343415,11.088196154409026
182539,5238129,11.033978202592852
182539,5137640,11.033978202592852
182539,6895490,10.977771173500777
182539,7037507,10.967683761901888
182539,8645860,10.967521424954391
182539,6895496,10.927468744650486
182539,5167181,10.921327715012708
182539,651094,10.875158238299054
182539,8161399,10.875158238299054
182539,8291042,10.875158238299054
182539,8459324,10.823441316848857
182539,4792172,10.823441316848857
182539,4537906,10.823441316848857
182539,7365031,10.784326465628459
182539,6287434,10.784326465628459
182539,6804469,10.772671635021034
1115569,8108289,19.10738661064731
1115569,1627668,15.590525242297158
1115569,4042818,14.850865314641748
1115569,1360548,14.244166468672589
1115569,8108283,12.553469800663088
1115569,4303203,11.87598812059737
1115569,1743110,11.853249720699417
1115569,8108284,11.245443039011839
1115569,8108287,10.841097091015154
1115569,2787844,10.767916599024224
1115569,7306396,10.403427897144867
1115569,8108281,10.403427897144867
1115569,3435496,10.173841529281763
1115569,8192877,10.163898725638944
1115569,2787846,10.092101279944982
1115569,7749627,10.062806816000972
1115569,2651643,10.00819338019942
1115569,2787843,9.875907458001853
1115569,8452684,9.84785290299412
1115569,4525206,9.795541702514022
1115569,5208407,9.444366371922683
1115569,5384929,9.396243474955218
1115569,4948545,9.254772951367743
1115569,3813475,9.254772951367743
1115569,3679404,9.16280240609091
1115569,5208409,9.16280240609091
1115569,7482695,9.137282981088934
1115569,7227092,9.096448032569315
1115569,2443809,9.072641813382383
1115569,8108290,9.072641813382383
1115569,3435498,9.028223634428521
1115569,3024289,9.028223634428521
1115569,2787840,8.920435907192564
1115569,8800646,8.834959684706853
1115569,8192885,8.729070854559287
1115569,8056407,8.588084848475187
1115569,4491572,8.527247433316044
1115569,3786083,8.508830903137584
1115569,5339108,8.259881901177407
1115569,3469342,8.223049382975784
1115569,8056399,8.205922065914315
1115569,8192878,8.114496735749466
1115569,4948548,8.008772758730181
1115569,184373,8.008772758730181
1115569,3718346,7.99252553896668
1115569,3769800,7.99252553896668
1115569,6008632,7.99252553896668
1115569,7807237,7.99252553896668
1115569,7062746,7.923838574507308
1115569,3679398,7.923838574507308
1115569,2462452,7.856322128523816
1115569,1627670,7.856322128523816
1115569,2787845,7.856322128523816
1115569,8108288,7.856322128523816
1115569,4816381,7.789946532988481
1115569,3596266,7.789946532988481
1115569,3813477,7.789946532988481
1115569,7227093,7.724683114097039
1115569,1514540,7.724683114097039
1115569,3810888,7.724683114097039
1115569,5642708,7.724683114097039
1115569,3132957,7.675428280894842
1115569,2651649,7.660504150967188
1115569,5208408,7.660504150967188
1115569,2651641,7.660504150967188
1115569,1360545,7.660504150967188
1115569,3663338,7.660504150967188
1115569,8056402,7.660504150967188
1115569,3582649,7.660504150967188
1115569,8108282,7.660504150967188
1115569,8229880,7.597382836378952
1115569,2365836,7.597382836378952
1115569,7292364,7.597382836378952
1115569,8192883,7.597382836378952
1115569,269217,7.580769299061531
1115569,6348668,7.535293239440186
1115569,7634763,7.535293239440186
1115569,1627662,7.535293239440186
1115569,5951020,7.535293239440186
1115569,2365838,7.535293239440186
1115569,26008,7.4742102700678945
1115569,5208406,7.414109645183229
1115569,6576741,7.414109645183229
1115569,2965852,7.414109645183229
1115569,7306398,7.414109645183229
1115569,5285020,7.414109645183229
1115569,747259,7.414109645183229
1115569,4299967,7.368724172105445
1115569,4802478,7.354967856524437
1115569,3679405,7.354967856524437
1115569,8629622,7.354967856524437
1115569,7602598,7.296762139988128
1115569,6755577,7.296762139988128
1115569,2929559,7.296762139988128
1115569,4906505,7.296762139988128
1115569,7634758,7.296762139988128
1115569,3145406,7.296762139988128
1115569,4581505,7.296762139988128
1115569,2269687,7.239470446414889
1115569,2103197,7.239470446414889
351697,8303857,31.87096231902873
351697,6712600,24.134157840325365
351697,5332912,22.19408960188459
351697,8679804,19.8488019663491
351697,6433264,19.783632768809774
351697,7764920,19.69666298746627
351697,77199,19.463520624507563
351697,2144452,19.264519906828525
351697,7764918,19.204555366822103
351697,2857066,19.197800842579927
351697,77194,19.002816357921155
351697,7764923,18.84546789288731
351697,957146,18.691337997661908
351697,4269293,18.67209398941013
351697,118052,18.610006883308614
351697,8433497,18.525071593094097
351697,5332911,18.42927210354702
351697,5297449,18.266611137690987
351697,7513165,18.252513118689237
351697,77196,18.216701402915962
351697,5297453,18.198919347542788
351697,6522643,18.11096155150318
351697,8303858,18.061842520563744
351697,6325825,17.887505915310534
351697,7981938,17.86151275548253
351697,4126462,17.86151275548253
351697,5876033,17.79678056583514
351697,5363329,17.791872135105365
351697,118047,17.76769831073982
351697,686168,17.64962176498882
351697,7981936,17.629096278455165
351697,5620044,17.61615489048481
351697,7513169,17.544276464460687
351697,1292622,17.515217836740373
351697,5519658,17.499162911350602
351697,6325823,17.47658067753226
351697,7981935,17.355690162767633
351697,4734273,17.338944899608304
351697,4269291,17.333452400806582
351697,2915793,17.29196266088271
351697,6294273,16.980383966960993
351697,4686245,16.97117815989038
351697,6558602,16.953860254204155
351697,4478660,16.923051115331763
351697,2156039,16.86954885693042
351697,7264076,16.862628576658516
351697,3120314,16.8499958486279
351697,5436522,16.84787732814504
351697,5171548,16.841700664373818
351697,5519655,16.79622608923769
351697,2144453,16.75656650689429
351697,4054257,16.739857562597056
351697,5519654,16.668646098938233
351697,1769979,16.63393175404721
351697,727465,16.613120722839657
351697,6428074,16.588583500024356
351697,1919255,16.58091174553126
351697,6428075,16.526488554819405
351697,8217125,16.526412298809106
351697,6294266,16.513273982114946
351697,4592085,16.46980226984438
351697,686169,16.43426235777867
351697,5519653,16.429949421035197
351697,1681377,16.40922467102255
351697,5581566,16.347062924616438
351697,1985110,16.325779147494142
351697,1451025,16.324394487677946
351697,6381796,16.282688913726346
351697,1681376,16.282376952455827
351697,1061932,16.23889534318932
351697,5632541,16.222858794061537
351697,2175822,16.205024934056226
351697,6402977,16.205024934056226
351697,1716516,16.174553330143013
351697,1321936,16.123954319888963
351697,3734697,16.094924375398787
351697,1769976,16.063093066311144
351697,7211133,16.04775690267301
351697,2942852,16.045579867180383
351697,8302271,16.035078900752733
351697,2405809,16.017124060420798
351697,5662921,16.00821803707102
351697,5519651,16.004465416861247
351697,3186335,15.894759400812976
351697,5519650,15.892096662588816
351697,1769978,15.881421648566999
351697,6349381,15.843650501483225
351697,7334752,15.82420658837238
351697,3035707,15.794025682811352
351697,1479571,15.791622723272392
351697,8478684,15.776295947751361
351697,1476147,15.773355310430624
351697,5519657,15.73373673746691
351697,3186337,15.716069317928323
351697,7686759,15.635317907556804
351697,8142126,15.603613022049803
351697,4672151,15.591246457925797
351697,2318907,15.580649190609812
351697,5735749,15.572654816151243
351697,5174361,15.570004367270979
904965,8731393,22.005819261761033
904965,8731389,19.896390999683305
904965,8731395,18.792270707326786
904965,8731390,18.436806799902847
904965,155518,17.440979793419324
904965,155522,17.11888476064449
904965,3883765,16.581985675008536
904965,3883764,15.886050655969733
904965,3883769,15.722492051315594
904965,3883767,15.52523977320369
904965,3883761,15.483372940313728
904965,3883762,15.430530951755333
904965,8731394,15.064886698383749
904965,8731396,14.784917536489958
904965,8731387,14.77100919552326
904965,155523,14.469392788534414
904965,3848424,13.866679418504143
904965,155520,13.840316397833693
904965,3883766,13.840316397833693
904965,6562485,13.500283036420875
904965,6562492,13.145551260569777
904965,4428588,12.859158820080502
904965,8235133,12.83220948356795
904965,4447948,12.829352901887155
904965,7236949,12.785582026828703
904965,4447949,12.781054981164699
904965,4428583,12.698283206283222
904965,918688,12.638005797238392
904965,2420771,12.630397130305527
904965,8406092,12.58295411382656
904965,4447951,12.517819410644378
904965,8731391,12.468599771359251
904965,4894472,12.420927716962499
904965,4922361,12.356891387772299
904965,6971833,12.3420048327385
904965,8731388,12.297669685919363
904965,524722,12.284775275489618
904965,4447944,12.274227826080997
904965,4922362,12.267687147512788
904965,4447946,12.23025831483164
904965,6522994,12.19869445950987
904965,6522992,12.19869445950987
904965,404074,12.15882882240231
904965,1558763,12.148125929702015
904965,1207827,12.132498587714874
904965,5013350,12.080320951384872
904965,5987853,12.072396768315038
904965,4428582,12.072396768315038
904965,4745438,12.039187781955928
904965,4349168,12.020714541377291
904965,4597646,11.999205055532526
904965,4970252,11.953366118978423
904965,6315923,11.948029230243817
904965,8174526,11.926931810193615
904965,4428587,11.926931810193615
904965,4808947,11.893080817622518
904965,4876605,11.871408444238956
904965,4768969,11.868544036646469
904965,6407161,11.83637857120066
904965,6016265,11.806618615382344
904965,4083541,11.71544593789125
904965,8724111,11.713028986249702
904965,5977070,11.713028986249702
904965,4352727,11.68965479824265
904965,7293321,11.655396314793366
904965,6882032,11.641052294647807
904965,5624840,11.627326228437532
904965,1931022,11.578731478476575
904965,4724446,11.56976712075275
904965,7664031,11.545400197188464
904965,1479490,11.543238160745915
904965,4693412,11.540880129108128
904965,2823222,11.537239281730438
904965,6909758,11.535874312963527
904965,4970260,11.511608775621308
904965,8103584,11.50479672378279
904965,2836119,11.487344026052833
904965,5944326,11.470858132169402
904965,4110260,11.469333363659988
904965,1925906,11.460709103533311
904965,1843529,11.460709103533311
904965,7292065,11.45492403567047
904965,2430510,11.445288594938859
904965,6574749,11.445288594938859
904965,4045504,11.420012583687186
904965,8658642,11.394101268972864
904965,6025594,11.38375738493009
904965,6656539,11.38375738493009
904965,1051095,11.367348135633463
904965,8813196,11.36550511493708
904965,7854760,11.36550511493708
904965,3277742,11.34607466819715
904965,1696164,11.34495682260199
904965,6469092,11.32218767281974
904965,7973344,11.301377633489485
904965,7014499,11.286012570727785
904965,8652075,11.251330605012342
904965,1973451,11.24153343882107
904965,7293317,11.235891362137016
904965,7543146,11.233030121023674
292906,8298540,28.03603740360725
292906,4916274,19.52864639015911
292906,8634904,18.941441920333933
292906,3405923,18.868436948880696
292906,8634901,18.855898939842586
292906,391481,18.668483005330156
292906,4531432,18.447034753004257
292906,3118845,18.36289990717825
292906,391484,18.15291223323782
292906,6105360,17.96470889415908
292906,4133304,17.918061714087276
292906,8298542,17.90218726413471
292906,3007465,17.84780174155258
292906,1520641,17.840696382131696
292906,2591261,17.7576974502195
292906,603547,17.67971423195
292906,8441233,17.58951273390099
292906,7254438,17.497163594212754
292906,3973269,17.219264660057263
292906,5011020,16.957988391795976
292906,3007467,16.656405476949395
292906,8836670,16.64357608533608
292906,2976279,16.629977402517913
292906,8812135,16.45932271061128
292906,4817621,16.43295762529961
292906,2583402,16.390416148838124
292906,1821332,16.314422883006173
292906,713577,16.27929319177197
292906,6975505,16.20102692219957
292906,2756366,16.08249018346414
292906,8738071,16.02227931931555
292906,5230808,16.018192685270613
292906,8307530,15.925700001954265
292906,6447803,15.883935814218837
292906,4988512,15.829554058075367
292906,5011019,15.731375345874671
292906,4450367,15.71663663626923
292906,3902143,15.558110892593012
292906,4449282,15.536231081213973
292906,6975502,15.508304988031881
292906,5672206,15.497639604884249
292906,5502795,15.445031244128675
292906,652444,15.396941237496241
292906,5622635,15.341866855757058
292906,5415231,15.283674606893655
292906,8307529,15.220699101306115
292906,5431266,15.185632235446919
292906,5101800,15.179154137490858
292906,760804,15.177588940630532
292906,7438436,15.113768107441036
292906,4856308,15.077954442746563
292906,4450366,15.039431077284524
292906,5493705,15.025172193049693
292906,3226723,14.996572334422012
292906,4853734,14.987864295639952
292906,8221436,14.892995848459776
292906,1009994,14.863619462577553
292906,8738394,14.82029638774619
292906,3678253,14.76914214263757
292906,3815876,14.752482735295734
292906,8006921,14.696284931341767
292906,7764216,14.667274479292173
292906,6852696,14.6596941786152
292906,6706576,14.658382604522838
292906,2737106,14.64427109427675
292906,3779835,14.621136606911547
292906,1934717,14.571665151569798
292906,3118851,14.559789523683236
292906,1268099,14.553824132307376
292906,5622636,14.524544969732915
292906,3175143,14.520863499838878
292906,1580303,14.499208810954894
292906,5479035,14.470927635773435
292906,4299730,14.417841687901383
292906,813601,14.4111871596383
292906,753606,14.402765473773162
292906,7743728,14.398794356043753
292906,3865392,14.361097286130938
292906,5825223,14.350357731247684
292906,4856306,14.314882704724853
292906,8618421,14.291142185439607
292906,8274784,14.272025534563754
292906,8167580,14.248637346916027
292906,5261670,14.231693130387153
292906,1487343,14.198923591650495
292906,1702046,14.189094169524441
292906,6388785,14.174624778286981
292906,6706573,14.114569308319211
292906,927444,14.106563415137376
292906,3336422,14.057788365656616
292906,1102678,14.03282450716587
292906,6801082,14.014105474601202
292906,2737108,13.993697457338843
292906,4650375,13.99012266202217
292906,4194909,13.989840108595972
292906,5035286,13.989840108595972
292906,8146072,13.988253051534747
292906,2598796,13.984946670543664
292906,5511318,13.907864470263931
292906,4856307,13.900329446679287
662372,8610897,32.02682166087144
662372,1418377,30.21847602958192
662372,8322043,27.608470798043538
662372,3102595,25.681246526779486
662372,1140781,23.825907384932698
662372,3939482,23.366082173641036
662372,3557820,23.017464234072445
662372,4629249,22.79166281732673
662372,6870167,22.347118864783848
662372,8243037,22.115196922745618
662372,2082783,22.04296240480539
662372,136052,21.956084848645055
662372,6631390,21.68945790265563
662372,4629253,21.673523248810177
662372,3557815,21.427079150461303
662372,2679725,21.082632015157877
662372,8275908,21.082632015157877
662372,8362044,20.6086439722235
662372,4178061,20.535663928969015
662372,7976900,20.493400115854662
662372,1140788,20.43241770979873
662372,1418379,20.423725869288184
662372,8275904,20.399563646914473
662372,4446998,20.310927520457092
662372,1720745,20.181898543687556
662372,6348241,20.159314166840108
662372,2274269,20.08167146611568
662372,767799,19.874848498596133
662372,6412121,19.869007342022282
662372,6631388,19.86423662115781
662372,136053,19.783723557309248
662372,4662423,19.77730200665374
662372,2169745,19.76832767818425
662372,8632274,19.691693299444772
662372,8632278,19.58707087074924
662372,3557821,19.581518474694132
662372,8610896,19.46372186743557
662372,4629251,19.43702630436521
662372,7973268,19.39405225768653
662372,7425043,19.31185206429837
662372,8610900,19.311314646684213
662372,7632349,19.297661074832575
662372,4446999,19.23413336768732
662372,2169749,19.079145922932312
662372,6870165,19.06379700822273
662372,8575285,19.043454728714423
662372,6870163,18.982091690692524
662372,6348243,18.95628629744735
662372,2169743,18.88245398533615
662372,2169750,18.809653096463478
662372,6961402,18.799704676896738
662372,5447166,18.790974209262068
662372,2673170,18.77568787262787
662372,6961400,18.76804188325189
662372,4102420,18.75709003387441
662372,7425048,18.75503329071813
662372,2274272,18.73374105459238
662372,5384232,18.73250440961725
662372,3557819,18.684872550105684
662372,5996037,18.589703509545277
662372,3416712,18.498777809818847
662372,767797,18.490848904551036
662372,8610899,18.387885030184265
662372,3557818,18.367343215275664
662372,2381764,18.361253364053304
662372,3628896,18.33304625165135
662372,6870164,18.3079207094208
662372,5765671,18.244104629897805
662372,6870169,18.227374449554006
662372,4446997,18.147087579219026
662372,4909905,18.09638961703475
662372,8333110,18.07870634017162
662372,7963398,18.028803118599583
662372,431089,18.024222214942203
662372,6470408,18.002715364899444
662372,6870168,17.97391250554231
662372,346137,17.959538344304512
662372,3593475,17.926255903149023
662372,3025940,17.923121439480884
662372,4792040,17.904827065323857
662372,2637046,17.90269273680192
662372,4053047,17.8197057549998
662372,8795529,17.76852161962351
662372,1296841,17.743029055855537
662372,3068091,17.718469467183606
662372,4362122,17.71736579821517
662372,8248185,17.71539723211562
662372,1140786,17.702932580363324
662372,5609016,17.68075950952568
662372,7298878,17.6745761172119
662372,1418374,17.6745761172119
662372,7808214,17.668942280489045
662372,7483707,17.666067375812155
662372,3339892,17.663829381863707
662372,1418381,17.65999384260621
662372,5609015,17.65705239075131
662372,7425040,17.64430308136022
662372,4328425,17.631539070727992
662372,4102422,17.603650177621475
662372,5384306,17.566025826905438
364142,974291,21.08653935828636
364142,1706891,20.330981681004452
364142,7804823,20.27669559965565
364142,8800197,20.239147949488814
364142,8652173,20.23830741034105
364142,2999618,19.20455061513409
364142,4993676,18.719227627877036
364142,8515989,18.53844699114922
364142,1822196,18.49639377730722
364142,2130960,17.566301881826213
364142,1211754,17.12948290854859
364142,1211758,16.88672377939563
364142,1173707,16.883224427515056
364142,1211750,16.81915516863839
364142,8652170,16.7777582886802
364142,6914910,16.733421015836505
364142,425876,16.729837879125853
364142,42049,16.629824764718748
364142,425874,16.56381104158571
364142,2654727,16.4807359155664
364142,720445,16.452878735227596
364142,42041,16.442446447539588
364142,6308350,16.4333434986956
364142,2130957,16.407383276683838
364142,720443,16.353863318764564
364142,1897488,16.23183740372514
364142,5316445,16.22666949109832
364142,3614431,16.22666949109832
364142,2921860,16.185214712504337
364142,2213871,16.166705010772578
364142,1211753,16.162016946911564
364142,2130954,16.101438919751455
364142,2012432,16.09091001524949
364142,2118491,16.025282244564796
364142,2369283,15.97376731133004
364142,2749370,15.922915775359453
364142,8652171,15.920348011552257
364142,2171777,15.901043136516833
364142,2654732,15.848679237829796
364142,1940755,15.848679237829796
364142,908161,15.848679237829796
364142,2918873,15.796659087394106
364142,2654729,15.774605038514743
364142,4693615,15.745948281847934
364142,7319382,15.744224091981255
364142,964606,15.728993450687746
364142,4536609,15.71515371865458
364142,5316446,15.71157458443529
364142,8642786,15.693636580151498
364142,720444,15.677953570829068
364142,2918879,15.677268529055107
364142,6430556,15.632354135142695
364142,42042,15.61926732628595
364142,6489636,15.583833766358197
364142,908168,15.582346391209173
364142,3485502,15.561018795935826
364142,602273,15.518827458801042
364142,3335997,15.480429830091348
364142,3433353,15.459954005610754
364142,174485,15.388057661013388
364142,2654728,15.38504223719843
364142,1407500,15.381874663790633
364142,783238,15.3473040966064
364142,7065944,15.316042953989498
364142,3572315,15.264288714572057
364142,3958888,15.246965929455765
364142,8744300,15.245826763818945
364142,4759280,15.212443935607311
364142,435405,15.199904404779293
364142,7523084,15.199209769402593
364142,6638734,15.179807531509017
364142,720447,15.179807531509017
364142,8368755,15.165270685595749
364142,8836657,15.110217639947514
364142,425873,15.040263898918496
364142,4789088,15.039064381513231
364142,2831843,15.021948818918851
364142,537185,15.021934998712602
364142,555583,15.015927525841708
364142,1046237,15.015927525841708
364142,8705162,14.985427809492005
364142,8560825,14.985427809492005
364142,8800198,14.97221434504574
364142,1407499,14.971408705603967
364142,2654726,14.96220410713012
364142,2921862,14.950739256332442
364142,908163,14.947828727032435
364142,8642783,14.904370879314747
364142,6665679,14.904370879314747
364142,1014387,14.855548198377402
364142,6068025,14.837942326031474
364142,908165,14.834477998965205
364142,1482565,14.80833604535702
364142,3125836,14.803311543344936
364142,8230753,14.789421546836277
364142,120167,14.767288991544596
364142,6680896,14.76445015200543
364142,4536610,14.73875268522611
364142,1211756,14.728468113166521
364142,1082999,14.698558566301637
20455,1321512,15.217622257328022
20455,4659697,13.164017986475168
20455,6373938,12.593111048990782
20455,5078068,12.309697227083435
20455,3251676,12.234900386014742
20455,7332885,12.058253942312898
20455,603543,11.951163177468075
20455,1529172,11.859486160848652
20455,8325817,11.769204940443542
20455,1795457,11.577120825448034
20455,4555942,11.440815640198247
20455,514958,11.39990135060354
20455,631102,11.374126927221418
20455,2072881,11.364056591043434
20455,8114947,11.314759556722159
20455,7991356,11.178815380148095
20455,6340610,11.125038209153223
20455,631097,11.115247778748868
20455,3680339,11.115247778748868
20455,6340609,11.099034759707834
20455,4290591,11.095585865742207
20455,1660645,10.99033328817814
20455,7991359,10.99033328817814
20455,6071967,10.93309180351715
20455,3860801,10.859821733760608
20455,8333284,10.849399554656541
20455,5666838,10.838078365588597
20455,5686812,10.838078365588597
20455,151258,10.833003636765692
20455,8255185,10.784070477973845
20455,6921271,10.766828534434072
20455,2857052,10.735729112553692
20455,7207088,10.721128885193316
20455,2857055,10.721128885193316
20455,1914317,10.671440105366727
20455,981072,10.638363606874382
20455,8296025,10.621520372279127
20455,160655,10.592399493746615
20455,7310659,10.576237464731877
20455,4504007,10.557778791185726
20455,8194161,10.53769638763446
20455,6353458,10.532794309856374
20455,8027220,10.517247298879958
20455,244054,10.515672895853879
20455,6967590,10.487626561363566
20455,821625,10.468818801373732
20455,8596137,10.454351509862457
20455,352218,10.446715971522575
20455,5263865,10.399262315951884
20455,4051877,10.397970010427523
20455,7580035,10.361620179679905
20455,5819137,10.352041514645581
20455,1121984,10.340995872924449
20455,6774312,10.333526708422568
20455,220952,10.310637621626965
20455,7302178,10.304232589683478
20455,1343301,10.301259894430107
20455,2036372,10.290966717038337
20455,1541032,10.272025978992064
20455,3518108,10.215561483554376
20455,4449518,10.202840260028772
20455,7689804,10.193661862985726
20455,1607429,10.191824420350729
20455,427422,10.186774866967516
20455,2878917,10.177594280333851
20455,6884611,10.171795760413664
20455,220953,10.171656183958989
20455,6437687,10.170140253811095
20455,6726497,10.16827245328184
20455,7605008,10.135466132003135
20455,3518103,10.106845818606487
20455,1345126,10.09623849715285
20455,4519131,10.09623849715285
20455,4934750,10.084671670292618
20455,7267893,10.065234143949038
20455,8690034,10.060052748735284
20455,4286448,10.057646311632393
20455,7418819,10.03438378846325
20455,5874333,10.03438378846325
20455,1519753,10.020181640020672
20455,735426,10.019545736054948
20455,2878919,10.01657791798129
20455,267243,10.01657791798129
20455,6949185,10.01657791798129
20455,3068286,10.009745481391809
20455,4503819,10.009745481391809
20455,2951719,9.992360165154023
20455,2672715,9.984984089969856
20455,2672720,9.984984089969856
20455,1319673,9.984984089969856
20455,4124769,9.984984089969856
20455,3243762,9.968832103229236
20455,365660,9.960410173406151
20455,2360368,9.951117932338473
20455,7602434,9.950925829432457
20455,5327632,9.944009333818714
20455,5142174,9.938955544529309
20455,3748956,9.92239059655588
20455,4963739,9.91100446726385
20455,2677229,9.902104101434572
1119058,340748,17.921296777502228
1119058,3129109,17.87102093703401
1119058,8027788,17.747475417066333
1119058,4525494,17.356940137571705
1119058,7741427,17.31752624171976
1119058,3274923,17.249174227877674
1119058,6713010,17.246805115157663
1119058,2686139,17.186359806859134
1119058,2807185,17.171567767769275
1119058,7741430,16.885475084125364
1119058,2419427,16.759310996418122
1119058,7923863,16.732480778492587
1119058,6494385,16.672208765786188
1119058,6494382,16.546146465245087
1119058,2189798,16.531832664696402
1119058,2807179,16.366685518874075
1119058,8288054,16.28824380704429
1119058,3247400,16.27651438788606
1119058,569780,16.199444624132493
1119058,1973364,16.14092880575948
1119058,778561,15.859480319234969
1119058,8626220,15.770896467500673
1119058,7372491,15.760478466922924
1119058,3730808,15.73584502432427
1119058,5138642,15.731242669360263
1119058,424231,15.718234409062518
1119058,5988078,15.677391377681825
1119058,4036212,15.671822477095585
1119058,7372489,15.663967006045528
1119058,4729544,15.623120156520217
1119058,5988072,15.60502274387926
1119058,3568304,15.60502274387926
1119058,4522893,15.603681248402836
1119058,6660535,15.594379863360203
1119058,6217031,15.561932569434312
1119058,2686142,15.533333932499538
1119058,1291195,15.512764586922012
1119058,6228088,15.50301784824807
1119058,7982820,15.501505558373864
1119058,1814314,15.490309500186996
1119058,4556124,15.470985105871923
1119058,6713009,15.465940961480351
1119058,6228089,15.448253323161744
1119058,252539,15.410549107141318
1119058,4425872,15.410549107141318
1119058,6816799,15.396721972608287
1119058,3664893,15.34965116127399
1119058,1973361,15.32469829672123
1119058,8332146,15.322250012620067
1119058,6713017,15.301875156368489
1119058,620523,15.265770439044154
1119058,3727526,15.230324001504346
1119058,3143850,15.184752961337596
1119058,1979331,15.155485197106273
1119058,825776,15.155485197106273
1119058,7612426,15.140673878000037
1119058,821325,15.13327906937118
1119058,5195212,15.063619018938898
1119058,5207908,15.05926187124051
1119058,6228087,15.054982580747378
1119058,821331,14.991687158395058
1119058,3568305,14.99008209458608
1119058,3129105,14.924343026825447
1119058,1094130,14.908727070972699
1119058,3852729,14.908727070972699
1119058,5988071,14.900151639538443
1119058,7914662,14.840932196082413
1119058,6113013,14.83022631424193
1119058,1456791,14.83022631424193
1119058,8075207,14.809971736483813
1119058,5100025,14.790074993651924
1119058,4036215,14.761002686557369
1119058,661344,14.748637784252061
1119058,3247397,14.722730412599535
1119058,4122752,14.669875529813158
1119058,5159527,14.662886181700229
1119058,5237764,14.659057610419277
1119058,4556125,14.595943936253956
1119058,6397710,14.591950036061641
1119058,6434252,14.533381919441132
1119058,4696466,14.533381919441132
1119058,7018801,14.533381919441132
1119058,7933988,14.530895932353037
1119058,8169501,14.52472847921154
1119058,4525495,14.52472847921154
1119058,901187,14.51484803898827
1119058,380288,14.512154092571187
1119058,4034210,14.500186250855052
1119058,8730930,14.49035120057867
1119058,1615104,14.472569941076468
1119058,8779003,14.446355532128095
1119058,901196,14.438556553451608
1119058,657237,14.409883646188057
1119058,8738330,14.377725713929804
1119058,1324506,14.30558887260855
1119058,3764709,14.288505666772267
1119058,422618,14.287222279685826
1119058,6713014,14.280896764257795
1119058,2847656,14.269715430111898
1119058,1128021,14.226509777441754
203318,8340381,28.606497719293248
203318,8340382,27.448275820981777
203318,8340387,26.938951781641627
203318,8340383,23.093572376820273
203318,8340378,22.921573482563183
203318,8340379,22.888804781087764
203318,8340385,21.009484759987032
203318,3083622,20.967962032093396
203318,3083624,20.620797380782058
203318,6878739,20.042444337086422
203318,8560553,19.91884117736083
203318,5761312,19.346340965528626
203318,253950,19.334016927074508
203318,6878746,19.272625935746483
203318,4152728,19.027676332148264
203318,1738624,18.966026446776034
203318,7108742,18.896042987099083
203318,3650614,18.55915475092149
203318,4135033,18.55915475092149
203318,3609999,18.233575729675756
203318,5761305,18.19714337044566
203318,3351438,18.084707889294545
203318,3083620,18.053707178299423
203318,3351436,18.02414794533557
203318,1488039,17.595959633874735
203318,5296122,17.328207843477827
203318,8290848,17.29044450578607
203318,6646651,17.25029533318618
203318,7915086,17.227482664084917
203318,5245086,17.080742047281
203318,6947714,17.00559481116771
203318,4142994,16.889458602341097
203318,8340386,16.88945128555468
203318,8307085,16.877722507402698
203318,6185829,16.68861008347708
203318,1349755,16.526957852366372
203318,7173806,16.484051602407916
203318,4187023,16.477333974453742
203318,7841700,16.310556893398612
203318,8290851,16.221611207379016
203318,4850847,16.138532163412172
203318,582409,16.1359795178839
203318,5746917,16.10841648917738
203318,8307091,16.058840137869453
203318,8240264,16.039017277829267
203318,3330105,15.874991419812801
203318,6746282,15.810563528297036
203318,1184092,15.804334108670364
203318,1184093,15.804334108670364
203318,2391943,15.766277892630162
203318,4850848,15.691777200799079
203318,3972562,15.660636981054662
203318,8307087,15.648402546822599
203318,974092,15.549152024132773
203318,5419917,15.547403781107809
203318,7728015,15.50760856125735
203318,8290846,15.503329280795548
203318,6371875,15.428631154557781
203318,13579,15.423795166646148
203318,689684,15.3126975495086
203318,6947720,15.284745725054975
203318,6684719,15.256882483123945
203318,6320521,15.232116172449917
203318,5026271,15.214429590883595
203318,5514843,15.212733987962924
203318,6376674,15.2086818091283
203318,5746911,15.205278845852982
203318,4850846,15.201798709086152
203318,239941,15.184873146098504
203318,4176833,15.179492662595846
203318,346241,15.175154855139237
203318,7767532,15.1705910314119
203318,8240260,15.145240530478898
203318,8496703,15.037898714732961
203318,5245081,15.008060673392652
203318,2853004,14.977202856445487
203318,6684722,14.962385788004152
203318,4427860,14.91290688397224
203318,395235,14.895306906995028
203318,3703866,14.893814434498232
203318,1573424,14.893362960644925
203318,4771253,14.857956878215624
203318,2825937,14.855582333658479
203318,1682148,14.81310975091848
203318,2549599,14.805789061993117
203318,4876273,14.796207568203144
203318,4997790,14.782045888288513
203318,7212469,14.780288431693382
203318,1405977,14.690046983760812
203318,2096440,14.678549592799559
203318,6355262,14.675577481711326
203318,7878066,14.675577481711326
203318,6817437,14.63096926668264
203318,8387087,14.610524936384365
203318,2391944,14.597816538949552
203318,4132453,14.575445514511543
203318,7289041,14.515523171513534
203318,8016081,14.509920777046158
203318,8729898,14.48677286731336
203318,2537677,14.478404222430372
1126813,8783942,19.812215175176455
1126813,8783939,19.17845550128193
1126813,8783936,18.450397470594908
1126813,8783941,15.463410823000158
1126813,8783944,13.921359095523421
1126813,1121119,13.623501907860632
1126813,7622796,12.557720866216657
1126813,1121123,12.087656023678647
1126813,2711708,12.009702422544573
1126813,2724424,11.963786964053329
1126813,5924438,11.953422659202351
1126813,3441835,11.375125111940648
1126813,3447604,11.375125111940648
1126813,3441830,11.025578630809335
1126813,7875301,10.750290364306473
1126813,3337543,10.725221943914084
1126813,3471302,10.725221943914084
1126813,7875300,10.69687413940906
1126813,3740637,10.59161851238642
1126813,1591594,10.4884141006814
1126813,1591587,10.4884141006814
1126813,3840807,10.200588829390664
1126813,1121122,10.190525577975466
1126813,2724423,10.118172439571476
1126813,4274420,10.004896130398176
1126813,1121120,9.954912100816031
1126813,1208582,9.90731275922497
1126813,6683448,9.827358502064403
1126813,2750619,9.820962382119914
1126813,2565925,9.783954252508059
1126813,2750616,9.783954252508059
1126813,5072022,9.783954252508059
1126813,7787404,9.77412337297501
1126813,7421676,9.762395587772748
1126813,4420639,9.753396481100566
1126813,5711445,9.743210719084738
1126813,3380792,9.740931721959042
1126813,2283981,9.719562031156302
1126813,2750618,9.719562031156302
1126813,363015,9.667219397873106
1126813,7526805,9.665813365372111
1126813,3253500,9.641436884350478
1126813,1208583,9.626994565377093
1126813,3420740,9.611331146072974
1126813,3772172,9.59134314215535
1126813,2386380,9.588428377258882
1126813,2750624,9.588428377258882
1126813,7297348,9.588428377258882
1126813,4991805,9.576899430012418
1126813,402809,9.57229561020898
1126813,5626636,9.566490968250989
1126813,3581393,9.557402105702371
1126813,3380799,9.541767250670043
1126813,4305654,9.541767250670043
1126813,8417051,9.541767250670043
1126813,5711444,9.52657597637052
1126813,3138259,9.495948058893097
1126813,1299272,9.495948058893097
1126813,4692790,9.495948058893097
1126813,6871804,9.495948058893097
1126813,2750622,9.49270122116117
1126813,573827,9.49270122116117
1126813,3840808,9.468356952984694
1126813,1299266,9.454281006795446
1126813,7907213,9.444137228374538
1126813,5282069,9.444137228374538
1126813,3658552,9.420041094034994
1126813,6864420,9.420041094034994
1126813,4726292,9.420041094034994
1126813,4372031,9.412254142562581
1126813,309306,9.405234642696097
1126813,573828,9.40268620390161
1126813,7726697,9.389966170014524
1126813,4020496,9.37010706719498
1126813,4066413,9.368601387957371
1126813,4403688,9.348484844510878
1126813,3563937,9.348484844510878
1126813,2705245,9.345715796590572
1126813,7714624,9.345715796590572
1126813,7855187,9.345715796590572
1126813,7253286,9.330665003700929
1126813,1121121,9.330665003700929
1126813,3337539,9.330665003700929
1126813,167753,9.330665003700929
1126813,8801618,9.316237970936045
1126813,2724427,9.309202453313594
1126813,708828,9.309202453313594
1126813,8523860,9.309202453313594
1126813,1393258,9.301381583504952
1126813,6452820,9.301381583504952
1126813,8382024,9.298508161970254
1126813,4991806,9.286945515790189
1126813,3420739,9.284460768570616
1126813,2955686,9.279185632109277
1126813,8101389,9.272058385499795
1126813,6044981,9.269120662034897
1126813,8271309,9.267813682174527
1126813,3623427,9.257836688087474
1126813,1217379,9.231610019956305
1126813,3592957,9.231610019956305
240053,5492716,25.21592210071879
240053,3857660,23.662752953426157
240053,3658247,23.040598050054896
240053,7032844,22.321633669839986
240053,5617191,21.93229512280401
240053,6963592,21.71556745213385
240053,5657097,21.447248635022135
240053,5853963,21.37851798418479
240053,2960570,21.234138137909984
240053,3692254,21.229667622116672
240053,2967058,21.053396535166037
240053,6963596,20.63556130366127
240053,4790299,20.470103587288698
240053,7160691,20.300386778351985
240053,7844754,19.84809094885827
240053,7844755,19.673127110152393
240053,528638,19.35664351016007
240053,2139360,19.232292972879772
240053,5657095,19.193105315120015
240053,7485480,19.032307334453037
240053,11116,18.842754837866188
240053,7135892,18.7636780818702
240053,8753839,18.705033969426083
240053,7867148,18.4046169828556
240053,3162892,18.330539114665704
240053,1320735,18.207223444199137
240053,635361,17.938999230391843
240053,8244619,17.78132096031299
240053,5853959,17.659198729332346
240053,2026447,17.618158396031443
240053,3375130,17.56654538341816
240053,5427395,17.55017364896967
240053,4305364,17.44487550106017
240053,5657096,17.42634844753413
240053,6347717,17.413970318494545
240053,8713303,17.373098292191482
240053,3517862,17.287189012534704
240053,3025215,17.202729759778023
240053,8537866,17.121302727026997
240053,5427400,17.08858500161808
240053,1612663,17.082764686871403
240053,5125041,16.983182663157393
240053,4084170,16.982258915644987
240053,8573675,16.960996228120464
240053,3162893,16.860105009812422
240053,1753929,16.820987995580875
240053,5617186,16.745297897525358
240053,6298577,16.703674701541118
240053,5657099,16.659577702674678
240053,2967062,16.626713647717573
240053,8643301,16.605221744178984
240053,2652005,16.58057884635215
240053,5124573,16.57377629574879
240053,8100100,16.54787671031501
240053,6244367,16.540754018749134
240053,1784977,16.528767384541027
240053,6720262,16.505216775267012
240053,8315352,16.467122120233107
240053,1998954,16.4136636157475
240053,5103694,16.410688179740745
240053,11119,16.38553725266737
240053,391515,16.366992844073927
240053,6825957,16.341421998796484
240053,1158874,16.320236861005505
240053,184957,16.315886088064445
240053,731089,16.28920752132061
240053,2139361,16.288409125709414
240053,1703979,16.279118802323204
240053,7175022,16.25789558483088
240053,836101,16.24967209819892
240053,2967064,16.2400260544412
240053,897057,16.220071551667868
240053,3738453,16.220071551667868
240053,7160694,16.18969702007821
240053,7160696,16.12434147421755
240053,6469678,16.123210889298072
240053,6514138,16.11825209464824
240053,5695017,16.110948727745164
240053,233532,16.102796055263557
240053,292291,16.10197022394747
240053,391521,16.05222755960124
240053,1820850,16.037831605092588
240053,1045202,16.016442491857084
240053,7191093,15.991083169783202
240053,3418791,15.98981595859436
240053,2960576,15.95860729369139
240053,7305662,15.957439896120619
240053,5286089,15.94856282094838
240053,6552317,15.907144579624326
240053,4318432,15.896061003399367
240053,5235936,15.887497234080778
240053,1979179,15.861386226970893
240053,2179629,15.769731185504742
240053,5235933,15.747200475159783
240053,7644819,15.725195306858273
240053,5589574,15.714780135889969
240053,6405378,15.69747217582988
240053,7644817,15.689463978095807
240053,794798,15.684365142537196
240053,3857662,15.680790227428705
1115392,8110046,13.216172517456894
1115392,8110044,11.836789853855654
1115392,344436,11.407771458223214
1115392,1325713,10.819547982008004
1115392,8069293,10.636726063817678
1115392,5632415,10.636726063817678
1115392,8110041,10.289011568827036
1115392,8207894,10.205606270777015
1115392,1679429,10.123542307891613
1115392,8110043,10.123542307891613
1115392,2557675,10.042787580985106
1115392,2518508,10.042787580985106
1115392,8838196,9.963311006977424
1115392,2653628,9.732253788380579
1115392,1829917,9.584078776851346
1115392,7081654,9.511670477942513
1115392,8713469,9.099200398575395
1115392,4068049,8.601845901961495
1115392,1829918,7.850881595985095
1115392,7086975,7.613496336007677
1115392,5060782,7.522513744607468
1115392,3093361,7.179336517198996
1115392,5212694,7.098379463937593
1115392,3093358,6.683846080512617
1115392,3093360,6.648549347455183
1115392,3913375,6.579062583996487
1115392,5212698,5.9565216515231265
1113437,3436902,16.355526457821885
1113437,3325914,16.22749542290392
1113437,8128798,15.781396285332736
1113437,6284746,15.383712925533885
1113437,5050470,15.232281642151936
1113437,436902,15.17786977230724
1113437,3436901,15.131075293326692
1113437,8133335,15.106938241878023
1113437,5313809,14.952446065621608
1113437,4898185,14.747565096793608
1113437,8128790,14.721264630025793
1113437,6021898,14.658473212864635
1113437,436903,14.339944480256282
1113437,1805017,14.289108167876906
1113437,4628484,14.282474292941322
1113437,7901000,14.239143983136305
1113437,2162939,14.090241912065295
1113437,7536939,13.944421819837792
1113437,6166403,13.853448790950088
1113437,8128796,13.796371642454796
1113437,1655112,13.731264277632985
1113437,1396712,13.535815440298148
1113437,3404360,13.4997553284025
1113437,7618564,13.452199314556148
1113437,6758454,13.368777017001015
1113437,8705945,13.215528296951096
1113437,1317211,13.138250058645372
1113437,3357893,13.129177663073673
1113437,2041803,13.129177663073673
1113437,85200,13.074171273790306
1113437,7707094,13.032914726929388
1113437,7011361,13.032914726929388
1113437,1066532,12.962484257530242
1113437,1954468,12.920030879029145
1113437,6215772,12.856659886997845
1113437,4981632,12.845707818864671
1113437,4521746,12.826064819916308
1113437,3357895,12.816957542633913
1113437,8128794,12.79523571984126
1113437,4418355,12.768691893155617
1113437,802366,12.756287033388993
1113437,4545407,12.721834356771916
1113437,3290247,12.704866797987773
1113437,7900782,12.683090097287934
1113437,1253484,12.645716375543955
1113437,3868439,12.640472263027302
1113437,1434662,12.598679725627271
1113437,6557144,12.598679725627271
1113437,4486954,12.577272390054091
1113437,3436898,12.560189890079428
1113437,3088434,12.519242074936
1113437,3436894,12.43443788319135
1113437,7762121,12.352344011552027
1113437,2158684,12.347160333945556
1113437,5700362,12.339584554471692
1113437,502883,12.325601847858824
1113437,7623595,12.325601847858824
1113437,8713116,12.320737670964533
1113437,2278605,12.290846216246376
1113437,3764193,12.272449867349636
1113437,5942519,12.249422161495573
1113437,1054573,12.235043452017482
1113437,4615569,12.232477112856488
1113437,2912120,12.209097961764076
1113437,7424167,12.193625992635056
1113437,8718297,12.193625992635056
1113437,5124535,12.193625992635056
1113437,7147067,12.193625992635056
1113437,1054574,12.179745107813893
1113437,1626894,12.174217073268377
1113437,864474,12.156978153075425
1113437,1019929,12.115850212848835
1113437,4991111,12.115850212848835
1113437,2711823,12.099967270742718
1113437,292365,12.099967270742718
1113437,7118878,12.099463247149814
1113437,4945929,12.099463247149814
1113437,4628485,12.087251769166844
1113437,3946548,12.039100981081013
1113437,970140,12.039100981081013
1113437,8820310,12.035551027961791
1113437,1206406,11.99177999474588
1113437,5323737,11.99177999474588
1113437,1655114,11.970959654580723
1113437,6864673,11.963357355471887
1113437,4231258,11.963357355471887
1113437,5871894,11.954258876655862
1113437,1251392,11.910585597022838
1113437,8387587,11.910585597022838
1113437,5194230,11.88859897760025
1113437,6177158,11.88859897760025
1113437,2773548,11.885996561083157
1113437,1785405,11.885996561083157
1113437,4628478,11.885996561083157
1113437,5755086,11.885996561083157
1113437,694173,11.885996561083157
1113437,7901001,11.885996561083157
1113437,8150850,11.882764210064304
1113437,8004278,11.87455422165231
1113437,1520227,11.835176901731831
1122461,1311038,18.690256973349346
1122461,4989566,16.78775723754111
1122461,48062,16.26048486993011
1122461,553880,15.534018708299115
1122461,3977522,15.452372671452814
1122461,3704866,15.221740405184645
1122461,7927076,15.193931914158625
1122461,4235625,15.13718715933329
1122461,8238271,15.132984128035954
1122461,6188991,15.132984128035954
1122461,1746623,14.940453597796214
1122461,5285775,14.859284773756855
1122461,6719657,14.859284773756855
1122461,4671924,14.768995267344742
1122461,7437454,14.752958098694503
1122461,5126005,14.679839811722797
1122461,4556347,14.58821448061081
1122461,3977514,14.576608427507301
1122461,293221,14.547940571198655
1122461,1762070,14.480716468412592
1122461,7567622,14.480716468412592
1122461,2531935,14.39227479321563
1122461,7437456,14.39227479321563
1122461,5126003,14.374562629362647
1122461,4989567,14.334126504975622
1122461,238484,14.128378158750746
1122461,5820098,13.944442625004996
1122461,4727159,13.891645786294397
1122461,6051487,13.584333402854721
1122461,7689544,13.551057439124218
1122461,8042581,13.39124103450839
1122461,853800,13.223607948767867
1122461,3357987,13.175194256605835
1122461,3731418,13.122096212668694
1122461,5732349,12.966218760381782
1122461,6623218,12.938481546913819
1122461,6330902,12.817784217295257
1122461,4804324,12.719459376502472
1122461,6765639,12.666325884885481
1122461,1363928,12.62265278505328
1122461,8721077,12.613368366938992
1122461,8455922,12.527266795882818
1122461,3230153,12.504177715137331
1122461,376306,12.433332213715358
1122461,8435978,12.433332213715358
1122461,2259127,12.364922030869897
1122461,7803166,12.340795867018944
1122461,5016931,12.134254560414828
1122461,4954333,12.134254560414828
1122461,6176680,12.074774196938108
1122461,3526090,12.071270862837595
1122461,2947053,12.015889290550533
1122461,3042118,11.984026495292781
1122461,3985227,11.95759071476714
1122461,6200144,11.89986953314344
1122461,3704862,11.813541002810446
1122461,3902115,11.813541002810446
1122461,3902119,11.813541002810446
1122461,6166223,11.8132671718125
1122461,7155216,11.729699451739748
1122461,6619486,11.566061505325145
1122461,5194751,11.485942824358649
1122461,1363922,11.352574657894193
1122461,4976284,11.15225181175516
1122461,791549,11.102266011085309
1122461,3446961,11.101441643513589
1122461,670134,11.100547603712123
1122461,7039915,10.985111315938841
1122461,6552510,10.985111315938841
1122461,1987073,10.970455984771213
1122461,5597898,10.966820293931086
1122461,4072821,10.954753961072178
1122461,5451958,10.945056654054833
1122461,1979150,10.928189005947436
1122461,5597895,10.888166030867598
1122461,867999,10.882854260068486
1122461,5635217,10.876444693793488
1122461,5979939,10.747668701060764
1122461,7155215,10.741849582833948
1122461,4834950,10.735876753618184
1122461,963996,10.713778711746906
1122461,1209330,10.708620203010568
1122461,3150809,10.708620203010568
1122461,5979933,10.691771453403913
1122461,8068064,10.672708629570765
1122461,1526194,10.672708629570765
1122461,2864423,10.648027058708275
1122461,6796914,10.642931657309799
1122461,1016652,10.60463915774696
1122461,1209332,10.578044088291046
1122461,6307689,10.545896105786671
1122461,4721063,10.53023545191114
1122461,6078973,10.487800268018981
1122461,5635212,10.487800268018981
1122461,4954328,10.45356115652301
1122461,5451953,10.445705725558676
1122461,6225035,10.434566731956084
1122461,4556351,10.408288350220563
1122461,5299001,10.403947739262861
1122461,6820395,10.388043371493806
1116341,8100866,21.48874140501842
1116341,6782961,20.911316946814004
1116341,8100865,19.667658997641716
1116341,8100864,19.667658997641716
1116341,4662985,18.987460731338675
1116341,7212226,18.620995400960727
1116341,7212225,18.548783707650024
1116341,2829743,18.183090278003302
1116341,2197145,17.972905807914977
1116341,8274411,17.824242370736485
1116341,6782799,17.37598680128468
1116341,2197149,16.905795225755448
1116341,6782800,16.51260582520086
1116341,7223336,16.190809157786205
1116341,4662987,16.17868525500043
1116341,8100861,16.059465935266882
1116341,7212219,15.860362354317031
1116341,6120488,15.594572057058414
1116341,5154244,15.496570195018103
1116341,2826691,15.480709575395997
1116341,5756134,15.47278979102239
1116341,4272919,15.4670955152705
1116341,1093330,15.41702559928017
1116341,7317480,15.261424588344616
1116341,4701609,15.184811445216514
1116341,4983067,15.072121630909837
1116341,7966975,15.036999952254682
1116341,6389912,14.993724838160421
1116341,6681496,14.974868686528271
1116341,2299946,14.910677353809824
1116341,4151581,14.910044022205687
1116341,4162685,14.885421288380886
1116341,1225628,14.880313549548156
1116341,6249637,14.706629577968988
1116341,4662993,14.70350672293564
1116341,3011413,14.671216327207269
1116341,7212220,14.619575700558059
1116341,1433492,14.595512301393242
1116341,7435457,14.582599771926969
1116341,1191962,14.532434024257046
1116341,5060824,14.514198300714607
1116341,7827268,14.48681186781085
1116341,8146383,14.456400538179473
1116341,3316328,14.446364644553022
1116341,1786498,14.440190216049366
1116341,702158,14.425576175039897
1116341,3233453,14.237826054146284
1116341,2989461,14.22870418456981
1116341,7651841,14.207762809204972
1116341,1555133,14.18356357580714
1116341,469521,14.158856586711986
1116341,6978629,14.158152145448515
1116341,3514430,14.027975253467844
1116341,7773705,14.006246666464799
1116341,7429072,13.99879566549518
1116341,4662989,13.975678665029116
1116341,2430179,13.93329391415896
1116341,5140072,13.920920885828384
1116341,4352974,13.91644076693207
1116341,1767117,13.879441314506185
1116341,7885821,13.83532193307025
1116341,2989460,13.806673654767724
1116341,1558487,13.735443583365285
1116341,3328558,13.709758864801696
1116341,8024150,13.665604770628818
1116341,3316332,13.640410797021941
1116341,333208,13.620420190168753
1116341,2430183,13.56778766626185
1116341,4662992,13.551601615897503
1116341,4903955,13.515569237808721
1116341,6764614,13.50245899013148
1116341,4538256,13.49513690501367
1116341,8550069,13.47815736002726
1116341,1618076,13.4749764247913
1116341,2670126,13.469535036819902
1116341,8709880,13.469535036819902
1116341,1473410,13.45677708459387
1116341,2093172,13.452935012141621
1116341,4538263,13.440557103967464
1116341,2368700,13.433940560607619
1116341,637209,13.433940560607619
1116341,5515600,13.427336448211534
1116341,8550063,13.42344088303151
1116341,945367,13.415147888169558
1116341,7644631,13.353329393836844
1116341,4701608,13.353329393836844
1116341,4313597,13.335647030375986
1116341,8225770,13.334587248025755
1116341,3502693,13.262832042394198
1116341,4737972,13.254644124059435
1116341,2485517,13.254644124059435
1116341,5967738,13.238076509075379
1116341,6941572,13.197960968710474
1116341,7214105,13.195081801255162
1116341,7214111,13.195081801255162
1116341,7862243,13.1536621016531
1116341,8151113,13.149749572006392
1116341,2043220,13.149749572006392
1116341,8666680,13.126857754832788
1116341,7530100,13.124351211387673
1129237,128984,21.53028766908538
1129237,2697752,20.471168873420694
1129237,3905806,20.181049761232963
1129237,262492,20.14054851337393
1129237,7350325,19.760249693687875
1129237,998751,19.61509318518894
1129237,5906130,19.42242220695254
1129237,6343521,19.327603292287275
1129237,4233385,19.124368845402596
1129237,4233383,19.06599283354305
1129237,8633911,18.962705968983375
1129237,6080460,18.571971469724527
1129237,4915547,18.49852338020554
1129237,7688471,18.449033091256247
1129237,2955239,18.40890015605408
1129237,3649330,18.40890015605408
1129237,3858678,18.395944503614743
1129237,1721142,18.35912871494456
1129237,3826659,18.334583394520248
1129237,3683096,18.274900696762188
1129237,461835,18.263576132384134
1129237,7911557,18.235176907667615
1129237,8357400,18.139168633733636
1129237,1169301,18.092340478755915
1129237,3905057,18.0867685379578
1129237,5094333,17.952266410819604
1129237,6343520,17.91181479979505
1129237,6194648,17.892912457604908
1129237,7004451,17.883775409713824
1129237,6868144,17.872622226725973
1129237,4254813,17.84023797786241
1129237,7337950,17.73049558882886
1129237,5831781,17.705446657789476
1129237,7688465,17.68901288087588
1129237,6386977,17.678835968937832
1129237,2837792,17.608459873351954
1129237,6194643,17.475648060865616
1129237,302210,17.4488869437794
1129237,8588222,17.418704509638292
1129237,1770021,17.418704509638292
1129237,1357118,17.383373906730238
1129237,8513583,17.34035975615963
1129237,8682824,17.282692754033214
1129237,4569650,17.269009906630927
1129237,6166230,17.229628036019868
1129237,4233382,17.203467063669112
1129237,4162487,17.168131072195088
1129237,3572523,17.159711155520917
1129237,8588219,17.09055969890399
1129237,998747,17.050067514481512
1129237,3905803,17.04607985747879
1129237,3826651,17.020625336592452
1129237,4982587,16.939145354868717
1129237,1779228,16.849746311737732
1129237,8588227,16.835124204436493
1129237,3631834,16.834975620540185
1129237,7769727,16.75474592735939
1129237,7567619,16.64248312637372
1129237,305088,16.6337915058295
1129237,2384636,16.589531624436347
1129237,4425405,16.58759962531015
1129237,4254811,16.55754067075422
1129237,1421371,16.531760530060005
1129237,1200867,16.531760530060005
1129237,3153068,16.430568770507662
1129237,1549775,16.422545891703955
1129237,933855,16.422224200769097
1129237,2777625,16.422224200769097
1129237,1169297,16.422224200769097
1129237,5032115,16.422224200769097
1129237,4182658,16.421635730628033
1129237,4165266,16.411264177478895
1129237,2364443,16.386605835376365
1129237,8596871,16.342264619308875
1129237,3160920,16.30674163906699
1129237,4496820,16.289101549001533
1129237,6446504,16.289101549001533
1129237,1974039,16.245600468539728
1129237,7647790,16.222666901730154
1129237,3227129,16.179723380247825
1129237,3736617,16.158119793534297
1129237,827057,16.158119793534297
1129237,3900321,16.158119793534297
1129237,6585295,16.12545095028896
1129237,3826656,16.101935783792605
1129237,184208,16.096714904136004
1129237,7132886,16.093733077069288
1129237,1020793,16.05479248980924
1129237,1770025,16.02922770106659
1129237,128989,16.02922770106659
1129237,5138597,16.02922770106659
1129237,7050921,16.02922770106659
1129237,2118150,16.02922770106659
1129237,4569648,16.000153178942952
1129237,4982588,15.99529192623679
1129237,7874563,15.933379616082682
1129237,2176863,15.933379616082682
1129237,3826653,15.905538808873363
1129237,8712732,15.90237566009722
1129237,4261968,15.896720769404581
912070,3996436,14.366591209882028
912070,3996433,14.019353913587377
912070,3996430,13.711964011303573
912070,7946150,13.613602389776226
912070,3996438,13.592617678975767
912070,2303998,13.54216007253451
912070,6193959,13.181010215575022
912070,7946149,13.085181796106994
912070,4945453,12.960404315931267
912070,6826389,12.791636826722605
912070,7946151,12.735636023461613
912070,4504940,12.50127949258667
912070,4547349,12.237203509236895
912070,7241523,12.040021294524315
912070,2303995,11.989536407720289
912070,2303994,11.95723204445196
912070,6826391,11.883913962010123
912070,4929214,11.832288452001277
912070,3104938,11.761957231359995
912070,8162623,11.707642841463452
912070,4698025,11.65686569682051
912070,6146730,11.646804454474896
912070,5058699,11.560416094101488
912070,1657553,11.47122412227822
912070,904930,11.392422480968115
912070,494604,11.365172167524056
912070,4513576,11.351158164970483
912070,2005845,11.350768656181257
912070,2005848,11.268928458357069
912070,6230240,11.219572972628274
912070,3008576,11.194952506135753
912070,6860429,11.167207496406654
912070,2970197,11.144347032150671
912070,4929215,11.13023875769953
912070,904927,11.112821154588694
912070,1010400,11.054818891836216
912070,6228375,11.054818891836216
912070,3996432,11.035184509283825
912070,4513577,11.01657762257019
912070,6952469,11.01657762257019
912070,5561539,11.01657762257019
912070,4381802,10.888414062895574
912070,2446758,10.825486250228776
912070,6728098,10.813902940974813
912070,3946692,10.8092172535664
912070,6218121,10.771547923064182
912070,2303990,10.766435228964738
912070,7549664,10.715133689773307
912070,2446752,10.701867487560577
912070,4513575,10.701867487560577
912070,7611799,10.6552730681251
912070,796097,10.641149191000824
912070,1594671,10.607469091531595
912070,8769222,10.581140627043148
912070,3748009,10.581140627043148
912070,2827753,10.555591452617547
912070,391675,10.447722354795637
912070,3008572,10.442315393773155
912070,2942692,10.389944040780476
912070,7624566,10.347951825047087
912070,402293,10.347951825047087
912070,8352739,10.281018751190775
912070,3108369,10.257572951321624
912070,1202008,10.21953137306376
912070,6466248,10.193417541165722
912070,3838683,10.17036913926444
912070,1237852,10.17036913926444
912070,3628829,10.165695219868168
912070,2058204,10.158896792841395
912070,2816548,10.150499431359684
912070,4213888,10.12732089616333
912070,5202952,10.107296561301784
912070,4994593,10.107296561301784
912070,8719557,10.04230849758062
912070,5202947,10.02261860792343
912070,2303993,10.01741770129365
912070,590671,10.015943772883137
912070,7960803,9.959795092605763
912070,8416265,9.959795092605763
912070,6687745,9.939347713751912
912070,4594055,9.939347713751912
912070,1229925,9.918746954663558
912070,5162624,9.899207489438105
912070,5233537,9.87649475137611
912070,2285319,9.836726148076064
912070,4929216,9.835893371534139
912070,3226256,9.808896204495053
912070,8025387,9.776889112764723
912070,5058695,9.776363938472379
912070,5086902,9.776363938472379
912070,8249727,9.776363938472379
912070,3946691,9.758155496807412
912070,2303991,9.755683896920306
912070,2896588,9.755683896920306
912070,3838685,9.719779539254013
912070,3008575,9.713335648669695
912070,2953505,9.707952419811205
912070,1527397,9.697635207275614
912070,1057294,9.697635207275614
912070,460250,9.697635207275614
278813,7661107,37.030393988924025
278813,4688509,34.96997624684389
278813,4725529,33.56537738790486
278813,3583856,33.54001048814065
278813,8270761,33.13693788772403
278813,3583858,32.98488544974568
278813,4724474,31.65412767224941
278813,4725531,31.29330140068758
278813,3390550,29.826078592173964
278813,7477644,29.67935994970394
278813,2461039,29.517602171481926
278813,2461038,29.280249157383906
278813,5795741,29.195405313646326
278813,7315877,29.05499400872729
278813,6867405,28.26808052608412
278813,4555314,28.19954471408831
278813,4514035,27.922550063448586
278813,6333895,27.311576680198737
278813,3195751,27.06991549392439
278813,6265642,26.969358400588508
278813,3186464,26.94901552671671
278813,512553,26.938850450022777
278813,3650298,26.9008245276673
278813,5504499,26.791210524762583
278813,3650301,26.73185651243177
278813,4631489,26.628137648130252
278813,597817,26.597096486118023
278813,3008216,26.467101696772133
278813,5190917,26.457916047708146
278813,555226,26.40156110597649
278813,65660,26.37354015813554
278813,6333893,26.33319313960004
278813,7733350,26.288997745137138
278813,6333897,26.265615739431922
278813,5190918,26.191540142896002
278813,6392632,26.128708729683794
278813,6259708,26.071423967768656
278813,5588226,26.05174511871965
278813,4631486,26.04582197634877
278813,1593470,25.957857543435953
278813,5358273,25.946319590663457
278813,8470450,25.921793726840782
278813,4555317,25.91481350475005
278813,5967631,25.911410267998942
278813,7598768,25.911358480801525
278813,4361005,25.861845048875804
278813,4724470,25.80483808204661
278813,8359997,25.774254396889525
278813,7414971,25.703095276595228
278813,1435561,25.596295047046603
278813,4724472,25.53292077221075
278813,573851,25.52039016711728
278813,107217,25.503583380923143
278813,5853137,25.474024630808575
278813,7414968,25.471832910896236
278813,8358999,25.46970822497422
278813,3574105,25.385599605907192
278813,3574106,25.364546662425354
278813,1415033,25.242453222847995
278813,1325564,25.16461197978975
278813,636324,25.101002650049868
278813,1831712,25.07923201180232
278813,586524,25.058999262592245
278813,677989,25.045493673309615
278813,200786,25.0350137783741
278813,5588225,25.016537062317592
278813,5455364,24.987155935339104
278813,8412061,24.964193534427515
278813,200782,24.92919048291102
278813,1996877,24.917433512342463
278813,1330739,24.908550408819128
278813,7354996,24.871777635420884
278813,2401042,24.851953623786024
278813,2750247,24.816394969573253
278813,714845,24.786129765306647
278813,696238,24.775106403807406
278813,6837998,24.75631479395945
278813,6504583,24.750121258535174
278813,1266468,24.71133717094413
278813,277392,24.692114631167073
278813,8332334,24.64677231798441
278813,2914659,24.624260568465996
278813,2461664,24.619389970330346
278813,6877688,24.59961581029056
278813,1035926,24.543208448068274
278813,3768248,24.48355717003476
278813,3190138,24.47697216913422
278813,6798575,24.47203801796552
278813,7414969,24.470557618238086
278813,1275780,24.464642820736124
278813,3195749,24.435927582791212
278813,1828250,24.405138595829907
278813,5616686,24.382868496058677
278813,7315880,24.375660666784807
278813,7399981,24.290757668662586
278813,3186463,24.283921034983518
278813,1261660,24.27092238283862
278813,1549862,24.247456299019007
278813,7888355,24.246588557640678
278813,3408151,24.233810342056714
423273,8547995,21.42925974323305
423273,1752013,20.041627853829567
423273,3321491,19.770530225855676
423273,3321495,19.402274794414613
423273,1752016,19.27264114932121
423273,1831918,19.216208081329007
423273,6773967,18.861586286803508
423273,4224124,18.623981792143567
423273,6668015,18.606988029291973
423273,1831921,18.229396698224136
423273,4261306,18.01961544434186
423273,3638686,17.787299803097607
423273,6668014,17.752495125373343
423273,4859657,17.554434940712255
423273,1669258,17.524198979126293
423273,5022578,17.444112663203946
423273,8686805,17.444112663203946
423273,3076833,17.41656911531529
423273,6669168,17.41656911531529
423273,8153329,17.41110098767695
423273,6608581,17.358490874043127
423273,5113154,17.244484210966164
423273,6668023,17.159671169862897
423273,6135608,17.153611867825184
423273,8405380,16.993077360205923
423273,6171869,16.986899632152323
423273,1797267,16.972874458273488
423273,7919741,16.971745333023637
423273,5172597,16.956040537937838
423273,6171873,16.921733536634637
423273,8686800,16.921733536634637
423273,6998653,16.88891599905495
423273,1767950,16.887823571665745
423273,6552586,16.831548402662875
423273,4023105,16.818982311846927
423273,3550653,16.755052402672913
423273,8209330,16.614635676542445
423273,6561695,16.56536167870418
423273,1885011,16.517709493756335
423273,856289,16.459738304013726
423273,7409897,16.399669443875034
423273,3182366,16.32540842482038
423273,8237693,16.27017554461623
423273,3860561,16.24010332424774
423273,8237690,16.24010332424774
423273,3012012,16.12493090167633
423273,1797263,16.101678767930363
423273,6048606,16.09051319414109
423273,8237692,16.081612014756665
423273,2742806,16.068698175405878
423273,8237691,16.028763302864274
423273,2164393,16.02673306571523
423273,5986017,16.008836963201908
423273,6864847,15.97608372995207
423273,3860562,15.957886849608457
423273,6555388,15.924503100165186
423273,6080319,15.924248316884285
423273,1168065,15.884692517136056
423273,6171870,15.839967727355877
423273,4508401,15.817620463888675
423273,7780322,15.7923520785174
423273,245469,15.757724714240663
423273,245842,15.757724714240663
423273,963746,15.757724714240663
423273,7839351,15.70750371691539
423273,8237688,15.66573930218486
423273,856291,15.657167200696573
423273,6864843,15.650391883596
423273,6552581,15.63572252622954
423273,6669166,15.575285484243299
423273,845420,15.514368622541113
423273,1811021,15.501173141092053
423273,5711294,15.48327012013278
423273,5179611,15.471831317113711
423273,1040342,15.439924012210415
423273,8351401,15.439924012210415
423273,7202017,15.434911724182976
423273,7526393,15.434911724182976
423273,2294592,15.434911724182976
423273,5053695,15.434911724182976
423273,4093261,15.434911724182976
423273,4204394,15.434911724182976
423273,8189212,15.407545704031048
423273,2879041,15.39491916929461
423273,6864848,15.394826906900136
423273,151710,15.384844843786436
423273,2312923,15.356264556405478
423273,3392000,15.356264556405478
423273,2925680,15.356264556405478
423273,4661668,15.356264556405478
423273,3445593,15.356264556405478
423273,6998660,15.34786076394574
423273,6669165,15.33887110272454
423273,8370566,15.326168700490449
423273,1414628,15.324843798014502
423273,3638684,15.323802114214278
423273,6153455,15.321030763659834
423273,8237687,15.296563269131736
423273,7913543,15.278414804236158
423273,4429261,15.278414804236158
507445,7239635,20.21878964137477
507445,7239639,20.21878964137477
507445,138394,19.977394685973287
507445,7916112,19.796428941499258
507445,7476087,19.679034312987298
507445,4593698,19.64196327508208
507445,8651728,19.60799676889788
507445,5026308,19.255483269177986
507445,92322,19.21708673269753
507445,570034,19.07164787738843
507445,3775262,18.916276347436806
507445,1489507,18.731176136043864
507445,3740361,18.66949391951151
507445,6638740,18.602536288932168
507445,4288774,18.593240192673242
507445,4156462,18.463819190257574
507445,5889638,18.410851928715957
507445,8722482,18.38679566060658
507445,5428402,18.333903003636603
507445,3791249,18.31962133315396
507445,3990765,18.295263193085646
507445,1485181,18.236318635222077
507445,2186408,18.200058607414956
507445,1485183,18.1710243985834
507445,5181430,18.116890996185468
507445,2146150,18.088023457449502
507445,5279202,18.08197190523585
507445,6792878,18.047827868526703
507445,6100611,18.041021053697573
507445,5026305,17.921349092579078
507445,361584,17.871331741398816
507445,483963,17.863670827107036
507445,5039371,17.858312904213676
507445,6692438,17.8534757501134
507445,8490669,17.83533526261513
507445,1742018,17.692457490117878
507445,2317726,17.68282753494691
507445,7534190,17.673095673084013
507445,2795571,17.645005958602642
507445,483959,17.58401714412108
507445,5716524,17.556514318038683
507445,8249903,17.51776398488975
507445,6385844,17.494053304747915
507445,493308,17.475288905456704
507445,3526029,17.470725623376335
507445,6692439,17.46270453423883
507445,6471134,17.39966494494812
507445,7752849,17.267249188179218
507445,7687147,17.160326806406466
507445,8179645,17.06707471559172
507445,6180779,17.043842125781705
507445,6375674,17.038203399548802
507445,3964201,17.018360738603903
507445,5163460,17.011154806057643
507445,2386553,16.994755270051872
507445,3337955,16.962401011778233
507445,7422887,16.923149456235638
507445,4522784,16.91813902404532
507445,2067792,16.90908306598095
507445,8014463,16.862361013647817
507445,7053873,16.820575241357044
507445,7071761,16.79425252774652
507445,3287067,16.7891925283421
507445,7902109,16.782315503008242
507445,5695937,16.782315503008242
507445,2102078,16.782315503008242
507445,353892,16.72975199320893
507445,6952461,16.721593615898957
507445,4395305,16.703800917597608
507445,3251106,16.69955124596317
507445,92319,16.67147433321902
507445,1091561,16.652583691999354
507445,8697530,16.573918395578225
507445,2102395,16.563372212262742
507445,853808,16.525677431629624
507445,748768,16.5236704787365
507445,2695535,16.51838631678694
507445,2967368,16.50876922736069
507445,6828030,16.454344407888737
507445,1125832,16.45106047500474
507445,7794488,16.44523152459771
507445,1485187,16.365856268998957
507445,5507499,16.32838072950494
507445,2773003,16.27514983977966
507445,6212747,16.26950806692699
507445,867076,16.265348857752592
507445,8168822,16.25666357270004
507445,1325763,16.23301896401182
507445,6832896,16.22135495597523
507445,8669945,16.216163946808255
507445,1101462,16.18838513564919
507445,2479338,16.185129301230255
507445,1479754,16.178413745936453
507445,7752846,16.159919128149006
507445,8241757,16.15311209405089
507445,8054732,16.15311209405089
507445,4792166,16.144995606386914
507445,6952457,16.143688382365614
507445,6026981,16.138226474641197
507445,5790259,16.1375981442289
25129,113906,28.133230650612518
25129,7447696,27.747715507307998
25129,113912,26.67930992289897
25129,113908,25.52930058867265
25129,7447690,25.452632094096256
25129,5031195,24.49819316803319
25129,7447694,24.496474669509926
25129,7447689,24.223454285475356
25129,6535691,23.889785757635003
25129,4629941,23.751355028323573
25129,113905,23.537389037711183
25129,7263713,23.313184512519683
25129,7447687,23.306295666132474
25129,6463030,23.150668557777905
25129,113911,23.124754522253358
25129,4629950,23.121388294617645
25129,3229351,23.072905782391786
25129,1844560,22.860352710098255
25129,1353263,22.672660466374456
25129,2408165,22.6092236470419
25129,113910,22.576764473359887
25129,4882896,22.490722721058415
25129,4629946,22.4008803825772
25129,6842658,22.29890792520424
25129,7718878,22.19817187105597
25129,7750508,22.173736600412347
25129,6368230,21.84072789901675
25129,2607749,21.61770077111521
25129,113909,21.545714740380397
25129,5885963,21.485435237603593
25129,6394274,21.242456169220056
25129,3516517,21.114938762896664
25129,2258265,21.075030500888104
25129,99735,21.0009668420415
25129,4028080,20.509270777304124
25129,1312503,20.446147173214076
25129,6463025,20.354424261101688
25129,1572233,20.26627110077901
25129,538771,20.26627110077901
25129,1597097,20.26627110077901
25129,3622256,20.132044490681185
25129,2864832,20.10330865883158
25129,1376706,20.037688930918204
25129,3622254,20.001158647447095
25129,244155,19.94294609489034
25129,8758206,19.81622885559386
25129,6802138,19.744596048352566
25129,1376707,19.630099464754313
25129,5807758,19.62977564073656
25129,8139942,19.62977564073656
25129,6440972,19.62977564073656
25129,2113123,19.61999518785423
25129,113904,19.599398430880715
25129,5180770,19.504687470204324
25129,113913,19.500227904891524
25129,1137105,19.493419362782188
25129,1376701,19.47888981303745
25129,6343571,19.476850041281732
25129,4473623,19.476850041281732
25129,8149030,19.45083753428132
25129,8589436,19.439504171007336
25129,4882893,19.240135779786385
25129,4675558,19.240135779786385
25129,6595936,19.17803736867175
25129,5747217,19.14877211142615
25129,8816558,19.08683738755431
25129,4168348,19.032043132906765
25129,4006369,19.00674420579941
25129,4918661,18.91726350952543
25129,2298504,18.8882548878287
25129,7804354,18.8882548878287
25129,5640832,18.8882548878287
25129,8758207,18.848195812977178
25129,3253190,18.746623009169923
25129,5446855,18.650834870604307
25129,1742083,18.608815710211513
25129,1200403,18.607099349997533
25129,4507276,18.607099349997533
25129,2457947,18.599925892145226
25129,1376704,18.57751870730583
25129,5801963,18.57688060313935
25129,4227849,18.493835361844894
25129,663727,18.469637186143444
25129,8645074,18.469637186143444
25129,3671700,18.33419116403559
25129,3588663,18.18943759416884
25129,6557697,18.12856642531042
25129,1761183,18.11956952789584
25129,6622552,18.090182460774383
25129,612834,18.075198235872588
25129,2365027,18.069172686573317
25129,6394278,18.04774053541875
25129,5605793,18.03125227363206
25129,4675555,18.01770333550177
25129,2782366,17.986119324923283
25129,7069873,17.974222604153287
25129,4294767,17.91297976709052
25129,8816564,17.868062064150042
25129,8324415,17.81170665835487
25129,2042746,17.81082654442171
146187,8434623,33.5589078540988
146187,8434622,29.106365168748685
146187,8434619,28.096608296368416
146187,8434626,27.931119934411477
146187,744165,24.390581180678723
146187,8434618,23.7696308529196
146187,2226093,22.02032103769774
146187,8434624,21.625770498680676
146187,8434620,21.301452712695536
146187,4777144,20.53167801754467
146187,1028971,20.38527473863318
146187,7956019,19.849533620805783
146187,3963185,19.62663940434998
146187,315525,19.240265238026442
146187,8042971,19.23009160829071
146187,6430260,19.03524611040193
146187,8042967,18.920114693762063
146187,76348,18.512701631565907
146187,5548651,18.417810443878206
146187,4921740,18.329204330981142
146187,2087678,18.255728408234248
146187,8042974,18.170726164820202
146187,6241267,17.806356064991846
146187,8434625,17.787651921556886
146187,4921741,17.68091656400621
146187,8361899,17.50894878956781
146187,4216902,16.952837489802967
146187,6430258,16.687383141806983
146187,4216895,16.56472515847453
146187,3860555,16.52699189888834
146187,7096817,16.240914167345757
146187,8481818,16.026731775077955
146187,3963189,15.994198277849325
146187,8795488,15.592219713664699
146187,1841192,15.549081600652466
146187,8042972,15.399369519819286
146187,8795495,15.369410619273541
146187,1028969,15.288941174608464
146187,8795494,15.175384283489795
146187,7093332,15.141024151322682
146187,1246346,15.123616191558177
146187,5929430,15.060800528763616
146187,5590506,14.9456113059604
146187,1138801,14.713961474351489
146187,2257806,14.671691236273105
146187,1230566,14.442389984557721
146187,7836296,14.442389984557721
146187,7471713,14.410255898888007
146187,744167,14.390421773140421
146187,8795489,14.348322369573737
146187,5548652,14.310329104787156
146187,8795491,14.160845859877572
146187,1329681,14.0230908958455
146187,2040185,13.925817735205335
146187,1329682,13.814881408977179
146187,7093334,13.80538463442121
146187,7096823,13.80538463442121
146187,4216897,13.80538463442121
146187,4216901,13.80538463442121
146187,5332231,13.773070321905237
146187,6658185,13.575465149796454
146187,8361902,13.566043573944992
146187,6464518,13.484180592677944
146187,3963187,13.449458353381736
146187,7471714,13.42858076800991
146187,1056540,13.395534394091431
146187,2831960,13.36163920281589
146187,2509,13.334859902153223
146187,8664004,13.278417918838906
146187,7471719,13.271830186170249
146187,7405002,13.271238427203183
146187,2345126,13.230397956822904
146187,1190641,13.222197863491122
146187,5332230,13.19255308926007
146187,251613,13.128307854146286
146187,1738082,13.087465054815972
146187,5844996,13.002489964372772
146187,782051,12.999759733406703
146187,76349,12.978640895624164
146187,5954584,12.90197050755502
146187,7088847,12.877023089561927
146187,6601035,12.857530415791299
146187,8457606,12.812210849145776
146187,4214923,12.78996431482342
146187,5050456,12.760976081614785
146187,8478721,12.689139905851452
146187,1190640,12.686285669057394
146187,7782525,12.686285669057394
146187,2226094,12.686285669057394
146187,7782529,12.686285669057394
146187,7836297,12.686285669057394
146187,2831955,12.683598977531663
146187,7378834,12.614130212012174
146187,7307399,12.608000930439365
146187,76342,12.604437232744807
146187,6430259,12.584274397146952
146187,7096819,12.584274397146952
146187,7095976,12.504580779717287
146187,2226090,12.483890597548864
146187,2226091,12.483890597548864
634428,8437062,14.317107857149145
634428,70998,12.349440800607265
634428,240900,12.135337360849288
634428,8356959,11.765917922161943
634428,2889295,11.660710122619067
634428,2227418,11.655328203679646
634428,7845219,11.507196665585951
634428,266426,11.144670845360833
634428,5185668,11.113903371358305
634428,3846891,10.973620407655384
634428,1225115,10.809003801722591
634428,418917,10.700738347857756
634428,8356958,10.691677324925791
634428,70917,10.576870541714428
634428,8356960,10.576870541714428
634428,4754143,10.520386805320591
634428,7210652,10.51043445198859
634428,8356961,10.409210049551831
634428,3667381,10.354498205803257
634428,3667384,10.354498205803257
634428,4697789,10.354498205803257
634428,2398877,10.354498205803257
634428,8572982,10.329086730621109
634428,4796678,10.326781080830013
634428,1670955,10.246781994345973
634428,6470178,10.246781994345973
634428,266424,10.19375995594608
634428,4796685,10.141283818525883
634428,7067905,10.037935867568025
634428,5780485,10.01405263089642
634428,266428,9.987047787546263
634428,5082091,9.987047787546263
634428,4697786,9.936673067000642
634428,2276457,9.889578475372923
634428,7141348,9.886803976753637
634428,635322,9.886803976753637
634428,5082085,9.886803976753637
634428,5613055,9.837432942014313
634428,8734391,9.740155488928169
634428,209402,9.740155488928169
634428,2642511,9.601013253475609
634428,2642502,9.572975586724281
634428,5277688,9.551260220519877
634428,3442049,9.529634240089411
634428,8384772,9.511742156797313
634428,7158143,9.459533699357634
634428,4290378,9.43566344362146
634428,1479767,9.423101821560158
634428,5101469,9.399294703649415
634428,3224720,9.389000872076998
634428,4266425,9.376626588598874
634428,2656901,9.369552229787788
634428,8155586,9.369552229787788
634428,3458841,9.348740372864343
634428,4290381,9.327770336392952
634428,1761859,9.325200401104011
634428,8158441,9.274968331615609
634428,4266427,9.20598552418389
634428,3398832,9.19462897176606
634428,1413356,9.15332912778361
634428,1617402,9.151913947462786
634428,7888067,9.143445489137804
634428,3360030,9.072466512966468
634428,4393455,9.052438101677467
634428,5230973,9.050070206732672
634428,3234659,9.050070206732672
634428,7137907,9.047924230089128
634428,2417817,9.006801710438761
634428,2679103,9.006801710438761
634428,7067899,9.006801710438761
634428,2450062,9.006047272523073
634428,2080274,8.991878301447036
634428,7067902,8.925189979823866
634428,7611300,8.925189979823866
634428,7011279,8.909272210042559
634428,8534871,8.903732227680681
634428,1135187,8.87471410416692
634428,2642503,8.871291524850665
634428,266430,8.863671368708127
634428,7279713,8.849620760525646
634428,4266426,8.849024615112477
634428,8299942,8.829885045855427
634428,1479768,8.823314641058596
634428,4266423,8.817350025273111
634428,5388493,8.808112382854794
634428,4028877,8.807639923416604
634428,7009487,8.793970159930373
634428,4975982,8.766406504929598
634428,2889292,8.764663697952843
634428,8056903,8.763484245506959
634428,7481764,8.739015100037015
634428,783393,8.711794335650312
634428,589045,8.711794335650312
634428,772026,8.711794335650312
634428,894965,8.698074660225798
634428,1704990,8.684742622159629
634428,2642504,8.676487908507214
634428,1639666,8.676487908507214
634428,2276453,8.639081095999716
634428,4050922,8.635297841824123
1121986,8046992,25.27151455076438
1121986,1373204,25.05183617421597
1121986,5384054,24.96618335356482
1121986,8280559,24.78986324277499
1121986,8258784,24.66092072436501
1121986,2899538,24.380143223976667
1121986,8258792,24.25520972056033
1121986,2899536,24.055141493955947
1121986,496432,24.02281349375787
1121986,1112072,23.917173255665
1121986,6396586,23.895468386554285
1121986,5398677,23.630867238686214
1121986,2933338,23.62156926191015
1121986,975361,23.62156926191015
1121986,5572061,23.451134316644854
1121986,5808104,23.341435500620225
1121986,7080576,23.32629216654212
1121986,3247905,23.303782840995126
1121986,2249663,23.278745571488102
1121986,4259326,23.024508674219753
1121986,6122752,22.953845657998766
1121986,6105589,22.715197527263715
1121986,7501404,22.54450711392562
1121986,2899542,22.487646502789367
1121986,7112301,22.48277849626207
1121986,8258793,22.450351673669758
1121986,2135501,22.421021956426237
1121986,5219027,22.310673713339707
1121986,1557392,22.296860791699224
1121986,7274963,22.229178522544345
1121986,8622616,22.17216011544349
1121986,200306,21.961337322614412
1121986,4583465,21.88396933977554
1121986,5841259,21.849264526257855
1121986,78270,21.795227440817122
1121986,6731836,21.717136963337207
1121986,759445,21.685385457096743
1121986,3102753,21.675870809069217
1121986,3062813,21.656115995073257
1121986,615266,21.561136893936407
1121986,5614246,21.557855416622182
1121986,6477020,21.557855416622182
1121986,7507011,21.519349099911295
1121986,1120687,21.49039148978242
1121986,77664,21.469499717325903
1121986,5760960,21.314108490000983
1121986,127838,21.28082038338301
1121986,6735012,21.27675265698367
1121986,8657656,21.232593967277058
1121986,8815644,21.214072103207087
1121986,7593013,21.20669020828432
1121986,3556645,21.2048218884489
1121986,7863170,21.16842916799998
1121986,6735011,21.167927911634088
1121986,6735015,21.157544477391728
1121986,1235668,21.097905058155384
1121986,1755032,21.07151507147798
1121986,2978982,21.05963121068338
1121986,6053,21.001641551018242
1121986,2999246,20.94575465393094
1121986,7676500,20.915846279243993
1121986,246008,20.851983476258457
1121986,4765529,20.833638452466502
1121986,21006,20.786505317490082
1121986,2421256,20.75870622075867
1121986,975367,20.753975582329367
1121986,3282266,20.72395908525279
1121986,919117,20.651703462365234
1121986,919118,20.64675226789799
1121986,1118580,20.63929557195841
1121986,3610625,20.626272953361386
1121986,5769276,20.623491058741248
1121986,2945492,20.61430349713288
1121986,4262120,20.603452548609695
1121986,2343407,20.59321876025827
1121986,180003,20.58792951210857
1121986,2249662,20.536163219380235
1121986,8808754,20.53446413980336
1121986,1272161,20.526557640844995
1121986,3491994,20.48697146533062
1121986,5164714,20.48432907634598
1121986,6735010,20.475518848270788
1121986,4153589,20.46367868679855
1121986,1346242,20.45159231028159
1121986,7577743,20.427351673229953
1121986,1064152,20.417089019025678
1121986,786532,20.412494815170646
1121986,1272159,20.390839760014813
1121986,7181739,20.385964439339773
1121986,5266484,20.372651921168035
1121986,644926,20.369489477540828
1121986,5186612,20.36203056487217
1121986,6401580,20.356699402430618
1121986,7697333,20.349500054411536
1121986,7613112,20.34500866402918
1121986,6122751,20.340327180572785
1121986,6735006,20.252383859023695
1121986,1118581,20.23617575691872
1121986,564965,20.2276338022051
1121986,5816552,20.211381278031997
321441,5493499,27.130242797456088
321441,4527586,25.156651167617134
321441,2224959,25.00620530396402
321441,8652411,23.564929856550336
321441,4527588,22.160506666060858
321441,512872,22.147427885906623
321441,7780747,21.605117449269553
321441,5274487,21.456552082703144
321441,7766897,20.315143171334146
321441,3090956,20.24901398351196
321441,1812033,19.965611068328016
321441,696452,19.924647011286872
321441,5682948,19.922813479072392
321441,2164043,19.774472550304168
321441,6109903,19.587805539879355
321441,3456698,19.412221707494062
321441,1343173,19.318630371025314
321441,5531006,19.12676106462058
321441,6795320,18.913514775574942
321441,5531007,18.81337106041997
321441,799954,18.793718520669554
321441,4370533,18.754571133995746
321441,3866559,18.747634893853323
321441,1290438,18.721161556185425
321441,1129677,18.59239876142938
321441,159775,18.50533806275607
321441,799957,18.45023400296753
321441,1657889,18.314123792474188
321441,1129676,18.24803442138128
321441,4798143,18.23106924828292
321441,3515498,18.135031118029936
321441,649250,18.135031118029936
321441,5682947,18.12068852106834
321441,7551652,18.091460198765137
321441,2034685,18.089056228789573
321441,3252460,18.08287184940103
321441,1955079,17.89060673543221
321441,7397907,17.78566649152662
321441,1634605,17.770210778108318
321441,7780744,17.73804557979158
321441,7766899,17.6962953765357
321441,6877053,17.670797712331208
321441,5993010,17.562298958757435
321441,491332,17.323942865365716
321441,5113698,17.276254204881898
321441,1434499,17.264131860646227
321441,1657887,17.22734846010859
321441,6614492,17.03547983400789
321441,1129674,16.884790216701003
321441,6802111,16.851380028086638
321441,8618950,16.791917466850308
321441,1434502,16.72609453063161
321441,7067165,16.6655380590466
321441,7532608,16.6580217626635
321441,8596268,16.64967743379655
321441,3271274,16.63976391922398
321441,7594073,16.598422097524026
321441,4118616,16.510167534361862
321441,5569106,16.500152781003003
321441,3262373,16.470314900782007
321441,2979998,16.461319602821117
321441,7477567,16.407977717167242
321441,3206185,16.398177258297114
321441,771376,16.373759409474946
321441,5280597,16.35076822415115
321441,6609741,16.26998878643817
321441,7070886,16.25075747528605
321441,7532610,16.152499260188083
321441,3778202,16.120866617698
321441,1325890,16.03993577225748
321441,4500961,16.031843328157684
321441,7594076,16.00435789700562
321441,2224961,15.96927738511484
321441,6888161,15.966908271858276
321441,5558085,15.946748537898864
321441,398239,15.923583567362714
321441,6122757,15.923572665570248
321441,7918792,15.880356482498748
321441,3082670,15.876293789672976
321441,6441722,15.856006785321089
321441,6614496,15.853548615602076
321441,4593076,15.804880803576022
321441,2004279,15.792375815507288
321441,47176,15.752738397179904
321441,361432,15.69462261826617
321441,7999362,15.659763993472243
321441,4608700,15.564809429948296
321441,7088169,15.54076409447099
321441,5334015,15.502917532662822
321441,6495443,15.465904120127178
321441,1290439,15.44918185367579
321441,6614491,15.446247140066133
321441,1217615,15.444731009441838
321441,5813709,15.387890953210185
321441,6441717,15.378523573132988
321441,642676,15.348274937761138
321441,3900506,15.346647725448076
321441,8652415,15.315178404433329
321441,1099044,15.315178404433329
321441,7354317,15.308383116564674
532603,8522774,26.447139596582975
532603,8522777,24.07609440514478
532603,8522780,19.02690157139865
532603,8522781,16.905075150905155
532603,8522775,16.0431004983407
532603,4866634,15.258557423526089
532603,4928242,15.09043610151808
532603,8522782,15.006739863039293
532603,197568,14.865097263417677
532603,7498066,14.808392432847157
532603,1745529,14.808392432847157
532603,5188836,14.808392432847157
532603,4966880,14.808392432847157
532603,7117928,14.808392432847157
532603,202800,14.808392432847157
532603,4269572,14.808392432847157
532603,9277,14.808392432847157
532603,4256468,14.781062031593798
532603,1634377,14.752118574057365
532603,3265679,14.752118574057365
532603,7634967,14.752118574057365
532603,2759656,14.752118574057365
532603,5225941,14.752118574057365
532603,3023112,14.752118574057365
532603,7842046,14.752118574057365
532603,6229682,14.752118574057365
532603,815907,14.752118574057365
532603,3229491,14.696270792398526
532603,2965422,14.696270792398526
532603,3036114,14.696270792398526
532603,7844483,14.696270792398526
532603,1741361,14.696270792398526
532603,2773390,14.696270792398526
532603,5394797,14.696270792398526
532603,7007994,14.696270792398526
532603,434198,14.696270792398526
532603,1088241,14.696270792398526
532603,3337021,14.696270792398526
532603,6912333,14.696270792398526
532603,914328,14.696270792398526
532603,4006977,14.696270792398526
532603,4086978,14.696270792398526
532603,6045622,14.649878483076623
532603,3459265,14.649529168833126
532603,5983206,14.649529168833126
532603,8384140,14.640844267060952
532603,7986673,14.640844267060952
532603,1255783,14.640844267060952
532603,4137109,14.640844267060952
532603,5897686,14.640844267060952
532603,4888071,14.640844267060952
532603,3164875,14.640844267060952
532603,3722771,14.640844267060952
532603,8383299,14.640844267060952
532603,7587599,14.585834249687831
532603,143351,14.585834249687831
532603,6839380,14.585834249687831
532603,729442,14.585834249687831
532603,4117386,14.585834249687831
532603,1177908,14.585834249687831
532603,6038187,14.584232885231806
532603,2384619,14.531236063019175
532603,1444367,14.531236063019175
532603,4735488,14.531236063019175
532603,4502367,14.531236063019175
532603,2574449,14.531236063019175
532603,261742,14.531236063019175
532603,4234437,14.531236063019175
532603,2718044,14.477045099566165
532603,3724814,14.477045099566165
532603,4458763,14.477045099566165
532603,6766615,14.437683177363233
532603,7059952,14.423256820314936
532603,8416388,14.390853158185383
532603,3349296,14.327551731722888
532603,766960,14.298262849313385
532603,5384676,14.291850067010547
532603,8365865,14.20263922060905
532603,6077147,14.141012851806753
532603,1255780,14.122388843446807
532603,256183,14.101920875530013
532603,4089096,14.101920875530013
532603,4545772,14.101920875530013
532603,5974946,14.079929785121674
532603,4126831,14.079929785121674
532603,3898432,14.079929785121674
532603,3938239,14.079929785121674
532603,5401058,14.079929785121674
532603,3629379,14.079929785121674
532603,5075016,14.079929785121674
532603,2431953,14.079929785121674
532603,811133,14.079929785121674
532603,8206120,14.079929785121674
532603,4157685,14.079929785121674
532603,591159,14.079929785121674
532603,2226883,14.045743013851855
532603,4155440,14.045743013851855
532603,466348,14.037690083620681
532603,7120067,14.037690083620681
532603,8061627,14.019382724163613
